product_id	product_name	product_class	category_hierarchy
12963	aneeqah the mughal aakar hand-painted dinner fork	Flatware & Silverware Single Pieces	Kitchen & Tabletop / Tableware & Drinkware / Flatware & Cutlery / Flatware Single Pieces
33642	sunbeam aluminum propane/natural gas fire pit table	Outdoor Fireplaces	Outdoor / Outdoor Heating / Fire Pits / Natural Gas Fire Pits
35913	bus car bike mobile	Mobiles	Baby & Kids / Baby & Kids Décor & Lighting / Baby Mobiles / Boy+ Baby Mobiles
275	hand-knotted wool/silk teal/plum area rug	Area Rugs	Rugs / Area Rugs / 8' x 10' Area Rugs
24903	5 ft. w x 3 ft. d solid wood horizontal garbage shed	Deck Boxes|Sheds	Storage & Organization / Garage & Outdoor Storage & Organization / Sheds / Garbage Sheds
13601	hello sayang hello polly credenza	Sideboards & Buffets	Furniture / Kitchen & Dining Furniture / Sideboards & Buffets / Open Storage Equipped Sideboards & Buffets
39592	benn 62 '' velvet recessed arm loveseat	Reception Sofas & Loveseats|Sofas	Furniture / Living Room Furniture / Sofas
31944	royal gourmet 4-burner flat top propane gas grill with griddle	Gas Grills	Outdoor / Outdoor Cooking & Tableware / Grills & Outdoor Cooking / Gas Grills
15123	canyon ridge stacked faux stone polyurethane wall paneling	Wall Paneling	Home Improvement / Flooring, Walls & Ceiling / Walls & Ceilings / Wall Paneling
36439	deluxe bathroom tissue roll storage free standing toilet paper holder	Toilet Paper Holders	Home Improvement / Bathroom Remodel & Bathroom Fixtures / Toilets & Bidets / Toilet Paper Holders / Free Standing Toilet Paper Holders
5605	zen closet dry wet clothes amphibious light weight abs hangers with non-slip shoulder design , steel swivel hooks , value pack - set of 120 , green	Hangers	Storage & Organization / Closet Storage & Organization / Hangers
16119	owls nameplates	Teacher Resources	Learning Resources
32744	monterey water resistant 11 piece patio sofa cover set	Furniture Covers	Storage & Organization / Garage & Outdoor Storage & Organization / Outdoor Covers / Patio Furniture Covers / Chair Patio Furniture Covers
12253	sydney kitchen cart with butcher block top		Furniture / Kitchen & Dining Furniture / Kitchen Islands & Carts / Kitchen Carts Kitchen Islands & Carts
3044	ayesha curry stainless steel 2-piece non-stick skillet set	Skillets & Fry Pans	Kitchen & Tabletop / Cookware & Bakeware / Pots, Pans & Skillets / Frying Pans & Skillets / Dishwasher Safe Frying Pans & Skillets
34910	christmas tree storage bag	Holiday Decor Storage	Holiday Décor / Christmas / Christmas Storage
4137	natazhat bohemian bedroom decor boho wall decal	Wall Stickers	Décor & Pillows / Wall Décor / Wall Decals
26075	mitzi 5 piece pub table set	Dining Table Sets	Furniture / Kitchen & Dining Furniture / Dining Tables & Seating / Kitchen & Dining Room Sets / 5 Piece Kitchen & Dining Room Sets
12208	ambesonne ships wheel tapestry , nautical patchwork pattern rope starfish sailing ship anchor and helm , fabric wall hanging decor for bedroom living room dorm , 28 '' x 23 '' , turquoise navy	Tapestries and Wall Hangings	Décor & Pillows / Wall Décor / Tapestries / Blue Tapestries
34736	8 piece dinosaur standup set	Life Size Cutouts	Furniture / Game Tables & Game Room Furniture / Sports Team Fan Shop & Memorabillia / Life Size Cutouts / Dinosaurs Life Size Cutouts
32540	arendale gold rim 12 piece dinnerware set , service for 4	Dinnerware Sets & Place Settings	Kitchen & Tabletop / Tableware & Drinkware / Dinnerware / Dinnerware Sets / Porcelain Dinnerware Sets
7462	8 3/4 '' center finger pull multipack	Cabinet and Drawer Pulls	Home Improvement / Hardware / Cabinet Hardware / Cabinet & Drawer Pulls / Silver Cabinet & Drawer Pulls
25020	rowan valley arden changing table topper	Changing Table Toppers	Baby & Kids / Nursery Furniture / Changing Table Toppers
24829	modern bohemian butter dish	Serving Dishes & Platters	Kitchen & Tabletop / Tableware & Drinkware / Serveware / Condiment & Snack Serveware / Butter Dishes
24417	half round concrete free standing umbrella base	Patio Umbrella Stands & Bases	Outdoor / Outdoor Shades / Outdoor Umbrellas / Patio Umbrella Stands & Bases / Concrete Patio Umbrella Stands & Bases
30064	pool lounge , floating pong table with social floating	Beer Pong	Furniture / Game Tables & Game Room Furniture / Beer Pong Tables & Accessories
26630	glass bell lamp shade ( screw on )	Lighting Shades	Lighting / Light Bulbs & Hardware / Light Shades / Beige Light Shades
10122	cassidy™ towel hook	Towel & Robe Hooks	Home Improvement / Bathroom Remodel & Bathroom Fixtures / Towel Storage / Towel & Robe Hooks / Nickel Towel & Robe Hooks
6203	black fixed desktop mount holds up to 110 lbs	TV Mounts	Furniture / Living Room Furniture / TV Stands & Media Storage Furniture / TV Mounts / Desktop Mount TV Mounts
22273	purist wall mounted towel ring	Towel Rings	Home Improvement / Bathroom Remodel & Bathroom Fixtures / Towel Storage / Towel Rings / Open Towel Rings
28738	heavy duty shelving	Greenhouse Accessories	Outdoor / Garden / Greenhouse Supplies
33909	spode christmas tree bake loaf pan	Bread & Loaf Pans	Kitchen & Tabletop / Cookware & Bakeware / Baking Sheets & Pans / Bread & Loaf Pans / Ceramic Bread & Loaf Pans
38974	indoor/outdoor spun polyester chaise lounge cushion	Furniture Cushions	Outdoor / Outdoor Décor / Outdoor Pillows & Cushions / Patio Furniture Cushions / Chaise Lounge Patio Furniture Cushions
18399	storage cabinet	Lockers	School Furniture and Supplies / School Furniture / School Storage / Lockers / All Lockers
24767	low pile carpet beveled edge chair mat	Chairmats	Furniture / Office Furniture / Chair Mats / Low Pile Carpet Chair Mats
19335	pleasures of wine personalized bar sign wall décor	Wall Décor	Décor & Pillows / Wall Décor / Wall Accents / Red Wall Accents
11337	anti-fatigue standing comfort footrest	Ergonomic Accessories	Ergonomic Accessories
28774	muslin baby sleeping bag	Baby Blankets	Baby & Kids / Nursery Bedding / Baby Blankets & Quilts
13663	cc3 grill cover - fits up to 34 ''	Covers & Carry Bags	Storage & Organization / Garage & Outdoor Storage & Organization / Outdoor Covers / Grill Covers / Gas Grill Grill Covers
34754	aloha pineapple cotton sham	Bedding Accessories	Bed & Bath / Bedding / Pillow Shams & Euro Shams / Sham Pillow Shams & Euro Shams
21391	wooden lift-top kids piece activity table and chair set	Kids Tables and Sets	Baby & Kids / Toddler & Kids Playroom / Playroom Furniture / Toddler & Kids Table & Chair Sets / Rectangle Toddler & Kids Table & Chair Sets
29433	camron l-shape executive desk	Desks	Furniture / Office Furniture / Desks / Executive Desks
17553	tallinn 34 '' wide polyester lounge chair	Accent Chairs	Furniture / Living Room Furniture / Chairs & Seating / Accent Chairs / Lounge Accent Chairs
29027	fashion and glam gold shoe and fashion books shoes - graphic art print	Licensed Products|Wall Art	Décor & Pillows / Art / All Wall Art / Pink Wall Art
23382	mission style decorative fixed 3 '' center to center drop handle	Cabinet and Drawer Pulls	Home Improvement / Hardware / Cabinet Hardware / Cabinet & Drawer Pulls / Pewter Cabinet & Drawer Pulls
3889	ayesha curry porcelain 9.75 '' non-stick skillet set	Skillets & Fry Pans	Kitchen & Tabletop / Cookware & Bakeware / Pots, Pans & Skillets / Frying Pans & Skillets / Enameled Frying Pans & Skillets
29469	lihua 1-light bath sconce	Vanity Lighting	Sale / Closeout / Bathroom Vanity Lighting / Traditional Bathroom Vanity Lighting
34732	great report card value pack ribbon	Teacher Resources	Learning Resources
10123	cassidy standard lever	Commercial Plumbing Parts & Accessories	Contractor / Commercial Contractor / Commercial Plumbing Parts & Accessories
39631	glass panel door audio cabinet	Audio Towers	Furniture / Living Room Furniture / TV Stands & Media Storage Furniture / Media Storage & Accessories / Audio Racks & Stands / Clear Glass Audio Racks & Stands
3914	ayesha pantryware parawood spice grinder	Salt And Pepper Shakers / Grinders (Mills)	Kitchen & Tabletop / Tableware & Drinkware / Serveware / Salt & Pepper Shakers & Mills
34068	adamson geometric maze reversible duvet cover set	Teen Bedding|Bedding Sets	Baby & Kids / Teen Bedding / All Teen Bedding
40187	folkes 1-light wall sconce	Wall Sconces	Sale / Closeout / Wall Lights / Wall Sconces
21921	mediterranean 4 '' x 4 '' ceramic gibraltar decorative accent tile in blue/yellow	Accent Tiles	Home Improvement / Flooring, Walls & Ceiling / Walls & Ceilings / Accent Tiles / Ceramic Accent Tiles
7453	3d ep.7 star wars kylo ren deco 4-light night light	Night Lights|Licensed Products	Lighting / Wall Lights / Night Lights
16010	foldable double laundry hamper	Hampers & Baskets	Storage & Organization / Bathroom Storage & Organization / Hampers & Laundry Baskets
23612	allisa right facing sectional sofa . grey .	Sectionals	Furniture / Living Room Furniture / Sectionals
38568	grapefruit certified essential oil	Scents & Diffusers	Décor & Pillows / Candles & Holders / Scented Oils & Diffusers
7847	open leg riser	Mailroom Tables	Commercial Business Furniture / Commercial Office Furniture / Office Storage & Filing / Mailroom Tables & Organizers
38785	59 '' x 28 '' freestanding soaking acrylic bathtub	Tubs And Whirlpools	Home Improvement / Bathroom Remodel & Bathroom Fixtures / Showers & Bathtubs / Bathtubs / Slipper Tub Bathtubs
23615	random sized wood mosaic tile in gray	Floor & Wall Tile	Home Improvement / Flooring, Walls & Ceiling / Floor Tiles & Wall Tiles / Wood Floor Tiles & Wall Tiles
23754	suzann multi-purpose 4 piece pub table set	Dining Table Sets	Furniture / Kitchen & Dining Furniture / Dining Tables & Seating / Kitchen & Dining Room Sets
33973	handle 5 '' center to center arch pull	Cabinet and Drawer Pulls	Home Improvement / Hardware / Cabinet Hardware / Cabinet & Drawer Pulls / Copper Cabinet & Drawer Pulls
9418	15 '' h x 20 '' w silk/shantung bell lamp shade ( screw on )	Lighting Shades	Lighting / Light Bulbs & Hardware / Light Shades / Ivory & Cream Light Shades
38770	montecito patio daybed with cushions	Patio Sofas	Outdoor / Outdoor & Patio Furniture / Outdoor Seating & Patio Chairs / Patio Seating / Patio Sofas & Sectionals / Daybed Patio Sofas & Sectionals
11069	aloe and succulents desktop foliage plant in pot	Faux Plants and Trees	Décor & Pillows / Flowers & Plants / Faux Plants
7408	seat cushion	Furniture Cushions	Kitchen & Tabletop / Tableware & Drinkware / Table & Kitchen Linens / Kitchen Linens / Chair & Seat Cushions / Dining Chair Chair & Seat Cushions
4611	elaina alter 2 door accent cabinet	Accent Chests / Cabinets	Furniture / Living Room Furniture / Cabinets & Chests / Black Cabinets & Chests
3891	ayesha home collection hard-anodized nonstick saucepan with lid , 2-quart	Saucepans And Sauciers	Kitchen & Tabletop / Cookware & Bakeware / Pots, Pans & Skillets / Sauce Pans / 0 - 2 Quart Sauce Pans
7133	folding wood luggage rack	Luggage Racks	Accommodations / Guest Room Amenities / Luggage Racks / Folding Luggage Racks
3026	ayesha curry enamel on steel 22 oz . food storage container	Food Storage & Dispensers	Kitchen & Tabletop / Kitchen Organization / Food Storage & Canisters / Food Storage Containers / Containers Food Storage Containers
18118	twig branch	Faux Plants and Trees	Faux Plants and Trees
17058	shaker 2 drawer nightstand	Nightstands	Furniture / Bedroom Furniture / Nightstands / Brown Nightstands
14587	46 bottle single zone freestanding wine refrigerator	Wine Refrigerators	Kitchen & Tabletop / Small Kitchen Appliances / Beverage Coolers & Appliances / Wine Refrigerators
24858	naglee polyester mattress pad	Mattress Toppers and Pads	Bed & Bath / Bedding Essentials / Mattress Pads & Toppers
18702	aaliyah-rose	Sideboards & Buffets	Furniture / Kitchen & Dining Furniture / Sideboards & Buffets
24107	3 piece love is sweet server with forks wedding cake knife alternative set	Wedding	Holiday Décor / Wedding / Gold Wedding
19705	36 '' 1065 cfm ducted wall mount range hood	Range Hoods	Appliances / Kitchen Appliances / Range Hoods / All Range Hoods
41705	west branch 19.29 '' tufted rectangle standard ottoman	Ottomans	Furniture / Living Room Furniture / Ottomans & Poufs
2207	flamingo magnet wall décor	Wall Décor	Sale / Closeout / Wall Accents / Blue Wall Accents
3024	ayesha collection cast iron dutch oven with lid , 6-quart	Dutch Ovens & Braisers	Kitchen & Tabletop / Cookware & Bakeware / Pots, Pans & Skillets / Dutch Ovens & Braisers / NA Dutch Ovens & Braisers
4555	the new standard 102 '' wide corner sectional	Sectionals	Furniture / Living Room Furniture / Sectionals / Stationary Sectionals
22171	gilford 30 '' x 22 '' x 9-1/2 '' wall-mount/top-mount single-bowl kitchen sink	Kitchen Sinks	Home Improvement / Kitchen Remodel & Kitchen Fixtures / Kitchen Sinks & Faucet Components / Kitchen Sinks
26669	honey bee signature napkin holder	Napkin Holders & Paper Towel Holders	Kitchen & Tabletop / Kitchen Organization / Countertop & Sink Organization / Paper Towel & Napkin Holders / Metal Paper Towel & Napkin Holders
28831	pineapple lighted art glass novelty light	Novelty Lighting	Lighting / Novelty Lights / Lighted Art Glass
30050	the crestwood fireplace shelf mantel	Mantels	Home Improvement / Heating, Cooling & Air Quality / Heating / Fireplace Mantels & Accessories / Fireplace Mantels / White Fireplace Mantels
18114	lounge outdoor seat cushion	Furniture Cushions	Outdoor / Outdoor Décor / Outdoor Pillows & Cushions / Patio Furniture Cushions / Lounge Chair Patio Furniture Cushions
12071	2 piece stripe like horizontal lines minimalist 70s 80s inspired design kitchen curtain	Valances & Kitchen Curtains	Décor & Pillows / Window Treatments / Valances & Kitchen Curtains / Kitchen Valances & Kitchen Curtains
2544	ricka 44 '' wide tufted club chair	Accent Chairs	Furniture / Living Room Furniture / Chairs & Seating / Accent Chairs / Club Accent Chairs
37031	locking key cabinet , 36-key , brushed aluminum , 11 3/4 x 4 5/8 x 11	Safes	Storage & Organization / Storage Furniture / Safes / Key Safes
15163	picture frame	Picture Frames	Décor & Pillows / Picture Frames & Albums / All Picture Frames / Single Picture Picture Frames
18570	correia 3 piece stainless steel strainer set	Strainers, Colanders, & Salad Spinners	Kitchen & Tabletop / Kitchen Utensils & Tools / Colanders, Strainers, & Salad Spinners
12033	humor forever alone rage comic face guy funny fat ugly troll illustration sheet set	Sheets And Sheet Sets	Bed & Bath / Bedding / Sheets & Pillowcases / Full & Double Sheets & Pillowcases
33148	joyrides peacock rocker	Rocking Horses	Baby & Kids / Toddler & Kids Playroom / Indoor Play / Rocking Horses / Novelty Rocking Horses
14074	canadian provinces - wrapped canvas graphic art print	Wall Art	Décor & Pillows / Art / All Wall Art / Green Wall Art
39242	wolf gourmet wgcu100s 7 piece cutlery set	Knife Sets	Kitchen & Tabletop / Kitchen Utensils & Tools / Knives & Accessories / Knife Sets / Block Knife Sets
12378	dakota 2 stackable chair with cushion	Stackable Chairs	School Furniture and Supplies / School Furniture / School Chairs & Seating / Stackable Chairs / Black Stackable Chairs
4778	modrest coffee table	Coffee & Cocktail Tables	Furniture / Living Room Furniture / Coffee Tables & End Tables / Coffee Tables / Round Coffee Tables
14493	rosalez bubble metal chair stand	Hammock Stands and Accessories	Outdoor / Outdoor & Patio Furniture / Outdoor Seating & Patio Chairs / Hammock Stands & Accessories
26843	henman chair	Stackable Chairs	School Furniture and Supplies / School Furniture / School Chairs & Seating / Stackable Chairs
13182	that sunflower from the sunflower state by olena art tapestry	Tapestries and Wall Hangings	Décor & Pillows / Wall Décor / Tapestries / Black Tapestries
13192	lipped linear medium pile carpet straight edge chair mat	Chairmats	Furniture / Office Furniture / Chair Mats / Medium Pile Carpet Chair Mats
38068	wilber leather storage bench	Benches|Shoe Storage	Furniture / Living Room Furniture / Chairs & Seating / Benches / Metal Benches
37172	46 '' led shop light	Commercial Ceiling Lighting	Contractor / Commercial Contractor / Commercial Lighting / Commercial Ceiling Lighting
6027	80 qt . cooler	Coolers	Outdoor / Outdoor Cooking & Tableware / Outdoor Serving & Tableware / Coolers, Baskets & Tubs / Coolers / Patio Coolers
42113	oxford 1 3/8 '' diameter mushroom knob	Cabinet and Drawer Knobs	Home Improvement / Hardware / Cabinet Hardware / Cabinet & Drawer Knobs
38757	single face shelf standard bookcase	Bookcases	Furniture / Living Room Furniture / Bookcases / 3 Shelf Bookcases
3256	weathered ceiling fan blade		Lighting / Ceiling Fans / All Ceiling Fan Hardware & Accessories
28181	outdoor kitchen 6-piece free standing cabinet set in slate gray	Outdoor Sinks & Bar Centers	Outdoor / Outdoor Cooking & Tableware / Outdoor Kitchens / All Outdoor Kitchen Components / Free Standing Outdoor Kitchen Components
2249	clarissa handcrafted 2 panel free standing ez pet gate	Pet Gates	Pet / Dog / Pet Gates, Fences & Doors / Pet Gates / Indoor Living Areas Pet Gates
30491	eco friendly memory foam mattress pad	Dog Beds & Mats	Pet / Dog / Dog Beds / All Dog Beds / Small Dog Beds
26526	gouverneur glaze 8.5 '' melamine salad plate	Plates & Saucers	Kitchen & Tabletop / Tableware & Drinkware / Dinnerware / Plates / Green Plates
3897	ayesha curry 10 piece non stick copper bakeware set	Bakeware Sets|Food Storage & Dispensers	Kitchen & Tabletop / Cookware & Bakeware / Bakeware Sets / Steel Bakeware Sets
15040	jared water resistant patio chair cover	Furniture Covers	Storage & Organization / Garage & Outdoor Storage & Organization / Outdoor Covers / Patio Furniture Covers / Chair Patio Furniture Covers
22399	keypad digital steel safe with dual-lock	Safes	Storage & Organization / Storage Furniture / Safes / Dual-Lock Safes
33581	one eyed pirate floating duck toy	Hot Tub Accessories	Outdoor / Hot Tubs & Saunas / Hot Tub Accessories / Cupholders Hot Tub Accessories
40206	mcanulty 1-light led 35.44 '' lamp post	Post Lanterns	Lighting / Outdoor Lighting / Post Lights / Dusk to Dawn Post Lights
18635	12.5 '' h x 5 '' w silk/shantung bell lamp shade ( screw on )	Lighting Shades	Lighting / Light Bulbs & Hardware / Light Shades / Black Light Shades
12093	2 piece drums picture of a drum kit percussion instrument standing on a plain background kitchen curtain set	Valances & Kitchen Curtains	Décor & Pillows / Window Treatments / Valances & Kitchen Curtains / Kitchen Valances & Kitchen Curtains
5446	cursive word amigos/amigas sign wall décor	Wall Décor	Décor & Pillows / Wall Décor / Wall Accents / Blue Wall Accents
30385	1006 rad sportz deluxe heavy duty freestanding sports rack	Bike And Sport Racks	Storage & Organization / Garage & Outdoor Storage & Organization / Bike & Sport Racks / Sports Rack Bike & Sport Racks
16513	necklaces dishcloth	Kitchen Towels	Kitchen & Tabletop / Tableware & Drinkware / Table & Kitchen Linens / Kitchen Linens / Kitchen Towels
5731	forever 3 quart sunflower nyjer/thistle feeder	Bird Feeders	Outdoor / Garden / Outdoor Animal Care / Wild Bird Care / Bird Feeders / Nyjer & Thistle Bird Feeders
41846	goa geometric tufted wool black/beige area rug	Area Rugs	Rugs / Area Rugs / 9' x 12' Area Rugs
34005	foam rectangle kids soft seating	Kids Chairs|Soft Seating	School Furniture and Supplies / School Furniture / School Chairs & Seating / Soft Seating
29170	hydrangea floral arrangement in french bee pot	Faux Florals	Décor & Pillows / Flowers & Plants / Faux Flowers / Hydrangea Faux Flowers
23829	sahara pub table	Dining Tables	Furniture / Kitchen & Dining Furniture / Dining Tables & Seating / Kitchen & Dining Tables / 2 Seat Kitchen & Dining Tables
31099	4 ft. w x 2 ft. d plastic horizontal garbage shed	Sheds	Storage & Organization / Garage & Outdoor Storage & Organization / Sheds / Garbage Sheds
12206	fab_34068_ambesonne green fabric by the yard , 60s 70s pop art inspired retro green polka dots circles vintage design art , decorative fabric for upholstery and home accents , fern green and white	Fabric	Storage & Organization / Cleaning & Laundry Organization / Crafts & Sewing / Fabric By the Yard / Polyester Fabric By the Yard
10459	paris peacock on bird cage hand towel	Kitchen Towels	Kitchen & Tabletop / Tableware & Drinkware / Table & Kitchen Linens / Kitchen Linens / Kitchen Towels
34039	paneled wood planum sliding closet door	Interior Doors	Home Improvement / Doors & Door Hardware / Interior Doors / Sliding Interior Doors
32056	reclining heated full body massage chair	Massage Chairs|Recliners	Furniture / Living Room Furniture / Chairs & Seating / Massage Chairs / Zero Gravity Massage Chairs
645	play top medium bird cage	Bird Cages	Pet / Bird / All Bird Cages / Parrot Bird Cages
2535	window pane multimedia cabinet	Multimedia Storage	Furniture / Living Room Furniture / TV Stands & Media Storage Furniture / Media Storage & Accessories / CD & DVD Media Storage Furniture
13770	guidecraft mushroom kids novelty stool	Kids Chairs	Baby & Kids / Toddler & Kids Playroom / Playroom Furniture / Toddler & Kids Chairs & Seating / Stool Toddler & Kids Chairs & Seating
40805	home serif block font wood sign home gallery wall décor	Wall Décor	Décor & Pillows / Wall Décor / Wall Accents / Unfinished Wall Accents
21271	canadian patriotic basket of flowers linen garden flag	Flags	Outdoor / Front Door Décor & Curb Appeal / Flags / Garden Flags
17103	coweta task chair	Office Chairs	Furniture / Office Furniture / Office Chairs / Task Office Chairs
30398	nautical reclining chaise lounge	Patio Chaise Lounges	Outdoor / Outdoor & Patio Furniture / Outdoor Seating & Patio Chairs / Outdoor Chaise & Lounge Chairs / Reclining Outdoor Chaise & Lounge Chairs
34619	paneled wood unfinished barn door without installation hardware kit	Interior Doors	Home Improvement / Doors & Door Hardware / Interior Doors / Barn Interior Doors
13901	bindi 4-piece 9 '' melamine salad plate set	Plates & Saucers	Kitchen & Tabletop / Tableware & Drinkware / Dinnerware / Plates / Orange Plates
34074	peel and stick wood roll wallpaper	Wallpaper	Décor & Pillows / Wall Décor / Wallpaper / White Wallpaper
8890	vervena closet storage	Kids Armoires	Baby & Kids / Toddler & Kids Bedroom Furniture / Kids Armoires
15746	bazaar aztec	Wallpaper	Décor & Pillows / Wall Décor / Wallpaper / Gray Wallpaper
41420	winston 30 '' single bathroom vanity set	Vanities	Home Improvement / Bathroom Remodel & Bathroom Fixtures / Bathroom Vanities / All Bathroom Vanities / Coastal Bathroom Vanities
25258	duchess fold-out sleeper dog bolster	Dog Beds & Mats	Pet / Dog / Dog Beds / All Dog Beds / Large Dog Beds
32774	dryden 4 piece bathroom hardware set	Bathroom Hardware Sets	Home Improvement / Bathroom Remodel & Bathroom Fixtures / Bathroom Hardware / Bathroom Hardware Sets / Bronze Bathroom Hardware Sets
25807	single handle deck mounted roman tub faucet with handshower	Tub Faucets	Home Improvement / Bathroom Remodel & Bathroom Fixtures / Showers & Bathtubs / Showers & Bathtubs Plumbing / Bathtub Faucets / Roman Bathtub Faucets
2342	premium high pressure multi function dual shower head	Shower Heads	Home Improvement / Bathroom Remodel & Bathroom Fixtures / Showers & Bathtubs / Showers & Bathtubs Plumbing / Shower Heads / Dual Shower Heads
1510	wellersburg 30.06 '' wide manual club recliner	Recliners	Furniture / Living Room Furniture / Chairs & Seating / Recliners
26674	high seas knot rope platter	Serving Dishes & Platters	Kitchen & Tabletop / Tableware & Drinkware / Serveware / Serving Trays & Boards / Serving Trays & Platters / Serving Serving Trays & Platters
8078	2 piece elsass gold metal table vase set	Vases, Urns, Jars, & Bottles	Décor & Pillows / Home Accessories / Vases, Urns, Jars & Bottles
7548	circulon symmetry hard-anodized nonstick straining saucepan with lid , 3.5-quart	Saucepans And Sauciers	Kitchen & Tabletop / Cookware & Bakeware / Pots, Pans & Skillets / Sauce Pans
36726	madison 14 ft. w x 10 ft. d solid wood pergola	Pergolas	Outdoor / Outdoor Shades / Pergolas / Wood Pergolas
15337	universal washing machine/dryer burner/burner cover	Large Appliance Accessories	Appliances / Kitchen Appliances / Large Appliance Parts & Accessories
23496	11 '' glass lamp shade	Lighting Replacement Glass	Lighting / Light Bulbs & Hardware / Lighting Replacement Glass / Bronze Lighting Replacement Glass
41635	inactive interior broadway lever greenwich rosette dummy entry set ( exterior portion sold separately )	Entry Sets	Home Improvement / Doors & Door Hardware / Door Hardware & Accessories / Entry Sets
7240	aliyah gusseted body gel fiber body pillow	Standard Bed Pillows	Bed & Bath / Bedding Essentials / Bed Pillows / Gel Fiber Bed Pillows
19585	lavelle blanc 65.5 '' wide 3 drawer birch wood sideboard	Sideboards & Buffets	Furniture / Kitchen & Dining Furniture / Sideboards & Buffets / Wine Bottle Storage Equipped Sideboards & Buffets
14252	red wine on linen wall décor	Wall Décor	Décor & Pillows / Wall Décor / Wall Accents / Pink Wall Accents
38405	single handle pull down sprayer kitchen sink faucet	Kitchen Faucets	Home Improvement / Kitchen Remodel & Kitchen Fixtures / Kitchen Sinks & Faucet Components / Kitchen Faucets
7541	cal-mil reclaimed wood display riser & stand	Buffet Accessories	Buffet Accessories
9622	complete nursery 12 piece hanging organizer by	Closet Organizer Accessories	Sale / Closeout / Closet Storage & Organization / Closet Accessories
16436	2 3/8 '' length bar knob multipack	Cabinet and Drawer Knobs	Home Improvement / Hardware / Cabinet Hardware / Cabinet & Drawer Knobs / Silver Cabinet & Drawer Knobs
39352	hagen pineapple personalized standard 3-line wall address plaque		Outdoor / Front Door Décor & Curb Appeal / Address Plaques & Signs
22604	componibili- 3 element	Storage Drawers	Storage & Organization / Storage Containers & Drawers / Storage Drawers
25018	ashton changing table	Changing Tables	Baby & Kids / Nursery Furniture / Changing Tables
35148	yodi 5 drawer chest	Kids Dressers & Chests	Baby & Kids / Toddler & Kids Bedroom Furniture / Baby & Kids Dressers / Beige Baby & Kids Dressers
35673	lucille aviary free standing bird cage with food access door	Bird Cages	Pet / Bird / All Bird Cages / Finch Bird Cages
19042	48 '' monte carlo poker table	Poker & Casino Tables	Furniture / Game Tables & Game Room Furniture / Poker & Card Tables / Reversible Poker & Card Tables
38050	sea and shore marine life small stoneware serving tray	Decorative Trays	Décor & Pillows / Home Accessories / Decorative Trays / Ceramic & Porcelain Decorative Trays
36592	peacock bud vase	Vases, Urns, Jars, & Bottles	Décor & Pillows / Home Accessories / Vases, Urns, Jars & Bottles / Table Vases, Urns, Jars & Bottles
26924	traditional artistic metal wall panel décor	Outdoor Wall Decor	Outdoor / Outdoor Décor / Outdoor Wall Décor
8488	jaylin swing chair	Hammocks|Porch Swings	Outdoor / Outdoor & Patio Furniture / Outdoor Seating & Patio Chairs / Porch Swings
12751	3 piece cast aluminum outdoor bistro set patio table sets with umbrella hole conversation set antique bronze for yard , balcony	Patio Dining Chairs	Outdoor / Outdoor & Patio Furniture / Outdoor Seating & Patio Chairs / Patio Seating / Patio Dining Chairs
6367	andrzejewski wall shelf	Wall Mounted Shelves	Storage & Organization / Wall Shelving & Organization / Wall & Display Shelves / Floating Wall & Display Shelves
12352	wayfair sleep medium weight all season polyester down alternative comforter	Comforters & Duvet Fills|Bedding Sets	Bed & Bath / Bedding Essentials / Down Comforters & Duvet Inserts
35326	affric 1 -bulb 18 '' h outdoor hanging lantern	Outdoor Hanging Lights	Lighting / Outdoor Lighting / Outdoor Ceiling Lights / Outdoor Hanging Lights / Black Outdoor Hanging Lights
34111	tomball 65 piece gold accent euro bead 18/10 stainless steel flatware set	Flatware & Silverware Sets	Kitchen & Tabletop / Tableware & Drinkware / Flatware & Cutlery / Flatware Sets
13669	concealer cable management kit	Cable Management	School Furniture and Supplies / School Boards & Technology / AV, Mounts & Tech Accessories / Cable Management Accessories
39492	happy camper 2 person tent with carry bag	Camping Tents & Shelters	Outdoor / Outdoor Recreation / Camping & Hiking / Tents
3777	caseyville organizer with wall baskets	Wall Organizers, Wall Baskets, and Key Organizers	Storage & Organization / Wall Shelving & Organization / Mail & Key Wall Organizers
28631	twin size bed frame platform		Furniture / Bedroom Furniture / Beds & Headboards / Beds
40207	ried indoor/outdoor chaise lounge cushion	Furniture Cushions	Furniture Cushions
17564	3 section plated heavy duty laundry sorter	Hampers & Baskets	Storage & Organization / Bathroom Storage & Organization / Hampers & Laundry Baskets / Laundry Sorter Hampers & Laundry Baskets
16148	4.2 cu . ft. top load agitator washer and 7.2 cu . ft. electric dryer		Appliances / Washers & Dryers / Washer & Dryer Sets / White Washer & Dryer Sets
11576	bengal pom pom trim 15 '' bed skirt	Bed Skirts	Bed & Bath / Bedding Essentials / Bed Skirts
3336	summer luau hibiscus 5 string lights	Holiday Lighting	Holiday Décor / Holiday Lighting
14937	petz alligator float inflatables	Lawn Games	Outdoor / Outdoor Recreation / Outdoor Games / All Outdoor Games
33549	7.4 cu . ft. electric dryer with sensor dry	Dryers	Appliances / Washers & Dryers / Dryers / All Dryers / Electric Dryers
18147	fiber optic green spruce artificial christmas tree with multi-color lights	Christmas Trees	Holiday Décor / Christmas / Christmas Trees / All Christmas Trees
36790	milo modern wall shelf	Wall Mounted Shelves	Storage & Organization / Wall Shelving & Organization / Wall & Display Shelves / Corner Wall & Display Shelves
33293	mobile demo cabinet workstation	Science Tables	School Furniture and Supplies / School Spaces / Science Lab Furniture / Science & Lab Tables / Wood Science & Lab Tables
3277	pineapple cardboard standup	Life Size Cutouts	Furniture / Game Tables & Game Room Furniture / Sports Team Fan Shop & Memorabillia / Life Size Cutouts / Food and Beverage Life Size Cutouts
1760	oscar multimedia cabinet	Multimedia Storage	Furniture / Living Room Furniture / TV Stands & Media Storage Furniture / Media Storage & Accessories / CD & DVD Media Storage Furniture / Cabinet CD & DVD Media Storage Furniture
21138	daryl 82 '' wide reversible sofa & chaise with ottoman	Sectionals	Furniture / Living Room Furniture / Sectionals
27368	emergence by m. hornbuckle painting	Wall Art	Décor & Pillows / Art / All Wall Art / Red Wall Art
7238	nonna 100 % cotton flannel pillowcase	Sheets And Sheet Sets	Bed & Bath / Bedding / Sheets & Pillowcases / King Sheets & Pillowcases
11220	munden credenza	Sideboards & Buffets|TV Stands & Entertainment Centers	Furniture / Kitchen & Dining Furniture / Sideboards & Buffets / Cabinet Equipped Sideboards & Buffets
4702	tapestry picasso box cushion futon slipcover	Slipcovers	Furniture / Living Room Furniture / Slipcovers / All Slipcovers / Futon Slipcovers
33743	lokahi 0.66 '' x 0.66 '' glass pearl shell mosaic tile in white	Floor & Wall Tile	Home Improvement / Flooring, Walls & Ceiling / Floor Tiles & Wall Tiles / Shell Floor Tiles & Wall Tiles
42475	30 '' professional stainless 1200 cfm ducted wall mount range hood in brushed 430 stainless steel	Range Hoods	Appliances / Kitchen Appliances / Range Hoods / All Range Hoods / Wall Mount Range Hoods
17019	lidded 3 piece kitchen canister set	Canisters & Jars	Kitchen & Tabletop / Kitchen Organization / Food Storage & Canisters / Kitchen Canisters & Jars / Wood Kitchen Canisters & Jars
22607	small ghost buster nightstand	End Tables|Nightstands	Furniture / Bedroom Furniture / Nightstands / Black Nightstands
4732	3 piece floral gnome/elves/fairies garden stake set		Outdoor / Outdoor Décor / Statues & Sculptures / Plant and Flower Statues & Sculptures
4574	furniture floor protector gripper	Institutional Furniture Parts & Accessories	Institutional Furniture Parts & Accessories
24246	port chester 1-light bath sconce	Vanity Lighting	Lighting / Wall Lights / Bathroom Vanity Lighting / Rustic & Farmhouse Bathroom Vanity Lighting
34041	glass wood french doors	Interior Doors	Home Improvement / Doors & Door Hardware / Interior Doors / French Interior Doors
20592	arkwright console table	Sofa & Console Tables	Furniture / Living Room Furniture / Console Tables / Gold Console Tables
34810	blumberg 4 piece crib bedding set	Crib Bedding Sets	Baby & Kids / Nursery Bedding / Crib Bedding Sets
19811	lambersart furniture sets	Reception Sets	Commercial Business Furniture / Commercial Office Furniture / Office Seating / Reception Sets
9249	camper wall mount	Address Plaques & Lettering	Outdoor / Front Door Décor & Curb Appeal / Address Plaques & Signs
10181	trinsic® toilet lever	Fixture Parts And Components	Home Improvement / Plumbing / Core Plumbing / Parts & Components
24057	easy essentials pantry square sugar food storage container	Food Storage & Dispensers	Kitchen & Tabletop / Kitchen Organization / Food Storage & Canisters / Food Storage Containers
9338	bellwood 7 piece dining set	Dining Table Sets	Furniture / Kitchen & Dining Furniture / Dining Tables & Seating / Kitchen & Dining Room Sets / 7 Piece Kitchen & Dining Room Sets
16288	black multi screen desktop mount holds up to 14.3 lbs	TV Mounts|Computer Mounts	Furniture / Living Room Furniture / TV Stands & Media Storage Furniture / TV Mounts / Desktop Mount TV Mounts
3873	sunburst resin dimensional palm box wall décor	Wall Décor	Décor & Pillows / Wall Décor / Wall Accents / Gold Wall Accents
16836	7000 lumens overhead projector	Projectors	School Furniture and Supplies / School Boards & Technology / Projection & Screens / Projectors
15973	scroll free standing toilet paper holder	Toilet Paper Holders	Home Improvement / Bathroom Remodel & Bathroom Fixtures / Toilets & Bidets / Toilet Paper Holders
5787	brentwood appliances 8-quart slow cooker	Slow Cookers	Kitchen & Tabletop / Kitchen & Dining Sale
7715	93.38 '' rectangular fold-in-half adjustable bi-fold table	Folding Tables	School Furniture and Supplies / School Furniture / School Tables / Folding Tables / Wood Folding Tables
31805	3-tier shower caddy	Shower & Tub Accessories	Sale / Closeout / Showers & Bathtubs / Shower & Bathtub Accessories
14567	funphix create and play life size structures `` the all-in-1 '' 4 x 4 playhouse	Climbing Toys & Slides	Outdoor / Outdoor Recreation / Backyard Play / Climbing Toys & Slides / 3 to 4 Year Old Climbing Toys & Slides
41990	loaf pan	Bread & Loaf Pans	Kitchen & Tabletop / Cookware & Bakeware / Baking Sheets & Pans / Bread & Loaf Pans / Silicone Bread & Loaf Pans
6007	goulds 5-light candle style drum chandelier	Chandeliers	Lighting / Ceiling Lights / Chandeliers / Candle-Style Chandeliers
10679	bathroom double towel bar towel hanging rod/rail towel rack holder storage wall mount 24-inch,304 stainless steel matte black	Towel Bars, Racks, and Stands	Home Improvement / Bathroom Remodel & Bathroom Fixtures / Towel Storage / Towel Bars, Racks, and Stands
3892	ayesha curry porcelain 14 '' enamel non-stick aluminum wok	Woks	Kitchen & Tabletop / Cookware & Bakeware / Pots, Pans & Skillets / Woks & Stir Fry Pans / Aluminum Woks & Stir Fry Pans
3887	ayesha collection japanese steel 3 piece cooking knife set	Knife Sets	Kitchen & Tabletop / Kitchen Utensils & Tools / Knives & Accessories / Knife Sets / Starter Knife Sets
26667	seaside large mussel platter	Serving Dishes & Platters	Kitchen & Tabletop / Tableware & Drinkware / Serveware / Serving Trays & Boards / Serving Trays & Platters / Serving Serving Trays & Platters
7913	blair standard bed	Beds	Sale / Closeout / Beds / Full & Double Beds
6884	straight rectangular chair mat	Ergonomic Accessories	Sale / Closeout / Ergonomic Accessories
405	surgearrest surge protector power strip	Lighting Accessories	Lighting / Light Bulbs & Hardware / Lighting Components
13267	grab my art luxury blue malachite gold gem agate and marble texture single shower curtain	Shower Curtains	Bed & Bath / Shower Curtains & Accessories / Shower Curtains & Shower Liners / Yellow & Gold Shower Curtains & Shower Liners
41041	6 watt ( 40 watt equivalent ) , a19 led , dimmable light bulb , e26/medium ( standard ) base	Light Bulbs	Lighting / Light Bulbs & Hardware / Light Bulbs / All Light Bulbs / LED Light Bulbs
9696	wilkinson sunflower 96 oz . pitcher	Beverage Servers	Kitchen & Tabletop / Tableware & Drinkware / Serveware / Beverage Servers & Pitchers / Pitchers / Pitcher Pitchers
9698	whitley sunflower dessert plate	Plates & Saucers	Kitchen & Tabletop / Tableware & Drinkware / Dinnerware / Plates / Yellow Plates
26113	modern floral inspired round pine wall decor	Wall Décor	Décor & Pillows / Wall Décor / Wall Accents / Beige Wall Accents
41666	hiroko chaise lounge	Indoor Chaise Lounges	Furniture / Living Room Furniture / Chairs & Seating / Chaise Lounge Chairs / Polyester & Polyester Blend Chaise Lounge Chairs
32666	gintautas lounge chair	Reception Seating Chairs	Shop Product Type / Chairs / Guest & Reception Chairs
7503	classic straight strap sliding standard single track barn door hardware kit	Barn Door Hardware	Home Improvement / Doors & Door Hardware / Door Hardware & Accessories / Barn Door Hardware
3027	ayesha collection enamel on steel stockpot , 12-quart	Stock Pots, Soup Pots and Multi-Pots	Kitchen & Tabletop / Cookware & Bakeware / Pots, Pans & Skillets / Stock, Soup & Multi-Pots
41222	evanoff 7 drawer dresser	Dressers & Chests	Furniture / Bedroom Furniture / Dressers & Chests / Blue Dressers & Chests
20984	sunflower photo op fitted crib sheet	Crib Sheets	Baby & Kids / Nursery Bedding / Crib Sheets
37959	fiscus 52.5 '' steel flat top travel bird cage with wheels		Pet / Bird / All Bird Cages
42473	36 '' professional stainless 1200 cfm ducted wall mount range hood in brushed 430 stainless steel	Range Hoods	Appliances / Kitchen Appliances / Range Hoods / All Range Hoods / Wall Mount Range Hoods
2343	braun multiserve 10-cup sca certified coffee maker with internal water spout and glass carafe	Coffee Makers	Kitchen & Tabletop / Small Kitchen Appliances / Coffee, Espresso, & Tea / Coffee Makers / Automatic Coffee Makers
38471	albie upholstered manual glider recliner	Gliders|Recliners	Baby & Kids / Nursery Furniture / Nursery Gliders, Rockers & Recliners / Wood Nursery Gliders, Rockers & Recliners
8480	oddger outdoor reclining chaise lounge with cushion	Patio Chaise Lounges	Outdoor / Outdoor & Patio Furniture / Outdoor Seating & Patio Chairs / Outdoor Chaise & Lounge Chairs
2647	signature designs solid wood dining table	Dining Tables	Sale / Closeout / Kitchen & Dining Tables / 4 Seat Kitchen & Dining Tables
25496	roberta outdoor rocking chair	Patio Rockers & Gliders	Sale / Closeout / Patio Rocking Chairs & Gliders / Metal Patio Rocking Chairs & Gliders
22794	hugo chaise lounge	Indoor Chaise Lounges	Furniture / Living Room Furniture / Chairs & Seating / Chaise Lounge Chairs / Microfiber Chaise Lounge Chairs
6571	2.7 cu . ft. front load washer and 2.7 cu . ft electric dryer		Appliances / Washers & Dryers / Washer & Dryer Sets
22493	jamie-lee end table with storage	End Tables	Furniture / Living Room Furniture / Coffee Tables & End Tables / End & Side Tables
5849	swing hanging rope seat net tree chair hammock	Hammocks	Outdoor / Outdoor & Patio Furniture / Outdoor Seating & Patio Chairs / Hammocks
2766	tuscan coffee jar	Canisters & Jars	Kitchen & Tabletop / Kitchen Organization / Food Storage & Canisters / Kitchen Canisters & Jars / Ceramic Kitchen Canisters & Jars
23559	krystn 1 - bulb outdoor bulkhead light		Lighting / Outdoor Lighting / Outdoor Ceiling Lights / Outdoor Flush Mounts
13726	clariandra 2 piece accent tray set	Decorative Trays	Décor & Pillows / Home Accessories / Decorative Trays / Plastic Decorative Trays
40303	avignon 10 '' x 10 '' vinyl peel & stick mosaic tile	Peel and Stick Backsplash Tile	Home Improvement / Flooring, Walls & Ceiling / Walls & Ceilings / Peel & Stick Backsplash Tile
17379	easy install decorative floating frameless bathroom/vanity mirror	Wall & Accent Mirrors	Décor & Pillows / Mirrors / All Mirrors / Bathroom & Vanity Mirrors
111	memory foam body pillow plush support pillow	Standard Bed Pillows	Bed & Bath / Bedding Essentials / Bed Pillows / Memory Foam Bed Pillows
29195	bee candle sleeve metal votive holder	Candle Holders	Décor & Pillows / Candles & Holders / Candle Holders / Votive Candle Holders
10797	32 '' prestige solid wood large cat tree	Cat Condos & Cat Trees	Pet / Cat / Cat Trees, Perches & Scratchers / Cat Trees & Condos / Best Cat Trees & Condos
41130	copper bar and prep sinks 16 '' l x 16 '' w dual mount kitchen sink	Kitchen Sinks	Home Improvement / Kitchen Remodel & Kitchen Fixtures / Kitchen Sinks & Faucet Components / Kitchen Sinks / Undermount Kitchen Sinks
18054	sanctuary solid wood and upholstered standard bed	Beds	Furniture / Bedroom Furniture / Beds & Headboards / Beds / Queen Size Beds
7928	brielle 12 pair shoe storage cabinet	Shoe Storage	Storage & Organization / Shoe Storage / All Shoe Storage / Cabinet Shoe Storage
20985	sunflower mobile	Mobiles	Baby & Kids / Baby & Kids Décor & Lighting / Baby Mobiles / Girl+ Baby Mobiles
40309	garden rose tapestry wall mounted dry erase board combination calendar/planner whiteboard , 24 '' x 17.5 ''	Memo Boards|Teen Wall Décor	Décor & Pillows / Wall Décor / Memo Boards / Dry Erase Memo Boards
6408	10 washing programs 0.45 cu . ft. top load washer with quick wash in white	Washing Machines	Appliances / Washers & Dryers / Washing Machines / All Washing Machines
13083	melamine cheese board and platter	Serving Dishes & Platters	Kitchen & Tabletop / Tableware & Drinkware / Tableware & Drinkware Sale
1046	5000 portable transmissive projector	Projectors	School Furniture and Supplies / School Boards & Technology / Projection & Screens / Projectors
9700	whitlock sunflower bread and butter plate set	Plates & Saucers	Kitchen & Tabletop / Tableware & Drinkware / Dinnerware / Plates / Red Plates
38080	7 '' h linen rectangular lamp shade ( clip on )	Lighting Shades	Lighting / Light Bulbs & Hardware / Light Shades / Black Light Shades
4401	anchor steel wall décor	Wall Décor	Décor & Pillows / Wall Décor / Wall Accents / Orange Wall Accents
36402	steel wall safe with electronic lock	Safes	Storage & Organization / Storage Furniture / Safes / Electronic Safes
27671	engage multi function handheld shower head	Shower Heads	Home Improvement / Bathroom Remodel & Bathroom Fixtures / Showers & Bathtubs / Showers & Bathtubs Plumbing / Shower Heads / Handheld Shower Heads
25920	welcome pineapple window panel	Stained Glass Panels	Décor & Pillows / Wall Décor / Stained Glass Panels / Rectangular Shaped Stained Glass Panels
8928	paisley dreams reversible bohemian soft warm blanket	Blankets And Throws	Décor & Pillows / Decorative Pillows & Blankets / Blankets & Throws / Polyester Blankets & Throws
25256	sqm 5 drawer dresser	Dressers & Chests	Furniture / Bedroom Furniture / Dressers & Chests / Gold Dressers & Chests
1625	trousdale 3 3/4 '' center to center bar pull	Cabinet and Drawer Pulls	Home Improvement / Hardware / Cabinet Hardware / Cabinet & Drawer Pulls / Chrome Cabinet & Drawer Pulls
25207	memory foam molded seat cushion	Chair Accessories	Furniture / Office Furniture / Office Chair Accessories / Seat Cushion Office Chair Accessories
16773	electric pressure cooker with stainless steel insert pot	Slow Cookers	Kitchen & Tabletop / Small Kitchen Appliances / Pressure & Slow Cookers / Pressure Cookers / Electric Pressure Cookers
21497	memory foam bath rug	Bath Rugs & Mats	Bed & Bath / Bath Rugs & Towels / Bath Rugs & Mats
21121	child safety strap cabinet lock	Cabinet and Drawer Accessories	Home Improvement / Hardware / Cabinet Hardware / Cabinet & Drawer Hardware / Lock and Bolt Cabinet & Drawer Hardware
18738	baysden accent 2 piece serving tray set	Decorative Trays	Décor & Pillows / Home Accessories / Decorative Trays / Mirror Decorative Trays
33188	priolo 32 '' wide linen balloon chair	Accent Chairs	Furniture / Living Room Furniture / Chairs & Seating / Accent Chairs / Balloon Accent Chairs
12025	pineapple 18.5 '' placemat	Placemats, Chargers, & Napkins	Kitchen & Tabletop / Tableware & Drinkware / Table & Kitchen Linens / Placemats
17224	rustic small branch	Faux Plants and Trees	Browse By Brand / August Grove
16642	deidra 27.5 `` oiled rubbed bronze table lamp	Table Lamps	Lighting / Table & Floor Lamps / Table Lamps / Black Table Lamps
18661	rose floral arrangement in vase	Faux Florals	Sale / Closeout / Faux Flowers / Hydrangea Faux Flowers
30350	amarillo polish pottery 3.15 qt . tureen	Specialty Serving	Kitchen & Tabletop / Tableware & Drinkware / Serveware / Serving Bowls & Baskets / Tureens
28344	acrylic rectangular lamp shade ( screw on )	Lighting Shades	Lighting / Light Bulbs & Hardware / Light Shades / Gold Light Shades
7172	payeur 1 - bulb 10.75 '' h outdoor hanging lantern	Outdoor Hanging Lights	Lighting / Outdoor Lighting / Outdoor Ceiling Lights / Outdoor Hanging Lights
22735	20 ft. w x 0.2 ft. d polyester retractable side awning	Awnings	Outdoor / Outdoor Shades / Awnings
29738	owl 24 '' book display	Kids Bookcases	Baby & Kids / Baby & Kids Storage / Baby & Kids Bookcases / Grey Baby & Kids Bookcases
16973	wall mounted bulletin board	Memo Boards	Décor & Pillows / Wall Décor / Memo Boards
32139	rutledge extendable rubberwood solid wood dining table	Dining Tables	Furniture / Kitchen & Dining Furniture / Dining Tables & Seating / Kitchen & Dining Tables / 4 Seat Kitchen & Dining Tables
18646	contemporary wall mounted chalkboard	Memo Boards	Décor & Pillows / Wall Décor / Memo Boards / Chalkboard Memo Boards
4358	petties boat novelty divided serving dish	Serving Dishes & Platters	Kitchen & Tabletop / Tableware & Drinkware / Serveware / Condiment & Snack Serveware / Serving Dishes / Divided Serving Dishes
30136	28 '' solid wood console table	Sofa & Console Tables	Furniture / Living Room Furniture / Console Tables / Brown Console Tables
40576	kabir peacock feather trumpet vase	Vases, Urns, Jars, & Bottles	Décor & Pillows / Home Accessories / Vases, Urns, Jars & Bottles / Floor Vases, Urns, Jars & Bottles
4607	28 '' energy star counter depth bottom freezer 16.79 cu . ft. refrigerator with auto ice maker	Refrigerators	Appliances / Kitchen Appliances / Refrigerators & Freezers / All Refrigerators / Bottom Freezer Refrigerators
34306	cronan tv stand for tvs up to 55 ''	TV Stands & Entertainment Centers	Furniture / Living Room Furniture / TV Stands & Media Storage Furniture / TV Stands & Entertainment Centers / Industrial TV Stands & Entertainment Centers
26382	tobiah solid wood desk	Desks	Furniture / Office Furniture / Desks / Computer Desks
18333	reyyan crystal specimens	Grilling & Heating Fuels	Outdoor / Outdoor Cooking & Tableware / Grill Tools & Outdoor Cooking Accessories / Fuel & Firestarters
41393	trough 48 '' single bathroom vanity top	Vanity Tops	Home Improvement / Bathroom Remodel & Bathroom Fixtures / Bathroom Vanities / Vanity Tops / Single Vanity Tops
13670	wire tray desk cable organizer	Cable Management	School Furniture and Supplies / School Boards & Technology / AV, Mounts & Tech Accessories / Cable Management Accessories
2379	40w ( 40 watt equivalent ) g16.5 dimmable incandescent light bulb , warm white e12/candelabra base	Light Bulbs	Lighting / Light Bulbs & Hardware / Light Bulbs / All Light Bulbs / Incandescent Light Bulbs
29137	universal climbing frame kids dome climber	Climbing Toys & Slides	Outdoor / Outdoor Recreation / Backyard Play / Climbing Toys & Slides / 3 to 4 Year Old Climbing Toys & Slides
14298	cooks choice better baker reversible edible loaf bowl maker	Bread & Loaf Pans	Kitchen & Tabletop / Cookware & Bakeware / Baking Sheets & Pans / Bread & Loaf Pans
4840	delia peacock door window decals	Wall Stickers	Décor & Pillows / Wall Décor / Wall Decals / Window Wall Decals
23203	comfy chaise	Indoor Chaise Lounges	Furniture / Living Room Furniture / Chairs & Seating / Chaise Lounge Chairs / Cotton Chaise Lounge Chairs
31599	hillsdale desktop supplies organizer	Desktop Organizers & Desk Pads	Storage & Organization / Office Organization / Desktop Organization / Desk Organizer Desktop Organization
39027	60 '' double bathroom vanity top in white with sink	Vanity Tops	Home Improvement / Bathroom Remodel & Bathroom Fixtures / Bathroom Vanities / Vanity Tops / Double Vanity Tops
3208	simple elegance losas bianco 12 '' x 12 '' x 1.2mm luxury vinyl tile	Vinyl Flooring	Home Improvement / Flooring, Walls & Ceiling / Flooring / Vinyl Flooring / Gray Vinyl Flooring
35218	tiara twin low loft bed	Teen Beds|Kids Beds	Baby & Kids / Toddler & Kids Bedroom Furniture / Kids Beds / Girl+ Kids Beds
21642	rooster 3 piece kitchen canister set	Canisters & Jars	Kitchen & Tabletop / Kitchen Organization / Food Storage & Canisters / Kitchen Canisters & Jars / Ceramic Kitchen Canisters & Jars
4062	multi function rain shower head	Shower Heads	Home Improvement / Bathroom Remodel & Bathroom Fixtures / Showers & Bathtubs / Showers & Bathtubs Plumbing / Shower Heads / Rain Shower Heads
188	kids ride-on toy parrot rocker	Rocking Horses	Baby & Kids / Toddler & Kids Playroom / Indoor Play / Rocking Horses
14184	12 '' x 12 '' level loop carpet tile	Carpet Tile	Home Improvement / Flooring, Walls & Ceiling / Flooring / Carpet Tiles
32514	rts home accents 50 gallon rain barrel	Rain Barrels	Storage & Organization / Garage & Outdoor Storage & Organization / Natural Material Storage / Rain Barrels
36797	rainbow floating bar beverage tub	Ice Buckets, Beverage Tubs & Chillers	Kitchen & Tabletop / Tableware & Drinkware / Barware / Ice Buckets & Wine Chillers
5995	petti 25.5 '' patio bar stool	Patio Bar Stools	Outdoor / Outdoor & Patio Furniture / Patio Bar Furniture / Patio Bar Stools / Counter Height Patio Bar Stools
25221	farmhouse wood tissue box cover	Bath Accessories	Bed & Bath / Bathroom Accessories & Organization / Countertop Bath Accessories / Tissue Box Cover Countertop Bath Accessories
9581	spiral look tall manufactured wood candlestick		Décor & Pillows / Candles & Holders / Candle Holders
1402	5 - person indoor traditional steam sauna	Saunas	Outdoor / Hot Tubs & Saunas / Saunas
39385	eternal calendar/planner wall mounted bulletin board	Memo Boards	Décor & Pillows / Wall Décor / Memo Boards / Bulletin Memo Boards
21508	heritage wall mounted robe hook	Towel & Robe Hooks	Home Improvement / Bathroom Remodel & Bathroom Fixtures / Towel Storage / Towel & Robe Hooks / Brass Towel & Robe Hooks
5301	ames ladder desk	Teen Desks|Desks	Baby & Kids / Teen Bedroom Furniture / Teen Desks
30563	gate valve 3 ''	Valves	Home Improvement / Bathroom Remodel & Bathroom Fixtures / Showers & Bathtubs / Showers & Bathtubs Plumbing / Valves
13772	3 shelf 28 '' bookcase	Kids Bookcases	Baby & Kids / Baby & Kids Storage / Baby & Kids Bookcases / Brown Baby & Kids Bookcases
38309	paneled solid manufactured wood primed craftsman french doors	Interior Doors	Home Improvement / Doors & Door Hardware / Interior Doors / French Interior Doors
3276	dinosaur cardboard standup	Life Size Cutouts	Furniture / Game Tables & Game Room Furniture / Sports Team Fan Shop & Memorabillia / Life Size Cutouts / Animal Life Size Cutouts
38251	burton solid wood 24.25 '' counter stool	Bar Stools	"Furniture / Kitchen & Dining Furniture / Bar Furniture / Bar Stools & Counter Stools / All Bar Stools & Counter Stools / Counter (24""-27"") Bar Stools & Counter Stools"
24834	modern bohemian 8 '' dinner plate	Plates & Saucers	Sale / Closeout / Plates / Cream Plates
20345	kinch bar with wine storage	Bars & Bar Sets	Furniture / Kitchen & Dining Furniture / Bar Furniture / Home Bars & Bar Sets / Wine Home Bars & Bar Sets
3019	ayesha curry bakeware 12 cup non-stick muffin pan	Muffin & Cupcake Pans	Kitchen & Tabletop / Cookware & Bakeware / Baking Sheets & Pans / Muffin & Cupcake Pans / Steel Muffin & Cupcake Pans
38745	3 piece bistro dining set	Patio Dining Sets	Outdoor / Outdoor & Patio Furniture / Patio Furniture Sets / Patio Dining Sets / Two Person Patio Dining Sets
11967	ambesonne moroccan window curtains , italian culture inspired floral elements western civilization ornamental pattern , lightweight decorative panels set of 2 with rod pocket , 56 '' x 63 '' , multicolor	Curtains & Drapes	Décor & Pillows / Window Treatments / Curtains & Drapes / 63 Inch and Less Curtains & Drapes
36329	berning solid color shower curtain liner	Shower Curtains	Bed & Bath / Shower Curtains & Accessories / Shower Curtains & Shower Liners / Ivory & Cream Shower Curtains & Shower Liners
21167	jigsaw puzzle table	Table Top Games & Accessories	Furniture / Game Tables & Game Room Furniture / Tabletop & Board Games
27227	single handle wall mounted tub spout with handshower	Tub Faucets	Home Improvement / Bathroom Remodel & Bathroom Fixtures / Showers & Bathtubs / Showers & Bathtubs Plumbing / Bathtub Faucets / Tub Spout Bathtub Faucets
9865	camper van playset pretend play dollhouse toy	Dollhouses	Baby & Kids / Toddler & Kids Playroom / Indoor Play / Dollhouses & Accessories
19088	52 '' low profile iii 5 - blade flush mount ceiling fan with pull chain	Ceiling Fans	Lighting / Ceiling Fans / All Ceiling Fans / White & Cream Blades Ceiling Fans
9941	home book wall shelf	Wall Mounted Shelves	Storage & Organization / Wall Shelving & Organization / Wall & Display Shelves
24907	outdoor kitchen preparation station free standing drawers	Outdoor Sinks & Bar Centers	Outdoor / Outdoor Cooking & Tableware / Outdoor Kitchens / All Outdoor Kitchen Components
33618	replacement shelf bookcase	Furniture Parts	Foodservice / Foodservice Tables / Table Parts / Bookcase Table Parts
32671	bee wildflower estate coir 40 '' x 18 '' indoor door mat	Doormats	Rugs / Doormats
20295	callan bennett keyed door lever	Door Levers	Home Improvement / Doors & Door Hardware / Door Hardware & Accessories / Door Levers / Flat Door Levers
7241	microfiber down alternative comforter	Comforters & Duvet Fills|Bedding Sets	Bed & Bath / Bedding Essentials / Down Comforters & Duvet Inserts / Twin Down Comforters & Duvet Inserts
22954	198cd/88dvd multimedia cabinet	Multimedia Storage	Furniture / Living Room Furniture / TV Stands & Media Storage Furniture / Media Storage & Accessories / CD & DVD Media Storage Furniture / Cabinet CD & DVD Media Storage Furniture
25651	curtiss side chair in gray		Furniture / Kitchen & Dining Furniture / Dining Tables & Seating / Kitchen & Dining Chairs / Side Kitchen & Dining Chairs
42133	bird play gym stand in green	Bird Play Stand & Playcenters	Pet / Bird / Bird Perches & Play Gyms
42414	metsu	Patio Tables	Outdoor / Outdoor & Patio Furniture / Outdoor Tables / All Patio Tables / Two Person Patio Tables
35674	daniella isanti individual panel free standing pet gate	Pet Gates	Pet / Dog / Pet Gates, Fences & Doors / Pet Gates / Indoor Living Areas Pet Gates
13052	fortinbras reading cherub statue	Garden Statues	Outdoor / Outdoor Décor / Statues & Sculptures
40515	elissa tufted rolled arms chaise lounge	Indoor Chaise Lounges	Furniture / Living Room Furniture / Chairs & Seating / Chaise Lounge Chairs / Linen Chaise Lounge Chairs
22728	5.5 '' h x 5.5 '' w glass bell pendant shade ( screw on )	Lighting Shades	Lighting / Light Bulbs & Hardware / Light Shades / Clear & Glass Light Shades
14977	gala gown organizer jewelry stand		Storage & Organization / Jewelry Organization / All Jewelry Organizers
16548	riverton bar cart	Bar Carts	Furniture / Kitchen & Dining Furniture / Bar Furniture / Bar Carts
22994	pyron armless stackable chair		School Furniture and Supplies / School Furniture / School Chairs & Seating / Stackable Chairs / Green Stackable Chairs
20217	58 '' rectangular fold-in-half portable folding table	Folding Tables	School Furniture and Supplies / School Furniture / School Tables / Folding Tables / Metal Folding Tables
8219	30 '' 380 cfm ducted under cabinet range hood in stainless steel	Range Hoods	Appliances / Kitchen Appliances / Range Hoods / All Range Hoods / Under Cabinet Range Hoods
784	august grove castile 14 '' bees food cover	Lids & Covers	Kitchen & Tabletop / Cookware & Bakeware / Lids & Covers / Cover Lids & Covers
37684	waterfall single hole bathroom faucet with drain assembly	Bathroom Sink Faucets	Home Improvement / Bathroom Remodel & Bathroom Fixtures / Bathroom Sinks & Faucet Components / Bathroom Sink Faucets / Centerset Bathroom Sink Faucets
9619	6 drawer double dresser	Kids Dressers & Chests|Dressers & Chests	Baby & Kids / Toddler & Kids Bedroom Furniture / Baby & Kids Dressers / Grey Baby & Kids Dressers
26605	velocity 1.75 gpm eco-performance shower head with immersion	Shower Heads	Home Improvement / Bathroom Remodel & Bathroom Fixtures / Showers & Bathtubs / Showers & Bathtubs Plumbing / Shower Heads / Fixed Shower Heads
33470	petronela outdoor patio chair	Patio Lounge Chairs	Outdoor / Outdoor & Patio Furniture / Outdoor Seating & Patio Chairs / Patio Seating / Outdoor Club Chairs
20222	double side inflatable water park with climbing wall	Bounce Houses & Inflatable Slides	Outdoor / Outdoor Recreation / Backyard Play / Bounce Houses & Inflatable Slides
6687	and swing set toddler playground rock climbing toy set	Swing Sets & Playgrounds	Outdoor / Outdoor Recreation / Backyard Play / Swing Sets
4408	iyana 1-light bath sconce	Vanity Lighting	Lighting / Wall Lights / Bathroom Vanity Lighting / Coastal Bathroom Vanity Lighting
42648	3 - piece bathroom hardware set	Bathroom Hardware Sets	Home Improvement / Bathroom Remodel & Bathroom Fixtures / Bathroom Hardware / Bathroom Hardware Sets / Black Bathroom Hardware Sets
19344	devilish times custom bar sign wall décor	Wall Décor	Décor & Pillows / Wall Décor / Wall Accents / Red Wall Accents
6404	josune arm chair	Dining Chairs	Furniture / Kitchen & Dining Furniture / Dining Tables & Seating / Kitchen & Dining Chairs
281	3-tier slim rolling laundry cart	Laundry Accessories & Storage	Storage & Organization / Cleaning & Laundry Organization / Laundry Room Organizers
27082	carrara 2 '' x 2 '' marble honeycomb mosaic wall & floor tile	Floor & Wall Tile	Home Improvement / Flooring, Walls & Ceiling / Floor Tiles & Wall Tiles / Marble Floor Tiles & Wall Tiles
6052	leak detector system	Kitchen Faucets	Home Improvement / Kitchen Remodel & Kitchen Fixtures / Kitchen Sinks & Faucet Components / Kitchen Faucets / White Kitchen Faucets
25981	city escape oak 3/8 '' thick x 5 '' wide varying length engineered hardwood flooring	Hardwood Flooring	Home Improvement / Flooring, Walls & Ceiling / Flooring / Hardwood Flooring / Oak Hardwood Flooring
9372	storeaway 4 ft. 3 in . w x 2 ft. 5 in . d plastic horizontal garbage shed	Sheds	Storage & Organization / Garage & Outdoor Storage & Organization / Sheds / Bike Sheds
9210	arlo swivel reclining rocking glider	Gliders|Recliners	Baby & Kids / Nursery Furniture / Nursery Gliders, Rockers & Recliners / Metal Nursery Gliders, Rockers & Recliners
42064	denerick vanity set with stool and mirror		Furniture / Bedroom Furniture / Bedroom and Makeup Vanities
6756	white ceramic rectangular vessel bathroom sink	Bathroom Sinks	Home Improvement / Bathroom Remodel & Bathroom Fixtures / Bathroom Sinks & Faucet Components / Bathroom Sinks / Vessel Bathroom Sinks
35991	dimmable antique edison st64 incandescent bulbs , 2200k amber light , e26 base 60w vintage squirrel cage filament light bulb for pendant , chandelier , lantern , wall sconce	Light Bulbs	Lighting / Light Bulbs & Hardware / Light Bulbs / All Light Bulbs / Incandescent Light Bulbs
17831	louvered wood radiata bi-fold doors	Interior Doors	Home Improvement / Doors & Door Hardware / Interior Doors / Bi-Fold Interior Doors
58	medium memory foam charcoal infused body pillow	Standard Bed Pillows	Bed & Bath / Bedding Essentials / Bed Pillows / Memory Foam Bed Pillows
25047	5 '' h glass oval pendant shade ( screw on )	Lighting Shades	Lighting / Light Bulbs & Hardware / Light Shades / Blue Light Shades
21745	tockington geometric inlay ii decorative throw pillow	Accent Pillows	Décor & Pillows / Decorative Pillows & Blankets / Throw Pillows / Brown Throw Pillows
23953	disney star wars disney star wars darth vader 2 piece 100 % cotton beach towel set	Licensed Products|Bath Towels	Bed & Bath / Bath Rugs & Towels / Bath Towels / Black Bath Towels
36470	4-in-1 48 '' multi game table	Multi Game Tables	Furniture / Game Tables & Game Room Furniture / Multi Game Tables / Air Hockey Multi Game Tables
4563	23.2 '' w x 32 '' h x 19.7 '' d free-standing bathroom cabinet	Bathroom Storage	Storage & Organization / Bathroom Storage & Organization / Bathroom Cabinets & Shelving
3726	patriotic petuni melamine tray	Decorative Trays	Décor & Pillows / Home Accessories / Decorative Trays / Melamine Decorative Trays
18409	guion 2 door console accent cabinet	Accent Chests / Cabinets	Furniture / Living Room Furniture / Cabinets & Chests / Beige Cabinets & Chests
11488	east urban home bee grateful girl with beehive potholder	Potholders	Kitchen & Tabletop / Tableware & Drinkware / Table & Kitchen Linens / Kitchen Linens / Potholders & Oven Mitts
25772	mycuisina ceramic round non-stick greblon cuisine casserole with lid	Baking Dishes	Kitchen & Tabletop / Cookware & Bakeware / Baking Sheets & Pans / Baking Dishes / Ceramic Baking Dishes
37807	led i shape indoor garden grow light	Indoor Gardening	Outdoor / Garden / Indoor Gardening
1497	autry textured contemporary throw pillow	Accent Pillows	Décor & Pillows / Decorative Pillows & Blankets / Throw Pillows / Brown Throw Pillows
8611	cuisinart pasta extruder attachment	Mixers & Mixer Accessories|Pasta Makers & Accessories	Kitchen & Tabletop / Kitchen Utensils & Tools / Kitchen Gadgets / Pasta Makers & Accessories
22288	waterfall fountain	Hot Tub Accessories	Outdoor / Hot Tubs & Saunas / Hot Tub Accessories
12232	chrisha armless stackable chair	Stackable Chairs	School Furniture and Supplies / School Furniture / School Chairs & Seating / Stackable Chairs / Blue Stackable Chairs
41344	275.6 '' l x 39.4 '' w x 3.9 '' vinyl mat	Fitness & Recreational Flooring	School Furniture and Supplies / School Spaces / Recreation & Physical Education / Fitness Flooring / Vinyl Fitness Flooring
19348	9 piece bombshell barmaid engraved bar sign wall decor set	Wall Décor	Décor & Pillows / Wall Décor / Wall Accents / Clear Wall Accents
13534	faux leather upholstered bench	Benches	Furniture / Living Room Furniture / Chairs & Seating / Benches / Upholstered Benches
9754	birch shower curtain hooks	Shower Curtain Hooks and Accessories	Bed & Bath / Shower Curtains & Accessories / Shower Curtain Hooks
41122	tubbs solid wood rocking adirondack chair with table	Patio Rockers & Gliders|Adirondack Chairs	Outdoor / Outdoor & Patio Furniture / Outdoor Seating & Patio Chairs / Adirondack Chairs
30264	hayward tv stand for tvs up to 75 ''	TV Stands & Entertainment Centers	Furniture / Living Room Furniture / TV Stands & Media Storage Furniture / TV Stands & Entertainment Centers
3888	ayesha collection japanese steel 2 piece cooking knife set	Knife Sets	Kitchen & Tabletop / Kitchen Utensils & Tools / Knives & Accessories / Knife Sets / Starter Knife Sets
17964	owl on branch statue	Garden Statues	Outdoor / Outdoor Décor / Statues & Sculptures / Animal Statues & Sculptures
18593	mcquade round marble breakroom table	Breakroom Tables|Dining Tables	School Furniture and Supplies / School Spaces / Cafeteria & Breakroom Furniture / Breakroom Tables
9509	real touch lavender rose , ranunculus , dried look lavender & wild grass water illusion floral arrangement in smoke glass vase centerpiece	Faux Florals	Décor & Pillows / Flowers & Plants / Faux Flowers / Mixed Faux Flowers
26599	gibson pressure balance tub and shower faucet with lever handle	Shower Faucets & Systems	Home Improvement / Bathroom Remodel & Bathroom Fixtures / Showers & Bathtubs / Showers & Bathtubs Plumbing / Shower Faucets & Systems / Fixed Head Shower Faucets & Systems
33716	drawer 3 '' center to center arch pull multipack	Cabinet and Drawer Pulls	Home Improvement / Hardware / Cabinet Hardware / Cabinet & Drawer Pulls
22617	eden plastic storage bench		Outdoor / Outdoor & Patio Furniture / Outdoor Seating & Patio Chairs / Outdoor Benches / Storage Outdoor Benches
16319	35.1 '' rectangular fold-in-half portable folding table	Folding Tables	School Furniture and Supplies / School Furniture / School Tables / Folding Tables
24845	bensville artificial lotus water lilies decorative floating	Fountain Accessories	Outdoor / Outdoor Décor / Fountain Accessories
8025	draper 26 '' w fabric lounge chair with metal frame	Reception Seating Chairs	Shop Product Type / Chairs / Guest & Reception Chairs / Fabric Guest & Reception Chairs
10328	diamonte geometric room darkening grommet curtains/drapes	Curtains & Drapes	Décor & Pillows / Window Treatments / Curtains & Drapes / 90 Inch Curtains & Drapes
34841	live plant in pot	Live Plants and Trees	Décor & Pillows / Flowers & Plants / Live Plants
2965	kids play tent for girls boys princess playhouse pink castle play tent children fairy tale play tent indoor outdoor with carry bag pink	Playhouses & Play Tents	Baby & Kids / Toddler & Kids Playroom / Indoor Play / Play Tents
40857	noemi modern & contemporary frameless lighted wall mounted mirror	Wall & Accent Mirrors	Décor & Pillows / Mirrors / All Mirrors
34141	polenza 8 ft. w x 8 ft. d metal patio gazebo	Canopies & Gazebos	Outdoor / Outdoor Shades / Gazebos / Metal Gazebos
38416	free form multi-tiered plant stand	Plant & Telephone Tables	Furniture / Living Room Furniture / Coffee Tables & End Tables / Plant Stands & Tables / Free Form Plant Stands & Tables
5541	retro self adhesive 12 '' x 12 '' x 1.5mm vinyl tile	Vinyl Flooring	Home Improvement / Flooring, Walls & Ceiling / Flooring / Vinyl Flooring / Gray Vinyl Flooring
24763	contemporary stackable chair	Stackable Chairs	School Furniture and Supplies / School Furniture / School Chairs & Seating / Stackable Chairs / Black Stackable Chairs
34467	chinoiserie chic peacock duvet cover set	Bedding Sets	Bed & Bath / Bedding / All Bedding / Twin Bedding
41908	ceiling mount 110 cfm energy star bathroom fan with light	Bath Exhaust Fans	Home Improvement / Bathroom Remodel & Bathroom Fixtures / Bathroom Hardware / Bathroom Fans / Lighted Bathroom Fans
31444	sedgerock modern full platform bed	Teen Beds|Kids Beds	Baby & Kids / Teen Bedroom Furniture / Teen Beds
31173	old country roses bone china 12 piece dinnerware set , service for 4	Dinnerware Sets & Place Settings	Kitchen & Tabletop / Tableware & Drinkware / Dinnerware / Dinnerware Sets / Bone China Dinnerware Sets
2421	coastal chip and dip platter	Serving Dishes & Platters	Kitchen & Tabletop / Tableware & Drinkware / Serveware / Condiment & Snack Serveware / Serving Dishes / Chip & Dip Serving Dishes
4070	berghoff international essentials meat hammer	Slicers, Peelers And Graters	Slicers, Peelers And Graters
29929	shiplap and beaded reversible primed 7.56 '' h x 42 '' w x 0.34 '' d stair riser	Molding & Millwork	Home Improvement / Flooring, Walls & Ceiling / Flooring Installation & Accessories / Molding & Millwork
40819	bumble bee scented pillar candle	Candles	Décor & Pillows / Candles & Holders / Candles / Pillar Candles
644	giant play top bird cage	Bird Cages	Pet / Bird / All Bird Cages / Cockatoo Bird Cages
37170	update international stock pot with lid	Stock Pots, Soup Pots and Multi-Pots	Kitchen & Tabletop / Cookware & Bakeware / Pots, Pans & Skillets / Stock, Soup & Multi-Pots / Stainless Steel Stock, Soup & Multi-Pots
3396	seeker rocking recliner	Gliders	Baby & Kids / Nursery Furniture / Nursery Gliders, Rockers & Recliners
40317	luxe monthly calendar whiteboard/chalkboard wall decal	Wall Stickers	Décor & Pillows / Wall Décor / Wall Decals
18941	rope bridge play tunnel	Playhouses & Play Tents	Early Education / Early Education Play Area / Active Play Equipment / Play Tunnels / Kids Tunnels Play Tunnels
19304	hawkins chef pro pasta server	Cooking Utensils	Kitchen & Tabletop / Kitchen Utensils & Tools / Cooking Utensils / All Cooking Utensils
3635	englewood loveseat with cushions	Patio Sofas	Outdoor / Outdoor & Patio Furniture / Outdoor Seating & Patio Chairs / Patio Seating / Patio Sofas & Sectionals / Loveseat Patio Sofas & Sectionals
23080	ruckus workstation	Science Tables	School Furniture and Supplies / School Spaces / Science Lab Furniture / Science & Lab Tables / Laminate Science & Lab Tables
37553	pizarro mid-century modern 1 drawer nightstand	Teen Nightstands|End Tables|Nightstands	Baby & Kids / Teen Bedroom Furniture / Teen Nightstands
9744	camacho industrial 72 '' tree floor lamp	Floor Lamps	Lighting / Table & Floor Lamps / Floor Lamps / Rustic Floor Lamps
39600	pegboard standard tool storage 32 '' h x 48 '' w kit	Slatwalls & Pegboards	Storage & Organization / Garage & Outdoor Storage & Organization / Tool Storage / Slatwalls & Pegboards
30431	dappled velvet	Fabric	Storage & Organization / Cleaning & Laundry Organization / Crafts & Sewing / Fabric By the Yard
9302	ashton 55.75 '' floor lamp	Floor Lamps	Lighting / Table & Floor Lamps / Floor Lamps / Traditional Floor Lamps
10223	13 in x 3.5 in brass mail slot	Mailboxes	Outdoor / Front Door Décor & Curb Appeal / Mailboxes
3909	ayesha curry non stick bakeware 3 piece round cake pan set	Cake Pans	Kitchen & Tabletop / Cookware & Bakeware / Baking Sheets & Pans / Cake Pans
7917	camila desk	Desks	Sale / Closeout / Desks / Computer Desks
21062	mod dinosaur 4 piece sheet set	Sheets And Sheet Sets	Bed & Bath / Bedding / Sheets & Pillowcases / Queen Sheets & Pillowcases
17495	splash pass floating pool football water toys	Lawn Games	Outdoor / Outdoor Recreation / Outdoor Games / All Outdoor Games
16302	hotelier towel ring	Towel Rings	Home Improvement / Bathroom Remodel & Bathroom Fixtures / Towel Storage / Towel Rings / Closed Towel Rings
26632	antler 30 '' table lamp	Table Lamps	Lighting / Table & Floor Lamps / Table Lamps / Brown Table Lamps
39535	iva cow hide print throw pillow	Accent Pillows	Décor & Pillows / Decorative Pillows & Blankets / Throw Pillows
22998	taya 59.2 '' double bathroom vanity base only	Vanity Bases	Home Improvement / Bathroom Remodel & Bathroom Fixtures / Bathroom Vanities / Vanity Bases
7941	priyansh rooster sculpture	Decorative Objects	Décor & Pillows / Home Accessories / Decorative Objects
20919	10 '' lantern		Holiday Décor / Wedding
20013	invite™ touch instant hot water dispenser	Kitchen Faucets	Home Improvement / Kitchen Remodel & Kitchen Fixtures / Kitchen Sinks & Faucet Components / Kitchen Faucets / Chrome Kitchen Faucets
25848	5 game 48.5 '' multi game table	Multi Game Tables	Furniture / Game Tables & Game Room Furniture / Multi Game Tables / Pool Multi Game Tables
11328	golden amber scented jar candle	Candles	Décor & Pillows / Candles & Holders / Candles / Jar Candles
13098	premium heavyweight 9 '' melamine salad or dessert plate	Plates & Saucers	Kitchen & Tabletop / Tableware & Drinkware / Dinnerware / Plates / Purple Plates
3894	ayesha curry cast iron grill pan	Grill Pans & Griddles	Kitchen & Tabletop / Cookware & Bakeware / Pots, Pans & Skillets / Grill & Griddle Pans
29761	la grand rue , argenteuil sisley framed painting	Wall Art	Décor & Pillows / Art / All Wall Art / White Wall Art
4079	essence 72-piece 18/10 stainless steel set , service for 12	Flatware & Silverware Sets	Kitchen & Tabletop / Tableware & Drinkware / Flatware & Cutlery / Flatware Sets / Stainless Steel Flatware Sets
19485	star wars the empire strikes back - picture frame graphic art print on paper	Licensed Products|Wall Art	Décor & Pillows / Art / All Wall Art / Purple Wall Art
34117	ta rocking chair	Rocking Chairs	Furniture / Living Room Furniture / Chairs & Seating / Rocking Chairs / Upholstered Rocking Chairs
13066	ore 10 '' melamine salad plate	Plates & Saucers	Kitchen & Tabletop / Tableware & Drinkware / Dinnerware / Plates / Gray Plates
7228	nicholas reversible quilt set	Bedding Sets	Bed & Bath / Bedding / All Bedding / King Size Bedding
9626	jade texture outdoor seat cushion	Furniture Cushions	Outdoor / Outdoor Décor / Outdoor Pillows & Cushions / Patio Furniture Cushions / Dining Chair Patio Furniture Cushions
23589	le creuset stoneware cake stand	Le Creuset - Shop By Color|Specialty Serving	Kitchen & Tabletop / Tableware & Drinkware / Serveware / Cake & Tiered Stands
17226	real touch orchid floral arrangement	Faux Florals	Décor & Pillows / Flowers & Plants / Faux Flowers / Orchid Faux Flowers
6032	best desu , inc. elegance cake tong	Cooking Utensils	Kitchen & Tabletop / Kitchen Utensils & Tools / Cooking Utensils / All Cooking Utensils / Tongs Cooking Utensils
6614	neasa 45.75 '' bookcase	Kids Bookcases	Baby & Kids / Baby & Kids Storage / Baby & Kids Bookcases
14214	90 '' h x 75 '' w lexington wood arbor	Arbors	Outdoor / Garden / Arbors
27472	viola 12 '' x 18 '' metal decorative mural tile		Home Improvement / Flooring, Walls & Ceiling / Walls & Ceilings / Accent Tiles
28592	wood adjustable height open front desk		School Furniture and Supplies / School Furniture / School Desks / Classroom Desks
13637	aurora 7 drawer dresser	Kids Dressers & Chests	Baby & Kids / Toddler & Kids Bedroom Furniture / Baby & Kids Dressers / Gold Baby & Kids Dressers
18001	stretch furniture 14 '' box spring cover	Bed Skirts	Bed & Bath / Bedding Essentials / Bed Skirts / Blue Bed Skirts
37576	bracey geometric hand loomed wool dark plum area rug	Area Rugs	Rugs / Area Rugs / 9' & 10' Area Rugs
20788	luxury thermostatic complete shower system with rough-in valve	Shower Faucets & Systems	Home Improvement / Bathroom Remodel & Bathroom Fixtures / Showers & Bathtubs / Showers & Bathtubs Plumbing / Shower Faucets & Systems / Handheld Shower Faucets & Systems
1044	standard 100 % cotton bean bag chair & lounger	Bean Bags	Furniture / Game Tables & Game Room Furniture / Bean Bag Chairs
35472	pineapple paradise glass tabletop torch	Decorative Torches	Outdoor / Garden / Garden Décor / Decorative Torches / Glass Decorative Torches
9457	porch rocking chair	Patio Rockers & Gliders	Outdoor / Outdoor & Patio Furniture / Outdoor Seating & Patio Chairs / Patio Seating / Patio Rocking Chairs & Gliders / Plastic Patio Rocking Chairs & Gliders
22186	alteo bath faucet trim , valve not included	Tub Faucets	Home Improvement / Bathroom Remodel & Bathroom Fixtures / Showers & Bathtubs / Showers & Bathtubs Plumbing / Bathtub Faucets / Roman Bathtub Faucets
19349	kaler monogram presentation 5 piece whiskey decanter set	Beverage Servers	Kitchen & Tabletop / Tableware & Drinkware / Serveware / Beverage Servers & Pitchers / Wine & Spirit Decanters / Whiskey Wine & Spirit Decanters
24757	eloise solid wood tv stand for tvs up to 78 ''	TV Stands & Entertainment Centers	Furniture / Living Room Furniture / TV Stands & Media Storage Furniture / TV Stands & Entertainment Centers / Cottage & Country TV Stands & Entertainment Centers
10146	trinsic single handle floor mounted freestanding tub filler	Tub Faucets	Home Improvement / Bathroom Remodel & Bathroom Fixtures / Showers & Bathtubs / Showers & Bathtubs Plumbing / Bathtub Faucets / Freestanding Fillers Bathtub Faucets
34483	symmons components control cartridge	Valves	Home Improvement / Bathroom Remodel & Bathroom Fixtures / Showers & Bathtubs / Showers & Bathtubs Plumbing / Valves / Tub & Shower Valves
34479	kisner canno teak wood decorative bowl	Decorative Plates & Bowls	Décor & Pillows / Home Accessories / Decorative Plates & Bowls
888	stroupe server	Sideboards & Buffets|Accent Chests / Cabinets	Furniture / Kitchen & Dining Furniture / Sideboards & Buffets / Drawer Equipped Sideboards & Buffets
3843	abby console table	Sofa & Console Tables	Furniture / Living Room Furniture / Console Tables / Red Console Tables
37565	swinney 32 '' wide papasan chair	Accent Chairs	Furniture / Living Room Furniture / Chairs & Seating / Accent Chairs / Papasan Accent Chairs
18493	goldadots pillowcase	Accent Pillows	Décor & Pillows / Decorative Pillows & Blankets / Throw Pillows / Yellow and Gold Throw Pillows
22105	eos 6 '' x 24 '' natural stone stacked stone	Floor & Wall Tile	Home Improvement / Flooring, Walls & Ceiling / Floor Tiles & Wall Tiles / Natural Stone Floor Tiles & Wall Tiles
39198	dual surface non-slip cushioning rug pad ( 0.25 '' )	Rug Pads	Rugs / Rug Pads
3047	ayesha curry canvas kid apron	Kitchen Aprons	Kitchen & Tabletop / Tableware & Drinkware / Table & Kitchen Linens / Kitchen Linens / Aprons / Children's Aprons
18565	owl free standing paper towel holder		Kitchen & Tabletop / Kitchen Organization / Countertop & Sink Organization / Paper Towel & Napkin Holders
30713	errol 28 lbs feeder	Chicken Coop Accessories	Pet / Chicken / Chicken Coop Accessories
241	hopson resin pot planter		Outdoor / Garden / Planters / Plastic Planters
21181	ashwood 32 '' wide down cushion armchair	Accent Chairs	Furniture / Living Room Furniture / Chairs & Seating / Accent Chairs / Barrel Accent Chairs
31588	isair swivel reclining glider	Gliders|Recliners	Baby & Kids / Nursery Furniture / Nursery Gliders, Rockers & Recliners / Wood Nursery Gliders, Rockers & Recliners
39207	wayfair basics curtain ring	Curtain Hardware & Accessories	Décor & Pillows / Window Treatments / Curtain Hardware & Accessories / Ring Curtain Hardware & Accessories
6208	summer retreat chippendale panel headboard	Headboards	Furniture / Bedroom Furniture / Beds & Headboards / Headboards / Wicker & Rattan Headboards
23500	dunhill fir green fir artificial christmas tree with clear/white lights	Christmas Trees	Holiday Décor / Christmas / Christmas Trees / All Christmas Trees / Slender Christmas Trees
6360	thurmond wooden garden bench	Patio Benches	Outdoor / Outdoor & Patio Furniture / Outdoor Seating & Patio Chairs / Outdoor Benches / Garden Outdoor Benches
19766	gargano 4 door accent cabinet	Accent Chests / Cabinets	Furniture / Living Room Furniture / Cabinets & Chests / Black Cabinets & Chests
10061	allure 63.5 '' w x 73 '' h pivot frameless shower door	Shower & Tub Doors	Home Improvement / Bathroom Remodel & Bathroom Fixtures / Showers & Bathtubs / Shower & Bathtub Doors / Pivot Shower & Bathtub Doors
20307	callan newport single dummy door lever	Door Levers	Home Improvement / Doors & Door Hardware / Door Hardware & Accessories / Door Levers / Flat Door Levers
5937	63 '' w waiting room chair with metal frame	Waiting Room Chairs	Commercial Business Furniture / Commercial Office Furniture / Office Seating / Waiting Room Chairs / Metal Waiting Room Chairs
39126	impervious 2/5 '' thick x 5 '' wide x varying length waterproof engineered hardwood flooring	Hardwood Flooring	Home Improvement / Flooring, Walls & Ceiling / Flooring / Hardwood Flooring / Birch Hardwood Flooring
26020	abrego wardrobe armoire	Kids Armoires	Baby & Kids / Toddler & Kids Bedroom Furniture / Kids Armoires
6379	tropical aloe succulent in pot in planter	Faux Plants and Trees	Décor & Pillows / Flowers & Plants / Faux Plants
25490	athena desk	Desks	Sale / Closeout / Desks / Computer Desks
28363	nesco 9.5 qt . digital smart canner	Slow Cookers	Kitchen & Tabletop / Small Kitchen Appliances / Pressure & Slow Cookers / Multi-Cookers / Multi Multi-Cookers
9589	4-in-1 child climbing and rocking	Climbing Toys & Slides	Outdoor / Outdoor Recreation / Backyard Play / Climbing Toys & Slides / 1 to 2 Year Old Climbing Toys & Slides
21675	alpine 4 drawer chest	Kids Dressers & Chests|Dressers & Chests	Baby & Kids / Toddler & Kids Bedroom Furniture / Baby & Kids Dressers / Black Baby & Kids Dressers
3936	ayesha curry 12 cup non-stick muffin pan	Muffin & Cupcake Pans	Kitchen & Tabletop / Cookware & Bakeware / Baking Sheets & Pans / Muffin & Cupcake Pans
16312	47.3 '' rectangular fold-in-half adjustable folding table	Folding Tables	School Furniture and Supplies / School Furniture / School Tables / Folding Tables
23706	hildred 3 - light dimmable vanity light		Sale / Closeout / Bathroom Vanity Lighting / Coastal Bathroom Vanity Lighting
3912	ayesha curry non-stick round cake pan	Cake Pans	Kitchen & Tabletop / Cookware & Bakeware / Baking Sheets & Pans / Cake Pans
16994	dions 9 piece dining set	Dining Table Sets	Furniture / Kitchen & Dining Furniture / Dining Tables & Seating / Kitchen & Dining Room Sets / 11 Piece Kitchen & Dining Room Sets
511	38.5 '' plastic square fold-in-half portable folding table	Folding Tables	School Furniture and Supplies / School Furniture / School Tables / Folding Tables / Plastic & Resin Folding Tables
5300	keeton writing desk and chair set	Office Sets|Desks	Furniture / Office Furniture / Desks / Writing Desks
5760	architectural 1-gang toggle light switch wall plate	Wall Plates	Home Improvement / Hardware / Home Hardware / Switch Plates
17150	orcutt 6 drawer standard dresser	Dressers & Chests	Furniture / Bedroom Furniture / Dressers & Chests / White Dressers & Chests
39601	over the wall jewelry organizer 32 '' h x 16 '' w pegboard	Slatwalls & Pegboards	Storage & Organization / Garage & Outdoor Storage & Organization / Tool Storage / Slatwalls & Pegboards
24360	pirate ship steering wheel wall décor	Wall Décor	Décor & Pillows / Wall Décor / Wall Accents / Chrome Wall Accents
3210	simple elegance 12 '' x 12 '' x 1.5mm luxury vinyl tile	Vinyl Flooring	Home Improvement / Flooring, Walls & Ceiling / Flooring / Vinyl Flooring / Blue Vinyl Flooring
40761	sunflower sprays with 36 '' sunflower stem	Faux Florals	Décor & Pillows / Flowers & Plants / Faux Flowers / Sunflower Faux Flowers
30070	sliding closet door track	Door Hardware Accessories	Home Improvement / Doors & Door Hardware / Door Hardware & Accessories / Door Hardware / Shutter and Door Hardware
7930	westerleigh 41.1 '' console table	Sofa & Console Tables	Furniture / Living Room Furniture / Console Tables / Black Console Tables
26412	children ’ s swing chair with stand	Porch Swings|Hammocks	Outdoor / Outdoor & Patio Furniture / Outdoor Seating & Patio Chairs / Porch Swings / Single Person Porch Swings
24373	holiday melamine 10.5 '' dinner plate	Plates & Saucers	Kitchen & Tabletop / Tableware & Drinkware / Dinnerware / Plates / Multi-Colored Plates
5539	built-in waterproof grill covers	Furniture Covers	Storage & Organization / Garage & Outdoor Storage & Organization / Outdoor Covers / Patio Furniture Covers
31006	420 series server rack	Rackmounts & Rackmount Accessories	School Furniture and Supplies / School Boards & Technology / AV, Mounts & Tech Accessories / Electronic Mounts & Stands / Rackmounts & Rackmount Accessories / Cabinet System Rackmounts & Rackmount Accessories
38602	alder nesting rectangular serving tray	Serving Dishes & Platters	Kitchen & Tabletop / Tableware & Drinkware / Serveware / Serving Trays & Boards / Serving Trays & Platters / Trays Serving Trays & Platters
34566	height adjustable standing desk with built in outlets	Desks	Sale / Closeout / Desks / Standing Desks
3339	diwali doorway curtain	Holiday Accents & Decor	Décor & Pillows / Seasonal Décor / Fall Décor / Fall Decorative Accents / NA Fall Decorative Accents
18537	photoelectric smoke and fire alarm	Smoke & CO Detectors	Home Improvement / Kitchen Remodel & Kitchen Fixtures / Smoke Detectors / Wall & Ceiling Mounted Smoke Detectors
29132	rolling pu leather height adjustable lab stool	Office Stools	Furniture / Office Furniture / Office Stools
22163	caxton 15/16 '' length square knob	Cabinet and Drawer Knobs	Home Improvement / Hardware / Cabinet Hardware / Cabinet & Drawer Knobs / Brown Cabinet & Drawer Knobs
29813	ozeri green earth all-in-one apeo & pfoa-free 5.3 qt non-stick sauce pan with lid	Saucepans And Sauciers	Kitchen & Tabletop / Cookware & Bakeware / Pots, Pans & Skillets / Sauce Pans / 4.1 - 6 Quart Sauce Pans
10987	oslo cake / pastry server	Flatware & Silverware Serving Pieces	Kitchen & Tabletop / Tableware & Drinkware / Flatware & Cutlery / Serving Utensils
24832	modern bohemian 3 piece platter set	Serving Dishes & Platters	Sale / Closeout / Serving Trays & Platters / Serving Serving Trays & Platters
24047	replacement privacy panel for opp 10x10 ft. gazebo with one side privacy panel	Shade Accessories	Outdoor / Outdoor Shades / Outdoor Shade Accessories / Side Wall Outdoor Shade Accessories
42905	lotus reclining chaise lounge	Indoor Chaise Lounges	Furniture / Living Room Furniture / Chairs & Seating / Chaise Lounge Chairs / Polyester & Polyester Blend Chaise Lounge Chairs
2424	pineapple paper towel holder	Napkin Holders & Paper Towel Holders	Kitchen & Tabletop / Kitchen Organization / Countertop & Sink Organization / Paper Towel & Napkin Holders / Metal Paper Towel & Napkin Holders
42103	paw print solar powered led pathway light	Landscape Lighting	Lighting / Outdoor Lighting / Landscape Lighting / All Landscape Lighting
18491	bonjour eiffel tower poodle by april heather graphic art on wrapped canvas	Wall Art	Décor & Pillows / Art / All Wall Art / Purple Wall Art
29151	falmacrilly dinosaur portrait - brachiosaurus mini canvas framed art	Kids Wall Décor	Baby & Kids / Baby & Kids Décor & Lighting / All Baby & Kids Wall Art
28183	40 piece steel slatwall accessory kit	Slatwall & Pegboard Accessories	Storage & Organization / Garage & Outdoor Storage & Organization / Tool Storage / Slatwall Accessories
25893	cage toys 5 in x 5 in x 5 in birdhouse	Birdhouses	Outdoor / Garden / Outdoor Animal Care / Wild Bird Care / Bird Houses / Bird Bird Houses
19069	madalyn platform 4 piece bedroom set	Bedroom Sets	Furniture / Bedroom Furniture / Bedroom Sets
1219	unvivesal bed and furniture riser	Furniture Parts	Foodservice / Foodservice Tables / Table Parts
8771	usb mini portable air conditioner	Air Conditioners	Home Improvement / Heating, Cooling & Air Quality / Cooling / Air Conditioners / Portable Air Conditioners
41142	lamp bulb6	Light Bulbs	Lighting / Light Bulbs & Hardware / Light Bulbs / All Light Bulbs / CFL Light Bulbs
37336	lipson 4-light vanity light	Vanity Lighting	Lighting / Wall Lights / Bathroom Vanity Lighting / Rustic & Farmhouse Bathroom Vanity Lighting
8708	andrea 21 '' solid wood circular fold-in-half portable folding table	Folding Tables	Sale / Closeout / Folding Tables / Wood Folding Tables
18511	rack shelves for server racks cabinet	Rackmounts & Rackmount Accessories	School Furniture and Supplies / School Boards & Technology / AV, Mounts & Tech Accessories / Electronic Mounts & Stands / Rackmounts & Rackmount Accessories
30753	amber cotton lumbar pillow	Accent Pillows	Décor & Pillows / Decorative Pillows & Blankets / Throw Pillows / Orange Throw Pillows
34574	vinyl 3 curtains single shower curtain	Shower Curtains	Bed & Bath / Shower Curtains & Accessories / Shower Curtains & Shower Liners / White Shower Curtains & Shower Liners
31559	anti-fatigue wash rack mat		Storage & Organization / Garage & Outdoor Storage & Organization / Garage Floors & Mats
24210	ergonomic posture correction kids activity chair	Teen Desk Chairs	Baby & Kids / Teen Bedroom Furniture / Teen Desk Chairs
28866	villalpando rolling laundry sorter utility cart	Carts & Stands	Commercial Business Furniture / Commercial Office Furniture / Office Storage & Filing / Office Carts & Stands / All Carts & Stands
28838	polyresin propane/natural gas fire pit table	Outdoor Fireplaces	Outdoor / Outdoor Heating / Fire Pits / Natural Gas Fire Pits
18740	brice rocking swivel patio chair with cushions	Patio Lounge Chairs	Outdoor / Outdoor & Patio Furniture / Outdoor Seating & Patio Chairs / Patio Seating / Outdoor Club Chairs
10656	key chain	Key Organizers	Key Organizers
2536	peacock window panel	Stained Glass Panels	Décor & Pillows / Wall Décor / Stained Glass Panels / Arch Shaped Stained Glass Panels
12457	linen dual cabinet laundry hamper	Hampers & Baskets	Storage & Organization / Bathroom Storage & Organization / Hampers & Laundry Baskets / Cabinet Laundry Hampers & Laundry Baskets
11101	velvet queen sunflower decorative bird feeder	Bird Feeders	Outdoor / Garden / Outdoor Animal Care / Wild Bird Care / Bird Feeders / Decorative Bird Feeders
13787	panos 32.5 '' wide manual wing chair recliner	Recliners	Furniture / Living Room Furniture / Chairs & Seating / Recliners / Brown Recliners
793	flowering plant with 3 sunflower heads in pot	Faux Plants and Trees	Décor & Pillows / Flowers & Plants / Faux Plants / Flowering Faux Plants
2391	select 400 4-person 20-jet plug and play hot tub with led light and waterfall	Hot Tubs	Outdoor / Hot Tubs & Saunas / Hot Tubs / LED Lighting Hot Tubs
39356	52 '' poirier 5 - blade chandelier ceiling fan with remote control and light kit included	Ceiling Fans	Lighting / Ceiling Fans / All Ceiling Fans / Black Blades Ceiling Fans
2369	40 watt t3 xenon/krypton , dimmable light bulb , ( 2700k ) e12/candelabra base	Light Bulbs	Lighting / Light Bulbs & Hardware / Light Bulbs / All Light Bulbs / High Intensity Discharge Light Bulbs
2194	led strip lighting 2x5m 32.8 ft 5050 rgb 300 leds flexible color changing light		Lighting / Wall Lights / Under Cabinet Lighting
6814	motocross / dirt bike themed light weight cornhole game set	Lawn Games	Outdoor / Outdoor Recreation / Outdoor Games / All Outdoor Games / Cornhole Outdoor Games
36422	reclining stadium seat with cushion	Lawn and Beach Chairs	Outdoor / Outdoor & Patio Furniture / Outdoor Seating & Patio Chairs / Beach & Lawn Chairs / Stadium Chair Beach & Lawn Chairs
42135	open scallop play top bird cage	Bird Cages	Pet / Bird / All Bird Cages / Parrot Bird Cages
35050	gracie modern steel arbor	Arbors	Outdoor / Garden / Arbors / Steel Arbors
802	wooden spoon metal wall décor	Wall Décor	Décor & Pillows / Wall Décor / Wall Accents / Green Wall Accents
36072	power reclining heated massage chair	Massage Chairs|Recliners	Furniture / Living Room Furniture / Chairs & Seating / Massage Chairs
2015	aristede mobile adjustable bed base and mattress	Daybeds & Guest Beds	Furniture / Bedroom Furniture / Daybeds
39604	branimirka bee free standing 8 in x 9 in x 9 in bumblebee house	Birdhouses	Outdoor / Garden / Outdoor Animal Care / Wild Bird Care / Bird Houses
34006	foam cube kids soft seating	Kids Chairs|Soft Seating	School Furniture and Supplies / School Furniture / School Chairs & Seating / Soft Seating
4069	berghoff international studio 29pc nylon and bamboo ktichen tool set	Cooking Utensils	Kitchen & Tabletop / Kitchen Utensils & Tools / Cooking Utensils / All Cooking Utensils / Kitchen Cooking Utensils
34030	lucia glass sliding closet door	Interior Doors	Home Improvement / Doors & Door Hardware / Interior Doors / Sliding Interior Doors
40255	spinelli 6 bottle hanging wine bottle & glass rack	Wine Racks	Kitchen & Tabletop / Tableware & Drinkware / Barware / Wine Racks
26325	arley 15.6 '' zero gravity adjustable bed with wireless remote	Adjustable Beds	Bed & Bath / Mattresses & Foundations / Adjustable Beds
29529	lighted door chime	Door Bells & Chimes	Home Improvement / Doors & Door Hardware / Door Hardware & Accessories / Doorbells & Chimes
22995	rackham 4 drawer chest	Dressers & Chests	Furniture / Bedroom Furniture / Dressers & Chests / White Dressers & Chests
31593	thuy 58.25 '' pillow top arm reclining loveseat	Sofas	Furniture / Living Room Furniture / Sofas
5662	ecker undated calendar desk pad	Desktop Organizers & Desk Pads	Storage & Organization / Office Organization / Desk Pads / Desk Mat Desk Pads
24314	2 piece solid sliver metal accent tray set	Decorative Trays	Décor & Pillows / Home Accessories / Decorative Trays / Metal Decorative Trays
28494	zula a love that is good decorative box	Decorative Boxes	Décor & Pillows / Home Accessories / Decorative Boxes
17052	sink commercial pull down single handle kitchen faucet	Kitchen Faucets	Home Improvement / Kitchen Remodel & Kitchen Fixtures / Kitchen Sinks & Faucet Components / Kitchen Faucets
36236	treepod cabana	Hammocks	Outdoor / Outdoor & Patio Furniture / Outdoor Seating & Patio Chairs / Hammocks / Chair Hammocks
7175	columbia solid blackout thermal rod pocket single curtain panel	Curtains & Drapes	Sale / Closeout / Curtains & Drapes / 63 Inch and Less Curtains & Drapes
28917	high pile carpet straight edge chair mat	Chairmats	Furniture / Office Furniture / Chair Mats / Medium Pile Carpet Chair Mats
22869	madelia 127 '' wide faux leather left hand facing reclining sectional	Sectionals	Furniture / Living Room Furniture / Sectionals / Reclining Sectionals
5249	wall shelf	Wall Mounted Shelves	Storage & Organization / Wall Shelving & Organization / Wall & Display Shelves / Corner Wall & Display Shelves
10202	zura trim wall mounted bathroom faucet	Bathroom Sink Faucets	Home Improvement / Bathroom Remodel & Bathroom Fixtures / Bathroom Sinks & Faucet Components / Bathroom Sink Faucets / Wall Mounted Bathroom Sink Faucets
17215	device disinfector	Portable Electronic Mounts	School Furniture and Supplies / School Boards & Technology / AV, Mounts & Tech Accessories / Electronic Mounts & Stands / Portable Electronic Mounts
6389	rinehart mid century modern dining chair	Dining Chairs	Sale / Closeout / Kitchen & Dining Chairs / Armed Kitchen & Dining Chairs
29822	aubusson hand-woven wool green/plum area rug	Area Rugs	Rugs / Area Rugs / 10' x 14' Area Rugs
36909	outdoor waterproof camping 4 person tent	Camping Tents & Shelters	Outdoor / Outdoor Recreation / Camping & Hiking / Tents
67	happy camper novelty hut lamb wheat - cat hut - covered dog bed	Cat Beds	Pet / Cat / Cat Beds
3201	nexus self adhesive 12 '' x 12 '' x 1mm vinyl tile	Vinyl Flooring	Home Improvement / Flooring, Walls & Ceiling / Flooring / Vinyl Flooring / Black Vinyl Flooring
6729	winston porter makan 2.5 qt . sauce pan with lid	Saucepans And Sauciers	Kitchen & Tabletop / Cookware & Bakeware / Pots, Pans & Skillets / Sauce Pans / 2.1 - 4 Quart Sauce Pans
18377	benedetta designed wooden 3 drawer nightstand	Nightstands	Furniture / Bedroom Furniture / Nightstands / Grey Nightstands
14225	cedar rocking chair	Rocking Chairs	Furniture / Living Room Furniture / Chairs & Seating / Rocking Chairs / Wood Rocking Chairs
34294	everardo 12 - light kitchen island linear pendant	Pendant Lights	Lighting / Ceiling Lights / Pendant Lighting / Kitchen Island Pendant Lighting
37450	6 '' x 6 '' glass decorative accent tile in gray/brown	Accent Tiles	Home Improvement / Flooring, Walls & Ceiling / Walls & Ceilings / Accent Tiles / Glass Accent Tiles
8528	24 '' riser	Commercial Plumbing Parts & Accessories	Contractor / Commercial Contractor / Commercial Plumbing Parts & Accessories
8378	goodyear solid wood dining table	Dining Tables	Furniture / Kitchen & Dining Furniture / Dining Tables & Seating / Kitchen & Dining Tables / 4 Seat Kitchen & Dining Tables
9630	outdoor adirondack chair cushion	Furniture Cushions	Outdoor / Outdoor Décor / Outdoor Pillows & Cushions / Patio Furniture Cushions / Adirondack Chair Patio Furniture Cushions
2713	almira kitchen island	Kitchen Islands	Furniture / Kitchen & Dining Furniture / Kitchen Islands & Carts / Kitchen Islands Kitchen Islands & Carts
25773	mycuisina cool kitchen 8 qts stainless steel round non-stick pro casserole with lids	Baking Dishes	Kitchen & Tabletop / Cookware & Bakeware / Baking Sheets & Pans / Baking Dishes / Steel Baking Dishes
6055	bed risers	Bed Accessories	Bed Accessories
17947	fiber and resin tree trunk fountain with led light	Fountains	Décor & Pillows / Home Accessories / Indoor Fountains
30223	prime cook non-stick silicone loaf baking pan	Bread & Loaf Pans	Kitchen & Tabletop / Cookware & Bakeware / Baking Sheets & Pans / Bread & Loaf Pans / Silicone Bread & Loaf Pans
35234	pre-lit wooden christmas tree	Holiday Accents & Decor	Holiday Décor / Christmas / Christmas Decorations / Christmas Tabletop Trees / Tabletop Trees Christmas Tabletop Trees
16188	3.8 cu . ft. top load washer and 5.9 cu . ft. dryer	Washer and Dryer Sets	Appliances / Washers & Dryers / Washer & Dryer Sets / Gray & Slate Washer & Dryer Sets
11348	truck for rectangle stacking table dolly	Dollies	Home Improvement / Building Equipment / Dollies / Table Dollies
10774	arturo black 1 -light 11 '' integrated led pier mount light	Post Lanterns	Lighting / Outdoor Lighting / Post Lights / Dusk to Dawn Post Lights
13689	fairy tale mini 4 pieces fairy garden set	Garden Accents	Outdoor / Garden / Garden Décor / Lawn & Garden Accents
11077	4 shelf book display	Classroom Storage	School Furniture and Supplies / School Furniture / School Storage / All Classroom Storage / Book Display Classroom Storage
16656	dc450 high rise electric dual monitor standing desk workstation , 28w x 23d x 20.25h , black/aluminum	Computer Mounts	School Furniture and Supplies / School Boards & Technology / AV, Mounts & Tech Accessories / Electronic Mounts & Stands / Computer Mounts
18131	gripper coastal stripe extra thick non slip indoor bench cushion	Furniture Cushions	Kitchen & Tabletop / Tableware & Drinkware / Table & Kitchen Linens / Kitchen Linens / Chair & Seat Cushions / Bench Chair & Seat Cushions
42262	46 bottle and 149 can single zone freestanding wine & beverage refrigerator	Wine Refrigerators	Kitchen & Tabletop / Small Kitchen Appliances / Beverage Coolers & Appliances / Wine Refrigerators / Medium Wine Refrigerators
9966	dualit barista coffee kit	Coffee & Espresso Accessories	Kitchen & Tabletop / Small Kitchen Appliances / Coffee, Espresso, & Tea / Coffee & Tea Storage / Coffee Storage & Accessories
7890	cuisinox pasta tong	Cooking Utensils	Kitchen & Tabletop / Kitchen Utensils & Tools / Cooking Utensils / All Cooking Utensils / Tongs Cooking Utensils
12967	woven 9 '' melamine salad plate	Plates & Saucers	Kitchen & Tabletop / Tableware & Drinkware / Dinnerware / Plates / Green Plates
3902	ayesha pantryware food storage container	Food Storage & Dispensers	Kitchen & Tabletop / Kitchen Organization / Food Storage & Canisters / Food Storage Containers / Containers Food Storage Containers
34323	thin line 22 '' counter depth top freezer 8.8 cu . ft. refrigerator	Refrigerators	Appliances / Kitchen Appliances / Refrigerators & Freezers / All Refrigerators / Top Freezer Refrigerators
12441	sunflower decorative bird feeder	Bird Feeders	Outdoor / Garden / Outdoor Animal Care / Wild Bird Care / Bird Feeders
27482	montross 3 piece tufted cotton chenille damask duvet cover set	Bedding Sets	Bed & Bath / Bedding / All Bedding
20988	sunflower collection floral sheet set	Sheets And Sheet Sets	Bed & Bath / Bedding / Sheets & Pillowcases / Queen Sheets & Pillowcases
3428	sugar jar	Creamers & Sugar Bowls	Kitchen & Tabletop / Tableware & Drinkware / Serveware / Condiment & Snack Serveware / Sugar Bowls & Creamers
5474	jeffries 6 drawer dresser	Dressers & Chests	Furniture / Bedroom Furniture / Dressers & Chests / Grey Dressers & Chests
18212	35 '' folding cards table	Poker & Casino Tables	Furniture / Game Tables & Game Room Furniture / Poker & Card Tables / Foldable Poker & Card Tables
37281	classic retro 22 '' counter depth bottom freezer energy star 7 cu . ft. refrigerator	Refrigerators	Appliances / Kitchen Appliances / Refrigerators & Freezers / All Refrigerators / Bottom Freezer Refrigerators
3232	dominion 3 1/2 '' center to center bar pull	Cabinet and Drawer Pulls	Home Improvement / Hardware / Cabinet Hardware / Cabinet & Drawer Pulls / Brass Cabinet & Drawer Pulls
7137	siobhan multi-tiered plant stand	Plant & Telephone Tables	Furniture / Living Room Furniture / Coffee Tables & End Tables / Plant Stands & Tables / Rectangular Plant Stands & Tables
38238	darcio indoor/ indoor/outdoor dining chair cushion	Furniture Cushions	Outdoor / Outdoor Décor / Outdoor Pillows & Cushions / Patio Furniture Cushions
16269	honey bee	Holiday Accents & Decor	Browse By Brand / Zoomie Kids
25289	faux rose and hydrangea floral arrangement in glass vase	Faux Florals	Décor & Pillows / Flowers & Plants / Faux Flowers / Mixed Faux Flowers
41244	storagehouse 6 ft. w x 6 ft. d plastic portable tool shed	Sheds	Storage & Organization / Garage & Outdoor Storage & Organization / Sheds / Tool Sheds
40803	sweet serif block font wood sign home gallery wall décor	Wall Décor	Décor & Pillows / Wall Décor / Wall Accents / Unfinished Wall Accents
16972	autberry 5 piece pub table set	Dining Table Sets	Furniture / Kitchen & Dining Furniture / Dining Tables & Seating / Kitchen & Dining Room Sets / 5 Piece Kitchen & Dining Room Sets
42181	10 ft. w x 12 ft. d solid wood pergola	Pergolas	Outdoor / Outdoor Shades / Pergolas
4513	nala coat rack	Coat Racks and Hooks	Contractor / Entry & Hallway / Coat Racks & Umbrella Stands
15781	plastic bag cabinet door organizer	Cabinet Organization	Kitchen & Tabletop / Kitchen Organization / Cabinet & Pantry Organization / All Cabinet Organization
3426	hera multifunctional cotton body pillow support pillow	Standard Bed Pillows	Bed & Bath / Bedding Essentials / Bed Pillows
68	cerys bath exclusive 4 piece bathroom hardware set	Bathroom Hardware Sets	Home Improvement / Bathroom Remodel & Bathroom Fixtures / Bathroom Hardware / Bathroom Hardware Sets
25966	350 lb . capacity quick change arbor	Dollies	Home Improvement / Building Equipment / Dollies
12229	ducote industrial modern iron/glass bar cart	Bar Carts	Furniture / Kitchen & Dining Furniture / Bar Furniture / Bar Carts
20544	12 piece twig branch	Faux Plants and Trees	Faux Plants and Trees
19606	21 '' cabinet vanity base	Vanity Bases	"Home Improvement / Bathroom Remodel & Bathroom Fixtures / Bathroom Vanities / Vanity Bases / 20"" - 25"" Vanity Bases"
31359	mainor tv stand for tvs up to 70 ''	Sideboards & Buffets|TV Stands & Entertainment Centers	Furniture / Living Room Furniture / TV Stands & Media Storage Furniture / TV Stands & Entertainment Centers / Traditional TV Stands & Entertainment Centers
35970	6 '' led recessed lighting kit	Recessed Lighting Kits	Lighting / Ceiling Lights / Recessed Lighting / Recessed Lighting Kits
32707	beluga bubbles night light	Night Lights	Lighting / Wall Lights / Night Lights / Modern & Contemporary Night Lights
13190	high pile carpet beveled edge chair mat	Chairmats	Furniture / Office Furniture / Chair Mats / High Pile Carpet Chair Mats
36623	the forest fairies 2 piece moss fairy and skye fairy statue set	Garden Statues	Outdoor / Outdoor Décor / Statues & Sculptures / Fairy Statues & Sculptures
36847	monthly desk pad calendar	Desktop Organizers & Desk Pads	Storage & Organization / Office Organization / Desk Pads / Desk Mat Desk Pads
276	oriental hand knotted wool plum area rug	Area Rugs	Rugs / Area Rugs / 9' x 12' Area Rugs
31831	pratt all purpose rolling utility cart		Commercial Business Furniture / Commercial Office Furniture / Office Storage & Filing / Office Carts & Stands / All Carts & Stands / Utility Carts & Stands
35671	kasper waterproof memory foam pillow	Dog Beds & Mats	Pet / Dog / Dog Beds / All Dog Beds
4708	drafting chair	Office Chairs	Furniture / Office Furniture / Office Chairs / Drafting Office Chairs
3295	70 '' x 32 '' freestanding soaking fiberglass bathtub with faucet	Tubs And Whirlpools	Home Improvement / Bathroom Remodel & Bathroom Fixtures / Showers & Bathtubs / Bathtubs
31629	stolle 54.5 '' wide manual standard recliner	Recliners	Furniture / Living Room Furniture / Chairs & Seating / Recliners / Gray Recliners
197	microsuede indoor bench cushion	Furniture Cushions	Kitchen & Tabletop / Tableware & Drinkware / Table & Kitchen Linens / Kitchen Linens / Chair & Seat Cushions / Bench Chair & Seat Cushions
3478	raglen 22.25 '' w x 25 '' h x 8 '' d wall mounted bathroom cabinet	Bathroom Storage	Storage & Organization / Bathroom Storage & Organization / Bathroom Cabinets & Shelving / Cabinet Bathroom Cabinets & Shelving
16519	surge protector wall mounted power strip	Lighting Accessories	Lighting / Light Bulbs & Hardware / Lighting Components
33918	supreme housewares 2.4 qt . stainless steel whistling stovetop kettle	Stovetop & Electric Tea Kettles	Kitchen & Tabletop / Small Kitchen Appliances / Coffee, Espresso, & Tea / Tea Kettles / Stainless Steel Tea Kettles
37216	3 basket shower caddy	Shower & Tub Accessories	Home Improvement / Bathroom Remodel & Bathroom Fixtures / Showers & Bathtubs / Shower & Bathtub Accessories
40185	4.75 '' h glass bell pendant shade ( screw on ) in white	Lighting Shades	Lighting / Light Bulbs & Hardware / Lighting Shades
18704	shed kit ( brackets only )		Storage & Organization / Garage & Outdoor Storage & Organization / Shed Accessories
24938	willsboro melamine square 8.25 '' salad plate	Plates & Saucers	Kitchen & Tabletop / Tableware & Drinkware / Dinnerware / Plates / Brown Plates
14350	15-amp standard duplex outlet	Switches, Dimmers & Outlets	Home Improvement / Hardware / Home Hardware / Switches, Dimmers & Outlets
39020	avery 59 '' single bathroom vanity base only	Vanity Bases	"Home Improvement / Bathroom Remodel & Bathroom Fixtures / Bathroom Vanities / Vanity Bases / 56"" - 60"" Vanity Bases"
20614	aluminum camping table	Patio Tables	Outdoor / Outdoor & Patio Furniture / Outdoor Tables / All Patio Tables / Two Person Patio Tables
7186	5 '' glass bell ceiling fan fitter shade ( screw on )	Lighting Shades	Lighting / Light Bulbs & Hardware / Light Shades / Clear & Glass Light Shades
39479	label view 12 bottle wall mounted wine bottle rack	Wine Racks	Kitchen & Tabletop / Tableware & Drinkware / Barware / Wine Racks / Bottle Wine Racks
33323	ventura 3-part sham	Bedding Accessories	Bed & Bath / Bedding / Pillow Shams & Euro Shams / Sham Pillow Shams & Euro Shams
3278	welcome home yard sign	Signs & Sign Holders	School Furniture and Supplies / Facilities & Maintenance / Commercial Signage / Free Standing Commercial Signage
32833	ramsauer step bookcase	Bookcases	Furniture / Living Room Furniture / Bookcases
24310	ramapo solid wood tv stand for tvs up to 65 ''	TV Stands & Entertainment Centers	Furniture / Living Room Furniture / TV Stands & Media Storage Furniture / TV Stands & Entertainment Centers
30364	portmeirion botanic garden meat loaf dish	Bread & Loaf Pans	Kitchen & Tabletop / Cookware & Bakeware / Baking Sheets & Pans / Bread & Loaf Pans / Ceramic Bread & Loaf Pans
29576	deluxe adjustable sliding semi-sheer vertical blind	Blinds and Shades	Décor & Pillows / Window Treatments / Blinds & Shades
35156	lensky 2 drawer nightstand	Nightstands	Furniture / Bedroom Furniture / Nightstands / Grey Nightstands
27122	4 '' x 12 '' marble look wall & floor tile	Floor & Wall Tile	Home Improvement / Flooring, Walls & Ceiling / Floor Tiles & Wall Tiles / Natural Stone Floor Tiles & Wall Tiles
25416	nautical monthly calendar magnetic whiteboard	Bulletin Boards, Whiteboards, Chalkboards	Commercial Business Furniture / Boards & Tech Accessories / All Boards / Whiteboard Boards
37901	matte stone oval vessel bathroom sink	Bathroom Sinks	Home Improvement / Bathroom Remodel & Bathroom Fixtures / Bathroom Sinks & Faucet Components / Bathroom Sinks
15625	double chaise lounge floor sofa	Teen Lounge Furniture	Baby & Kids / Teen Bedroom Furniture / Teen Lounge Furniture
27629	adjustable ankle weights	Therapeutic Cushions	Shop Product Type / Chair Pads & Cushions / Therapeutic Cushions
16778	peacock feathers solar lighted birdbath	Bird Baths	Outdoor / Garden / Outdoor Animal Care / Wild Bird Care / Bird Baths
22836	zanella stool	Accent Stools	Furniture / Living Room Furniture / Chairs & Seating / Accent Stools / Ceramic Accent Stools
32014	deluxe free standing pet gate	Pet Gates	Pet / Dog / Pet Gates, Fences & Doors / Pet Gates
6540	simple home office storage cabinet	Office Storage Cabinets	Furniture / Office Furniture / Office Storage Cabinets
26019	avance vanity	Makeup Vanities	Furniture / Bedroom Furniture / Makeup Vanities
41909	ceiling mount 80 cfm energy star bathroom fan	Bath Exhaust Fans	Home Improvement / Bathroom Remodel & Bathroom Fixtures / Bathroom Hardware / Bathroom Fans / Title 24 Compliant Bathroom Fans
25968	500 lbs . capacity hand truck dolly	Dollies	Home Improvement / Building Equipment / Dollies / Hand Truck Dollies
6856	hollandsworth queen day bed with trundle		Furniture / Bedroom Furniture / Daybeds
28587	optional dividers for wire baskets	Shelving Accessories	Storage & Organization / Garage & Outdoor Storage & Organization / Garage Shelving Accessories
8007	led flat panel light	Commercial Ceiling Lighting	Contractor / Commercial Contractor / Commercial Lighting / Commercial Ceiling Lighting
35013	alysa watercolor windflower painted duvet cover set	Teen Bedding|Bedding Sets	Baby & Kids / Teen Bedding / All Teen Bedding
10942	white ceramic rectangular wall mount bathroom sink	Bathroom Sinks	Home Improvement / Bathroom Remodel & Bathroom Fixtures / Bathroom Sinks & Faucet Components / Bathroom Sinks / Wall Mount Bathroom Sinks
36446	rother chaise lounge	Indoor Chaise Lounges	Furniture / Living Room Furniture / Chairs & Seating / Chaise Lounge Chairs / Chenille Chaise Lounge Chairs
21846	heart holiday shaped ornament		Holiday Décor / Christmas / Christmas Tree Decorations / Christmas Ornaments / All Christmas Ornaments
20806	champagne circle metal wall decor	Wall Décor	Décor & Pillows / Wall Décor / Wall Accents / Silver Wall Accents
42989	malibu pressure balanced diverter fixed shower head shower panel	Shower Panels	Home Improvement / Bathroom Remodel & Bathroom Fixtures / Showers & Bathtubs / Showers & Bathtubs Plumbing / Shower Panels / Wall Mounted Shower Panels
39708	silver wood wall decor		Décor & Pillows / Wall Décor / Wall Accents / Silver Wall Accents
22984	arie pillowcase	Sheets And Sheet Sets	Sale / Closeout / Bedding / Sheets & Pillowcases
41070	chickadees and sunflowers window panel	Stained Glass Panels	Décor & Pillows / Wall Décor / Stained Glass Panels
25204	tensabowl accessory	Stanchions	School Furniture and Supplies / School Spaces / Cafeteria & Breakroom Furniture / Stanchions
515	zown 32 '' plastic circular portable folding table	Folding Tables	School Furniture and Supplies / School Furniture / School Tables / Folding Tables / Plastic & Resin Folding Tables
1034	christl bar with wine storage	Bars & Bar Sets	Furniture / Kitchen & Dining Furniture / Bar Furniture / Home Bars & Bar Sets
23563	uman height adjustable standing desk	Desks	Furniture / Office Furniture / Desks / Standing Desks
37361	creative kids table and chair set	Kids Tables and Sets	Baby & Kids / Toddler & Kids Playroom / Playroom Furniture / Toddler & Kids Table & Chair Sets / Rectangle Toddler & Kids Table & Chair Sets
34868	genele 20 piece flatware set , service for 4	Flatware & Silverware Sets	Kitchen & Tabletop / Tableware & Drinkware / Flatware & Cutlery / Flatware Sets
36305	climsland 4-light vanity light		Lighting / Wall Lights / Bathroom Vanity Lighting / Traditional Bathroom Vanity Lighting
7840	counterart tempered glass sunflower fields cutting board	Cutting Boards	Kitchen & Tabletop / Kitchen Utensils & Tools / Cutting Boards
35381	blythewood walnut patina outdoor wall lantern	Outdoor Wall Lights	Lighting / Outdoor Lighting / Outdoor Wall Lighting / Lantern Outdoor Wall Lighting
29943	rio grande 101 '' x 57 '' table top		Table Accessories
32186	pierce nightstand	Nightstands	Furniture / Bedroom Furniture / Nightstands / White Nightstands
32084	solis 15 '' single bathroom vanity set		Home Improvement / Bathroom Remodel & Bathroom Fixtures / Bathroom Vanities / All Bathroom Vanities
3290	plastic climbing rocks	Swing Set Accessories	Outdoor / Outdoor Recreation / Backyard Play / Swing Set Accessories
33557	6.0 cu . ft. smart flexwash energy star washer	Washing Machines	Appliances / Washers & Dryers / Washing Machines / All Washing Machines / Front Load Washing Machines
37360	primo convertible standard 2 piece nursery furniture set	Nursery Furniture Sets	Baby & Kids / Nursery Furniture / Nursery Furniture Sets
32388	vanity half-tiered pull out drawer	Cabinet Organization	Kitchen & Tabletop / Kitchen Organization / Cabinet & Pantry Organization / All Cabinet Organization
32008	allersoft allergy relief hypoallergenic mattress protector set	Mattress Covers and Protectors	Bed & Bath / Bedding Essentials / Mattress Covers & Protectors / Full & Double Mattress Covers & Protectors
3915	ayesha curry 15 '' non stick stainless steel roasting pan	Roasting Pans	Kitchen & Tabletop / Cookware & Bakeware / Pots, Pans & Skillets / Roasting Pans
27854	excelvan white 120 '' portable projection screen	Projector Screens	Furniture / Living Room Furniture / TV Stands & Media Storage Furniture / Projection Screens / Wall & Ceiling Mounted Projection Screens
27684	inly aromatherapy multi function dual shower head	Shower Heads	Home Improvement / Bathroom Remodel & Bathroom Fixtures / Showers & Bathtubs / Showers & Bathtubs Plumbing / Shower Heads / Handheld Shower Heads
42728	lizzie pillow case	Sheets And Sheet Sets	Bed & Bath / Bedding / Sheets & Pillowcases
11580	sealy response performance 13.5 '' plush pillowtop mattress	Innerspring Mattresses	Bed & Bath / Mattresses & Foundations / Innerspring Mattresses / Twin Innerspring Mattresses
28185	home 5 piece set shaker style - 21 '' bar cabinet	Bars & Bar Sets	Furniture / Kitchen & Dining Furniture / Bar Furniture / Home Bars & Bar Sets / Liqour Home Bars & Bar Sets
33403	ventura wall mounted toilet paper holder	Toilet Paper Holders	Home Improvement / Bathroom Remodel & Bathroom Fixtures / Toilets & Bidets / Toilet Paper Holders / Wall Mounted Toilet Paper Holders
32607	mybedding mattress pad	Crib Mattresses	Baby & Kids / Nursery Furniture / Crib Mattresses
35471	aloha pineapple glass garden torch	Decorative Torches	Outdoor / Garden / Garden Décor / Decorative Torches / Glass Decorative Torches
31794	mesh marker organizer basket	Desktop Organizers & Desk Pads	Storage & Organization / Office Organization / Desktop Organization / Pen Holder Desktop Organization
1558	branham storage ottoman	Ottomans	Furniture / Living Room Furniture / Ottomans & Poufs / Rectangle Ottomans & Poufs
19596	48 '' x 84 '' storage cabinet	Food Service Racks & Shelving	Foodservice / Commercial Kitchen / Foodservice Racks & Shelving / Metal Foodservice Racks & Shelving
22927	alcala wood floor standing double door jewelry armoire with mirror	Jewelry Armoires|Wall & Accent Mirrors	Furniture / Bedroom Furniture / Jewelry Armoires / Free Standing Jewelry Armoires
11517	large outdoor friendly beanless bean bag chair	Bean Bags	Furniture / Game Tables & Game Room Furniture / Bean Bag Chairs
4729	2 '' x 3 '' metal mosaic tile	Floor & Wall Tile	Home Improvement / Flooring, Walls & Ceiling / Floor Tiles & Wall Tiles / Metal Floor Tiles & Wall Tiles
22329	cook pro rectangular ruffled loaf pan bakeware	Baking Dishes	Kitchen & Tabletop / Cookware & Bakeware / Baking Sheets & Pans / Baking Dishes / Stoneware Baking Dishes
27204	bucket , ladle , thermometer set	Sauna Accessories	Outdoor / Hot Tubs & Saunas / Sauna Accessories
30071	bi-fold closet door top mount door snugger	Door Hardware Accessories	Home Improvement / Doors & Door Hardware / Door Hardware & Accessories / Door Hardware / Shutter and Door Hardware
35256	ortegon mane attraction faux accent stool	Accent Stools	Furniture / Living Room Furniture / Chairs & Seating / Accent Stools / Upholstered Accent Stools
2458	welton chaise lounge	Indoor Chaise Lounges	Furniture / Living Room Furniture / Chairs & Seating / Chaise Lounge Chairs / Faux Leather Chaise Lounge Chairs
34361	lupin l-shape desk	Desks	Furniture / Office Furniture / Desks
28939	26.6 '' wide side chair	Accent Chairs	Furniture / Living Room Furniture / Chairs & Seating / Accent Chairs / Side Accent Chairs
3223	classic 56 '' w x 57 '' h bypass tub door	Shower & Tub Doors	Home Improvement / Bathroom Remodel & Bathroom Fixtures / Showers & Bathtubs / Shower & Bathtub Doors
20743	hodapp embroidery comforter set	Bedding Sets	Bed & Bath / Bedding / All Bedding / Queen Bedding
24956	ariana cocktail ottoman	Ottomans|Coffee & Cocktail Tables	Furniture / Living Room Furniture / Ottomans & Poufs / Rectangle Ottomans & Poufs
33440	newport 1 1/4 '' diameter mushroom knob multipack	Cabinet and Drawer Knobs	Home Improvement / Hardware / Cabinet Hardware / Cabinet & Drawer Knobs / Black Cabinet & Drawer Knobs
23616	leifheit 3-in-1 9-cup plastic measuring cup	Measuring Cups, Spoons, Scoops & Funnels	Kitchen & Tabletop / Kitchen Utensils & Tools / Baking & Mixing Tools / Measuring Cups & Spoons
40152	30 '' 480 cfm convertible under cabinet range hood		Appliances / Kitchen Appliances / Range Hoods / All Range Hoods / Under Cabinet Range Hoods
36561	the lord raffles solid wood coffee table	Coffee & Cocktail Tables	Furniture / Living Room Furniture / Coffee Tables & End Tables / Coffee Tables / Free Form Coffee Tables
22611	welcome sign	Commercial Playground Equipment	School Furniture and Supplies / School Spaces / Outdoor Playground & Recreation / Commercial Playground Equipment
35308	atlanta core square telescoping drapery single curtain rod	Curtain Hardware & Accessories	Décor & Pillows / Window Treatments / Curtain Hardware & Accessories / Bracket Curtain Hardware & Accessories
21458	witter small pouf	Patio Ottomans	Outdoor / Outdoor & Patio Furniture / Outdoor Seating & Patio Chairs / Patio Seating / Patio Ottomans
38274	patroclus 24 '' wide slipper chair	Accent Chairs	Furniture / Living Room Furniture / Chairs & Seating / Accent Chairs / Slipper Accent Chairs
23032	accent stool	Accent Stools	Furniture / Living Room Furniture / Chairs & Seating / Accent Stools / Upholstered Accent Stools
35219	step one bookcase headboard	Headboards|Teens Headboards	Furniture / Bedroom Furniture / Beds & Headboards / Headboards / Wood Headboards
33967	1 1/8 '' diameter round knob	Cabinet and Drawer Knobs	Home Improvement / Hardware / Cabinet Hardware / Cabinet & Drawer Knobs / Blue Cabinet & Drawer Knobs
27335	vintage floral japanese 4 '' cotton futon mattress	Futon Mattresses	Furniture / Living Room Furniture / Futons & Daybeds / Futon Mattresses
30577	filebrook free standing umbrella weight		Outdoor / Outdoor Shades / Outdoor Umbrellas / Patio Umbrella Accessories
42037	mcgarity 29.9 '' patio bar stool	Patio Bar Stools	Outdoor / Outdoor & Patio Furniture / Patio Bar Furniture / Patio Bar Stools
24330	landrienne console table	Sofa & Console Tables	Furniture / Living Room Furniture / Console Tables / Blue Console Tables
33032	6 '' x 6 '' seastone cement squid fossil impression square edge medallion tile in buff	Accent Tiles	Home Improvement / Flooring, Walls & Ceiling / Walls & Ceilings / Accent Tiles
16129	3.8 cu . ft. washer and 5.9 cu . ft. electric dryer laundry center	Washer and Dryer Sets	Appliances / Washers & Dryers / Washer & Dryer Sets / Gray & Slate Washer & Dryer Sets
36624	fairy dust twins mushroom garden statue	Garden Statues	Outdoor / Outdoor Décor / Statues & Sculptures / Fairy Statues & Sculptures
11162	kingsbridge white solar powered led fence post cap	Landscape Lighting	Lighting / Outdoor Lighting / Landscape Lighting / All Landscape Lighting / Fence Post Cap Landscape Lighting
38152	8.5 '' h glass oval pendant shade ( screw on )	Lighting Shades	Lighting / Light Bulbs & Hardware / Light Shades / Brown Light Shades
41429	postcard papillons calendar bulletin board , 22 '' x 18 ''	Memo Boards	Décor & Pillows / Wall Décor / Memo Boards / Bulletin Memo Boards
5470	macneil 6 piece dining set	Dining Table Sets	Furniture / Kitchen & Dining Furniture / Dining Tables & Seating / Kitchen & Dining Room Sets / 6 Piece Kitchen & Dining Room Sets
35010	stretch block box cushion armchair slipcover	Slipcovers	Furniture / Living Room Furniture / Slipcovers / All Slipcovers / Armchair Slipcovers
18361	110 '' wide right hand facing sofa & chaise	Sectionals	Furniture / Living Room Furniture / Sectionals / Stationary Sectionals
6117	angle broom and clip on dustpan	Brooms and Sweepers	Storage & Organization / Cleaning & Laundry Organization / Mops, Brooms, and Dusters / Brooms & Sweepers / Angle Brooms & Sweepers
2206	anchor wooden wall décor	Wall Décor	Décor & Pillows / Wall Décor / Wall Accents / Brown Wall Accents
27593	castleton frosted plum area rug	Area Rugs	Rugs / Area Rugs / 10' x 14' Area Rugs
37174	portable 4-way counterfeit detector	Cash Handling	Cash Handling
18065	tynecastle sideboard	Sideboards & Buffets	Furniture / Kitchen & Dining Furniture / Sideboards & Buffets / Silverware Storage Equipped Sideboards & Buffets
21037	stripe collection navy blue throw pillows - set of 2	Accent Pillows	Décor & Pillows / Decorative Pillows & Blankets / Throw Pillows / Blue Throw Pillows
9208	morgan 6 drawer double dresser	Kids Dressers & Chests	Baby & Kids / Toddler & Kids Bedroom Furniture / Baby & Kids Dressers / Grey Baby & Kids Dressers
272	shah oriental hand knotted wool plum/black area rug	Area Rugs	Rugs / Area Rugs / 4' x 6' Area Rugs
5332	resin water fountain	Fountains	Décor & Pillows / Home Accessories / Indoor Fountains
28042	flamingo pool float glass holiday shaped ornament	Ornaments & Tree Décor	Holiday Décor / Christmas / Christmas Tree Decorations / Christmas Ornaments / All Christmas Ornaments / Shaped Christmas Ornaments
34206	bridge with 2 encased storage compartments	TV Stand Accessories	Furniture / Living Room Furniture / TV Stands & Media Storage Furniture / Media Storage & Accessories / TV Stand Accessories
38598	astoria 30 '' wide linen armchair	Accent Chairs	Furniture / Living Room Furniture / Chairs & Seating / Accent Chairs / Arm Accent Chairs
12563	stockport 1 1/4 '' h x 96 '' w x 5/8 '' d panel moulding	Molding & Millwork	Home Improvement / Flooring, Walls & Ceiling / Flooring Installation & Accessories / Molding & Millwork / Wall Molding & Millwork
29387	rectangle jones abstract power loom gray/red/black rug	Area Rugs	Rugs / Area Rugs / 6' x 9' Area Rugs
35757	cabinet caster kit	Furniture Parts	Foodservice / Foodservice Tables / Table Parts / Storage Cabinet Table Parts
39805	roy hall tree	Hall Trees	Furniture / Entry & Mudroom Furniture / Hall Trees
10004	callan canova keyed door knob	Door Knobs	Home Improvement / Doors & Door Hardware / Door Hardware & Accessories / Door Knobs / Egg Door Knobs
38415	indiana rose photo album	Picture & Memory Albums	"Décor & Pillows / Picture Frames & Albums / Photo Albums / 4"" X 6"" Photo Albums"
25461	nostalgia mymini personal electric skillet & rapid noodle maker , perfect for ramen , pasta , mac & cheese , stir fry , soups , omelets , hard-boiled eggs , pancakes	Electric Grills & Skillets	Kitchen & Tabletop / Small Kitchen Appliances / Electric Presses, Grills & Griddles / Electric Skillets & Woks
17191	shiloh block coffee table	Coffee & Cocktail Tables	Furniture / Living Room Furniture / Coffee Tables & End Tables / Coffee Tables
16368	chinese peacock magnolia textile wallpaper	Wallpaper	Décor & Pillows / Wall Décor / Wallpaper
35041	gardenella reclining chaise lounge	Patio Chaise Lounges	Outdoor / Outdoor & Patio Furniture / Outdoor Seating & Patio Chairs / Outdoor Chaise & Lounge Chairs / Folding Outdoor Chaise & Lounge Chairs
2902	calendar dry-erase wall mounted magnetic glass board	Bulletin Boards, Whiteboards, Chalkboards	Commercial Business Furniture / Boards & Tech Accessories / All Boards / Glass Boards
34559	bed riser	Bed Frames	Browse By Brand / Symple Stuff
11268	carrasquillo folding screen 4 panel 70.25 '' room divider	Room Dividers	Furniture / Small Spaces / Small Space Living Rooms / Room Dividers
31758	stainless steel glass rack storage	Bar Equipment & Accessories	Browse By Brand / Rebrilliant / Shop All Rebrilliant
25259	lakewood chaise furniture dog sofa	Dog Beds & Mats	Pet / Dog / Dog Beds / All Dog Beds
20294	callan silona passage door lever	Door Levers	Home Improvement / Doors & Door Hardware / Door Hardware & Accessories / Door Levers / Drop Door Levers
29292	claudio 1 - light unique / statement geometric pendant	Pendant Lights	Lighting / Ceiling Lights / Pendant Lighting
41826	5 ft standard dog leash strap with padded handle and spring for medium large dog	Pet Grooming Furniture	Pet / Dog / Grooming Tables & Tubs / Portable Grooming Tables & Tubs
19298	steel bed frame	Bed Frames	Furniture / Bedroom Furniture / Beds & Headboards / Bed Frames / Queen Bed Frames
940	matelles raised sunflower terracotta pot planter	Planters	Outdoor / Garden / Planters / Terracotta Planters
21856	mid-century kid toy organizer	Kids Bookcases|Toy Boxes and Organizers	Baby & Kids / Baby & Kids Storage / Baby & Kids Bookcases / Brown Baby & Kids Bookcases
30397	classic plastic folding adirondack chair	Adirondack Chairs	Outdoor / Outdoor & Patio Furniture / Outdoor Seating & Patio Chairs / Adirondack Chairs / Plastic Adirondack Chairs
20232	party ball usb table light		Lighting / Wall Lights / Night Lights
8695	built-in barbeque outdoor bbq grill cover - fits up to 45 ''	Covers & Carry Bags	Storage & Organization / Garage & Outdoor Storage & Organization / Outdoor Covers / Grill Covers / Charcoal Grill Grill Covers
4205	1 1/2 '' length styracosaurus dinosaur knob	Cabinet and Drawer Knobs	Home Improvement / Hardware / Cabinet Hardware / Cabinet & Drawer Knobs / Silver Cabinet & Drawer Knobs
19493	tri-ring 30 '' gas cooktop with 5 burners	Cooktops	Appliances / Kitchen Appliances / Cooktops / All Cooktops / Gas Cooktops
17419	sikorsky 7 drawer dresser	Teen Dressers|Dressers & Chests	Baby & Kids / Teen Bedroom Furniture / Teen Dressers
31401	theriault solid cotton throw pillow	Accent Pillows	Décor & Pillows / Decorative Pillows & Blankets / Throw Pillows / Black Throw Pillows
41101	oliveri 2 - light black flush mount	Wall Sconces	Lighting / Wall Lights / Wall Sconces
5814	cara indooroutdoor chaise lounge cushion	Furniture Cushions	Outdoor / Outdoor Décor / Outdoor Pillows & Cushions / Patio Furniture Cushions / Chaise Lounge Patio Furniture Cushions
13911	ayesha home collection porcelain enamel nonstick skillet twin pack with silicone handle sleeves	Skillets & Fry Pans	Kitchen & Tabletop / Cookware & Bakeware / Pots, Pans & Skillets / Frying Pans & Skillets / PFOA Free Frying Pans & Skillets
4610	ehrenfeld wood pot planter	Planters	Outdoor / Garden / Planters / Wood Planters
11832	queen bee apron	Kitchen Aprons	Kitchen & Tabletop / Tableware & Drinkware / Table & Kitchen Linens / Kitchen Linens / Aprons
36317	vandergriff lounge patio chair with cushions	Patio Lounge Chairs	Outdoor / Outdoor & Patio Furniture / Outdoor Seating & Patio Chairs / Patio Seating / Outdoor Club Chairs / Wood Outdoor Club Chairs
35997	36 '' 400 cfm ducted island range hood	Range Hoods	Appliances / Kitchen Appliances / Range Hoods / All Range Hoods / Island Range Hoods
12486	pratcher 2 - piece iron pot planter set	Planters	Outdoor / Garden / Planters
25211	reclaim acoustic 1 panel freestanding room divide	Office Partitions	Commercial Business Furniture / Commercial Office Furniture / Office Cubicles & Partitions / Office Partitions
646	medium play top bird cage with bird toy hook	Bird Cages	Pet / Bird / All Bird Cages / Cockatoo Bird Cages
39043	juno 71 '' x 32 '' freestanding soaking acrylic bathtub	Tubs And Whirlpools	Home Improvement / Bathroom Remodel & Bathroom Fixtures / Showers & Bathtubs / Bathtubs
13065	ore 9 '' melamine salad plate	Plates & Saucers	Kitchen & Tabletop / Tableware & Drinkware / Dinnerware / Plates / Gray Plates
2209	rooster rustic wooden ornament	Ornaments & Tree Décor	Sale / Closeout / All Christmas Ornaments / Shaped Christmas Ornaments
28736	hybrid 6 ft. w x 4 ft. d greenhouse	Greenhouses	Outdoor / Garden / Greenhouses
2251	diana steel pressure mounted pet gate	Pet Gates	Pet / Dog / Pet Gates, Fences & Doors / Pet Gates
38450	acworth pink you and me elephant framed art	Kids Wall Décor	Baby & Kids / Baby & Kids Décor & Lighting / All Baby & Kids Wall Art
18281	awilda plant stand	Planter Accessories	Outdoor / Garden / Plant Stands & Accessories
31249	picasso glass rectangle window panel	Stained Glass Panels	Décor & Pillows / Wall Décor / Stained Glass Panels / Rectangular Shaped Stained Glass Panels
10201	zura wall mounted bathroom faucet with drain assembly	Bathroom Sink Faucets	Home Improvement / Bathroom Remodel & Bathroom Fixtures / Bathroom Sinks & Faucet Components / Bathroom Sink Faucets / Wall Mounted Bathroom Sink Faucets
29672	safe , rifle safe storage cabinet（4-5 rifle and 2 pistol） with digital keypad lock , quick access electronic firearm security cabinet , black	Safes	Storage & Organization / Storage Furniture / Safes
18888	burch wingback headboard	Headboards|Teens Headboards	Baby & Kids / Teen Bedroom Furniture / Teen Headboards
12688	ezcinema white 100 '' diagonal portable projection screen	Projector Screens	Furniture / Living Room Furniture / TV Stands & Media Storage Furniture / Projection Screens / Floor Rising Projection Screens
37005	3-in-1 dry erase spilt frosted white and gray surface with felt strip white aluminum frame wall mounted calendar glass board	Bulletin Boards, Whiteboards, Chalkboards	Commercial Business Furniture / Boards & Tech Accessories / All Boards / Glass Boards
16087	kids ride on car electric car motorized vehicles 12v rechargeable toy vehicle for boys girls with four wheel shock 2.4g remote control mp3 usb horn led lights ( black )	Ride-On Toys	Outdoor / Outdoor Recreation / Backyard Play / Kids Cars & Ride-On Toys
15390	evelots compact magnetic swivel hook super bright blue power source led flashlight	Outdoor Lanterns & Lamps	Lighting / Outdoor Lighting / Outdoor Lanterns & Lamps / Flashlight Outdoor Lanterns & Lamps
33029	6 '' x 6 '' cement star fish fossil impression medallion tile in buff	Accent Tiles	Home Improvement / Flooring, Walls & Ceiling / Walls & Ceilings / Accent Tiles / Natural Stone Accent Tiles
30254	cordero lab with pumpkin hand-hooked wool/cotton beige/black area rug	Area Rugs	Rugs / Area Rugs / 2' x 3' Area Rugs
41098	desarae mosaic single shower curtain	Shower Curtains	Bed & Bath / Shower Curtains & Accessories / Shower Curtains & Shower Liners / Blue Shower Curtains & Shower Liners
7874	1 '' diameter round knob	Cabinet and Drawer Knobs	Home Improvement / Hardware / Cabinet Hardware / Cabinet & Drawer Knobs / Chrome Cabinet & Drawer Knobs
32390	jewelry/watch adjustable drawer organizer	Drawer Organizers	Storage & Organization / Storage Containers & Drawers / Drawer Organizers
33673	adele standard bookcase	Bookcases	Furniture / Living Room Furniture / Bookcases / 4 Shelf Bookcases
36756	glow in the dark dial thermometer	Weather Instruments	Outdoor / Outdoor Décor / Outdoor Thermometers
37260	woodsburgh tv stand for tvs up to 85 ''	TV Stands & Entertainment Centers	Furniture / Living Room Furniture / TV Stands & Media Storage Furniture / TV Stands & Entertainment Centers / Rustic TV Stands & Entertainment Centers
33972	handle 3 3/4 '' center to center arch pull	Cabinet and Drawer Pulls	Home Improvement / Hardware / Cabinet Hardware / Cabinet & Drawer Pulls / Copper Cabinet & Drawer Pulls
32507	4.6 '' h x 1 '' w invisible single door hinge	Door Hinges	Home Improvement / Doors & Door Hardware / Door Hardware & Accessories / Door Hinges / Invisible & Concealed Door Hinges
28870	freestanding hot and cold electric water cooler	Water Coolers & Dispensers	Appliances / Kitchen Appliances / Wine & Beverage Coolers / Water Coolers
37046	carrying case black 100 '' electric projection screen	Projector Screens	Furniture / Living Room Furniture / TV Stands & Media Storage Furniture / Projection Screens / Tripod Projection Screens
29457	hyndi manual rocker standard recliner	Recliners	Furniture / Living Room Furniture / Chairs & Seating / Recliners / Red Recliners
25066	zahra task chair	Teen Desk Chairs|Office Chairs	Baby & Kids / Teen Bedroom Furniture / Teen Desk Chairs
6667	busybee pushpins	Board Accessories	Commercial Business Furniture / Boards & Tech Accessories / Board and Easel Accessories
13518	marta barragan camarasa marble matte peel and stick wallpaper panel	Wallpaper	Décor & Pillows / Wall Décor / Wallpaper / Cream Wallpaper
21093	katy 4 piece sofa seating group with cushion	Outdoor Conversation Sets	Outdoor / Outdoor & Patio Furniture / Patio Furniture Sets / Patio Conversation Sets / 3-4 Person Patio Conversation Sets
16861	osterley basket 2-piece metal planter box set	Planters	Outdoor / Garden / Planters / Metal Planters
21046	mod dinosaur 7 '' h x 10 '' w brushed microfiber empire lamp shade ( uno ) in white/blue	Lighting Shades	Lighting / Light Bulbs & Hardware / Light Shades / Blue Light Shades
17887	hlihome 12 '' medium pillow top mattress	Innerspring Mattresses	Bed & Bath / Mattresses & Foundations / Innerspring Mattresses / Queen Innerspring Mattresses
34279	natural twigs and branches wall décor	Wall Décor	Décor & Pillows / Wall Décor / Wall Accents
34887	sentinelpro thermostatic pressure balanced shower valve	Valves	Home Improvement / Bathroom Remodel & Bathroom Fixtures / Showers & Bathtubs / Showers & Bathtubs Plumbing / Valves / Tub Valves
27896	perrysburg 37 '' wide manual wall hugger standard recliner	Recliners	Furniture / Living Room Furniture / Chairs & Seating / Recliners
15776	vitality countertop water filtration system	Water Filtration	Home Improvement / Kitchen Remodel & Kitchen Fixtures / Water Filtration / Countertop Water Filtration
34081	ships wheel	Swing Set Accessories	Outdoor / Outdoor Recreation / Backyard Play / Swing Set Accessories
40310	organization wall mounted combination calendar/planner whiteboard , 26 '' x 26 ''	Memo Boards	Décor & Pillows / Wall Décor / Memo Boards / Combo Memo Boards
24434	polystone glass ball rock tabletop fountain with light	Fountains	Sale / Closeout / Home Accessories / Indoor Fountains
22331	4.6 cu . ft. freestanding mini fridge with freezer	Compact & Mini Fridges	Appliances / Kitchen Appliances / Refrigerators & Freezers / Mini Fridges
4528	21 '' cream table lamp	Table Lamps	Lighting / Table & Floor Lamps / Table Lamps / White Table Lamps
7631	hitton metal stool	Accent Stools	Furniture / Living Room Furniture / Chairs & Seating / Accent Stools
9237	nocturnal owl decor	Outdoor Decorations|Garden Statues	Outdoor / Outdoor Décor / Outdoor Holiday Decorations
422	super bright 2-piece well light set	Landscape Lighting	Lighting / Outdoor Lighting / Landscape Lighting / All Landscape Lighting / Well & Pond Landscape Lighting
10728	boonville printer stand	Carts & Stands	Commercial Business Furniture / Commercial Office Furniture / Office Storage & Filing / Office Carts & Stands / All Carts & Stands / Printer Carts & Stands
6096	longley 5 drawer storage chest	Storage Drawers	Storage & Organization / Storage Containers & Drawers / Storage Drawers
31010	aegean centerset bathroom faucet with drain assembly	Bathroom Sink Faucets	Home Improvement / Bathroom Remodel & Bathroom Fixtures / Bathroom Sinks & Faucet Components / Bathroom Sink Faucets / Centerset Bathroom Sink Faucets
31813	jewelry chest cosmetic organizer	Beauty Organizers	Storage & Organization / Bathroom Storage & Organization / Beauty Organizers
20911	calvin patio chair with cushions	Patio Lounge Chairs	Outdoor / Outdoor & Patio Furniture / Outdoor Seating & Patio Chairs / Patio Seating / Outdoor Club Chairs / Metal Outdoor Club Chairs
21461	kitchenaid® artisan® series 5 quart 10 speed tilt-head stand mixer		Kitchen & Tabletop / Small Kitchen Appliances / Mixers & Attachments
21521	vintage riser mount soap dish	Bath Accessories	Bed & Bath / Bathroom Accessories & Organization / Countertop Bath Accessories / Soap Dish Countertop Bath Accessories
24233	westwood black outdoor hanging lantern	Outdoor Hanging Lights	Lighting / Outdoor Lighting / Outdoor Ceiling Lights / Outdoor Hanging Lights
6057	butizone fishing rod rack , fishing pole wall or ceiling storage rack holder wall mount for garage	Bike And Sport Racks	Storage & Organization / Garage & Outdoor Storage & Organization / Bike & Sport Racks / Ski Snowboard Rack Bike & Sport Racks
5347	taub wooden console table	Sofa & Console Tables	Furniture / Living Room Furniture / Console Tables / Grey Console Tables
15461	2-in-1 child climbing and rocking		Outdoor / Outdoor Recreation / Backyard Play / Climbing Toys & Slides
31622	winsted 4 piece counter height dining set	Dining Table Sets	Furniture / Kitchen & Dining Furniture / Dining Tables & Seating / Kitchen and Dining Sets
42509	galleria 4 piece reversible comforter set	Bedding Sets	Bed & Bath / Bedding / All Bedding / King Size Bedding
1554	stapp 8 bottle floor wine cabinet	Bars & Bar Sets	Furniture / Kitchen & Dining Furniture / Bar Furniture / Home Bars & Bar Sets / Wine Home Bars & Bar Sets
11845	pineapple summer themed single + hooks	Shower Curtains	Bed & Bath / Shower Curtains & Accessories / Shower Curtains & Shower Liners / Yellow & Gold Shower Curtains & Shower Liners
1623	radiance 1 3/16 '' diameter mushroom knob	Cabinet and Drawer Knobs	Home Improvement / Hardware / Cabinet Hardware / Cabinet & Drawer Knobs / Purple Cabinet & Drawer Knobs
319	peacock stocking	Christmas Stockings & Holders	Holiday Décor / Christmas / Christmas Decorations / Christmas Stockings / All Christmas Stockings
31598	hillsdale office set with hutch	Office Sets	Furniture / Office Furniture / Office Furniture Sets
13904	jurgens mahogany picture frame	Picture Frames	Décor & Pillows / Picture Frames & Albums / All Picture Frames / Triple Picture Frames
7535	luxe riser	Buffet Accessories|Specialty Serving	Specialty Serving
4572	universal non-slip rubber floor surface protector pad	Institutional Furniture Parts & Accessories	Institutional Furniture Parts & Accessories
36512	outdoor bbq grill cover - fits up to 68 ''		Storage & Organization / Garage & Outdoor Storage & Organization / Outdoor Covers / Grill Covers
7077	20.5 '' wide 4 drawer middle chest	Tool Cabinets	Storage & Organization / Garage & Outdoor Storage & Organization / Tool Storage / Tool Chests & Cabinets
28248	dandor genuine leather conference chair	Teen Desk Chairs|Office Chairs	Furniture / Office Furniture / Office Chairs / Conference Office Chairs
21494	london 2 memory foam bath rug	Bath Rugs & Mats	Bed & Bath / Bath Rugs & Towels / Bath Rugs & Mats
22300	kovot coffee pod holder and organizer mug	Coffee & Espresso Accessories	Kitchen & Tabletop / Small Kitchen Appliances / Coffee, Espresso, & Tea / Coffee & Tea Storage / Coffee Storage & Accessories / Coffee Pod Holders Coffee Storage & Accessories
8959	beamond 7 drawer dresser	Dressers & Chests	Furniture / Bedroom Furniture / Dressers & Chests / Brown Dressers & Chests
37598	haugland desk	Desks	Sale / Closeout / Desks / Writing Desks
37119	double letter tray , two-tier , acrylic , clear	Desktop Organizers & Desk Pads	Storage & Organization / Office Organization / File & Paper Organization / Desktop File Organizers / File Organizer Desktop File Organizers
29844	milano 10 ft. w x 10 ft. d aluminum patio gazebo	Canopies & Gazebos	Outdoor / Outdoor Sale
13543	phaidra 9 piece dining set	Dining Table Sets	Furniture / Kitchen & Dining Furniture / Dining Tables & Seating / Kitchen & Dining Room Sets / 9 Piece Kitchen & Dining Room Sets
26559	moen® shower head volume control valve	Valves	Home Improvement / Bathroom Remodel & Bathroom Fixtures / Showers & Bathtubs / Showers & Bathtubs Plumbing / Valves / Shower Valves
15143	fox run brands chopper/scraper with corer	Slicers, Peelers And Graters	Kitchen & Tabletop / Kitchen Utensils & Tools / Fruit & Vegetable Tools / Choppers
14918	ridged metal 2 ft. x 2 ft. drop-in or glue-up pvc ceiling tile in metal rust	Ceiling Tiles	Home Improvement / Flooring, Walls & Ceiling / Walls & Ceilings / Ceiling Tiles / Grid Mount Ceiling Tiles
42002	21 pair stackable shoe rack	Shoe Storage	Storage & Organization / Shoe Storage / All Shoe Storage / Rack Shoe Storage
9717	brenner sunflower fields 16 piece dinnerware set , service for 4	Dinnerware Sets & Place Settings	Kitchen & Tabletop / Tableware & Drinkware / Dinnerware / Dinnerware Sets
26109	adelita 250 lb . capacity wicker float caddy table furniture dolly	Dollies	Home Improvement / Building Equipment / Dollies
27614	rotative extra wide adjustable monitor riser	Desktop Organizers & Desk Pads	Storage & Organization / Office Organization / Monitor Stands & Risers / Monitor Stand Monitor Stands & Risers
7308	crisfield kitchen cart	Kitchen Islands	Furniture / Kitchen & Dining Furniture / Kitchen Islands & Carts
22590	mutchler water pipe wall 3-light vanity light	Vanity Lighting	Lighting / Wall Lights / Bathroom Vanity Lighting / Industrial Bathroom Vanity Lighting
6680	shaker 34.5 '' x 18 '' pantry cabinet	Cabinetry	Home Improvement / Kitchen Remodel & Kitchen Fixtures / Cabinet Hardware & Cabinetry / Cabinetry / Maple Cabinetry
20907	austin steel wood burning fire pit	Outdoor Fireplaces	Outdoor / Outdoor Heating / Fire Pits / Wood Burning Fire Pits
29074	aluminum and wood lantern	Candle Holders	Décor & Pillows / Candles & Holders / Candle Holders
31137	zipparoll indoor chair cushion	Furniture Cushions	Kitchen & Tabletop / Tableware & Drinkware / Table & Kitchen Linens / Kitchen Linens / Chair & Seat Cushions
35392	52 '' wein 5 - blade standard ceiling fan with light kit included	Ceiling Fans	Lighting / Ceiling Fans / All Ceiling Fans
37199	kickstand holder accessory set	Portable Electronic Mounts	School Furniture and Supplies / School Boards & Technology / AV, Mounts & Tech Accessories / Electronic Mounts & Stands / Portable Electronic Mounts
19686	13 in x 4 in brass mail slot	Mailboxes	Outdoor / Front Door Décor & Curb Appeal / Mailboxes
19109	hotpoint 6.2 cu . ft. electric dryer with reversible door in white	Dryers	Appliances / Washers & Dryers / Dryers / All Dryers / Electric Dryers
14594	crossen solid wood rocking adirondack chair	Adirondack Chairs	Outdoor / Outdoor & Patio Furniture / Outdoor Seating & Patio Chairs / Adirondack Chairs / Wood Adirondack Chairs
23293	kohler purist 1.75 gpm multifuction showerhead	Shower Heads	Home Improvement / Bathroom Remodel & Bathroom Fixtures / Showers & Bathtubs / Showers & Bathtubs Plumbing / Shower Heads / Rain Shower Heads
2330	accessory	Water Filtration	Home Improvement / Kitchen Remodel & Kitchen Fixtures / Water Filtration / Faucet Mount Water Filtration
29306	brielle console table	Sofa & Console Tables	Furniture / Living Room Furniture / Console Tables / Black Console Tables
420	flowing fiberglass fountain with light	Fountains	Fountains
34315	soft comfort hypoallergenic zippered mattress protector	Mattress Covers and Protectors	Bed & Bath / Bedding Essentials / Mattress Covers & Protectors / Twin Mattress Covers & Protectors
35463	victoria 3 3/4 '' center to center bar pull	Cabinet and Drawer Pulls	Home Improvement / Hardware / Cabinet Hardware / Cabinet & Drawer Pulls / Brass Cabinet & Drawer Pulls
25511	taylor upholstered standard bed	Beds	Sale / Closeout / Beds / Twin Beds
20391	lankin touch screen over the door jewelry armoire with mirror	Jewelry Armoires	Furniture / Bedroom Furniture / Jewelry Armoires
23391	taryn 1 3/8 '' diameter mushroom knob	Cabinet and Drawer Knobs	Home Improvement / Hardware / Cabinet Hardware / Cabinet & Drawer Knobs / Nickel Cabinet & Drawer Knobs
34602	cuevas square multi-tiered plant stand	Plant & Telephone Tables	Furniture / Living Room Furniture / Coffee Tables & End Tables / Plant Stands & Tables / Square Plant Stands & Tables
3021	ayesha curry 4-piece eco friendly parawood cooking tool set	Cooking Utensils	Kitchen & Tabletop / Kitchen Utensils & Tools / Cooking Utensils / All Cooking Utensils / Kitchen Cooking Utensils
20389	pockerley resin free standing umbrella base	Patio Umbrella Stands & Bases	Outdoor / Outdoor Shades / Outdoor Umbrellas / Patio Umbrella Stands & Bases / Plastic & Resin Patio Umbrella Stands & Bases
29458	coline sun lounger reclining set with table	Patio Chaise Lounges	Outdoor / Outdoor & Patio Furniture / Outdoor Seating & Patio Chairs / Outdoor Chaise & Lounge Chairs / Mobile Outdoor Chaise & Lounge Chairs
18018	cordova kids desk	Kids Chairs	Baby & Kids / Toddler & Kids Playroom / Playroom Furniture / Toddler & Kids Chairs & Seating
35192	munich twin bookcase headboard	Headboards	Furniture / Bedroom Furniture / Beds & Headboards / Headboards / Wood Headboards
35178	sweedi kids solid wood half-circle arts and crafts table and chair set	Kids Tables and Sets	Baby & Kids / Toddler & Kids Playroom / Playroom Furniture / Toddler & Kids Table & Chair Sets
21918	mediterranean 4 '' x 4 '' ceramic azur decorative tile in blue/white	Accent Tiles	Home Improvement / Flooring, Walls & Ceiling / Walls & Ceilings / Accent Tiles / Ceramic Accent Tiles
2842	diverter volume control complete shower system with rough-in-valve	Shower Faucets & Systems	Home Improvement / Bathroom Remodel & Bathroom Fixtures / Showers & Bathtubs / Showers & Bathtubs Plumbing / Shower Faucets & Systems / Rain Head Shower Faucets & Systems
30400	vineyard garden patio chair	Patio Lounge Chairs	Outdoor / Outdoor & Patio Furniture / Outdoor Seating & Patio Chairs / Patio Seating / Outdoor Club Chairs / Plastic Outdoor Club Chairs
3442	800 series 36 '' counter depth 21 cu . ft. smart energy star french door refrigerator with flex bar	Refrigerators	Appliances / Kitchen Appliances / Refrigerators & Freezers / All Refrigerators / French Door Refrigerators
21460	kitchenaid® 5-piece deluxe pasta set attachments	Mixers & Mixer Accessories	Kitchen & Tabletop / Small Kitchen Appliances / Mixers & Attachments
21357	oxford laundry basket	Hampers & Baskets	Storage & Organization / Bathroom Storage & Organization / Hampers & Laundry Baskets / Laundry Sorter Hampers & Laundry Baskets
5437	auto leak detector	Water Filtration	Home Improvement / Kitchen Remodel & Kitchen Fixtures / Water Filtration
40402	heywood 33 '' wide tufted polyester armchair and ottoman	Accent Chairs	Furniture / Living Room Furniture / Chairs & Seating / Accent Chairs
8396	sizemore wood rocking chair	Patio Rockers & Gliders	Outdoor / Outdoor & Patio Furniture / Outdoor Seating & Patio Chairs / Patio Seating / Patio Rocking Chairs & Gliders / Wood Patio Rocking Chairs & Gliders
41855	bohemian wall hanging	Tapestries and Wall Hangings	Décor & Pillows / Wall Décor / Tapestries / Cream Tapestries
9178	hamstead wardrobe armoire	Armoires & Wardrobes	Furniture / Bedroom Furniture / Armoires & Wardrobes / Brown Armoires & Wardrobes
10537	3drose ceramic tile coasters - turquoise peacock art - set of 4 ( cst_26164_3 )	Coasters & Trivets	Kitchen & Tabletop / Tableware & Drinkware / Barware / Coasters
14916	golden prague 2 ft. x 2 ft. glue-up pvc ceiling tile in antique gold	Ceiling Tiles	Home Improvement / Flooring, Walls & Ceiling / Walls & Ceilings / Ceiling Tiles / Direct Mount Ceiling Tiles
648	the “ o '' parrot play stand	Bird Play Stand & Playcenters	Pet / Bird / Bird Perches & Play Gyms
816	deviana 6 drawer double dresser	Dressers & Chests	Furniture / Bedroom Furniture / Dressers & Chests
22839	owings indoor chair cushion	Furniture Cushions	Kitchen & Tabletop / Tableware & Drinkware / Table & Kitchen Linens / Kitchen Linens / Chair & Seat Cushions / Dining Chair Chair & Seat Cushions
38295	bretagne 3 -drawer storage cabinet	Office Storage Cabinets	Furniture / Office Furniture / Office Storage Cabinets
10003	callan florini privacy door lever	Door Levers	Home Improvement / Doors & Door Hardware / Door Hardware & Accessories / Door Levers / Drop Door Levers
35523	solid wood vanity	Makeup Vanities	Furniture / Bedroom Furniture / Makeup Vanities / White Makeup Vanities
30772	make it rain cerulean indoor/outdoor loveseat cushion	Furniture Cushions	Outdoor / Outdoor Décor / Outdoor Pillows & Cushions / Patio Furniture Cushions / Loveseat & Sofa Patio Furniture Cushions
33118	free standing jewelry armoire with mirror	Jewelry Armoires	Furniture / Bedroom Furniture / Jewelry Armoires / Free Standing Jewelry Armoires
6981	plan clips	Clips/Clamps	Clips/Clamps
41592	serta icomfort 500 14 '' extra firm hybrid mattress		Bed & Bath / Mattresses & Foundations / Hybrid Mattresses
24104	illy iperespresso capsules classico lungo - medium roast	Coffee Pods & K-Cups	Kitchen & Tabletop / Small Kitchen Appliances / Coffee, Espresso, & Tea / Coffee & Tea Storage / K-Cups & Pods
36928	hayes woven gauze duvet cover set	Bedding Sets	Sale / Closeout / All Bedding / Double & Full Bedding
14915	milan 2 ft. x 2 ft. drop-in or glue-up pvc ceiling tile	Ceiling Tiles	Home Improvement / Flooring, Walls & Ceiling / Walls & Ceilings / Ceiling Tiles / Grid Mount Ceiling Tiles
41614	j series single cylinder interior lever set ( exterior portion sold separately )	Entry Sets	Home Improvement / Doors & Door Hardware / Door Hardware & Accessories / Entry Sets
16150	4.2 cu . ft. top load agitator washer and 7.2 cu . ft. gas dryer	Washer and Dryer Sets	Appliances / Washers & Dryers / Washer & Dryer Sets / White Washer & Dryer Sets
33453	manolla owl 24 oz . earthenware teapot	Teapots & Teapot Sets	Kitchen & Tabletop / Tableware & Drinkware / Serveware / Beverage Servers & Pitchers / Teapots
30808	greenhouse shade kit	Greenhouse Accessories	Outdoor / Garden / Greenhouse Supplies / Shade Cloth Greenhouse Supplies
21115	joola nova outdoor table tennis table - foldable outside ping pong table for outdoor and indoor use - waterproof aluminum surface with weatherproof ping pong net and post set	Table Tennis Tables	Furniture / Game Tables & Game Room Furniture / Table Tennis Tables
36539	18 '' solid wood console table	Sofa & Console Tables	Furniture / Living Room Furniture / Console Tables / Brown Console Tables
32773	ashlyn 4 piece bathroom hardware set	Bathroom Hardware Sets	Home Improvement / Bathroom Remodel & Bathroom Fixtures / Bathroom Hardware / Bathroom Hardware Sets / Bronze Bathroom Hardware Sets
2618	clarence oriental beige rug	Area Rugs	Rugs / Area Rugs / 5' & 6' Area Rugs
42382	small bean bag chair & lounger	Bean Bags	Furniture / Game Tables & Game Room Furniture / Bean Bag Chairs / Black Bean Bag Chairs
22040	celia upholstered bench	Reception Benches|Benches	Furniture / Living Room Furniture / Chairs & Seating / Benches
35243	metal truck	Holiday Accents & Decor	Holiday Décor / Christmas / Christmas Decorations / Christmas Decorative Accents
8420	southwell freestanding mirror	Wall & Accent Mirrors	Décor & Pillows / Mirrors / All Mirrors / Cheval Mirrors
12289	multicolor reversible floral cotton 4 piece quilt set	Bedding Sets	Sale / Closeout / All Bedding / Twin Bedding
25976	hospitality pineapple door knocker	Door Hardware Accessories	Home Improvement / Doors & Door Hardware / Door Hardware & Accessories / Door Hardware / Door Knockers Door Hardware
1504	carlsen upholstered panel headboard	Headboards	Furniture / Bedroom Furniture / Beds & Headboards / Headboards
13803	apollo tile emerald green glass mosaic tile - 11.3 '' x 11.3 '' sheet for kitchen , bathroom , wall panel or flooring ( 10-pack )	Floor & Wall Tile	Home Improvement / Flooring, Walls & Ceiling / Floor Tiles & Wall Tiles / Glass Floor Tiles & Wall Tiles
25140	chessani cube patio daybed with cushions	Patio Sofas	Outdoor / Outdoor & Patio Furniture / Outdoor Seating & Patio Chairs / Patio Seating / Patio Sofas & Sectionals / Daybed Patio Sofas & Sectionals
33757	olive branch random sized mosaic tile	Floor & Wall Tile	Home Improvement / Flooring, Walls & Ceiling / Floor Tiles & Wall Tiles / Stone Composite Floor Tiles & Wall Tiles
29227	nashville concrete fountain		Outdoor / Outdoor Décor / Outdoor Fountains
42140	french bread mold toast tray non-stick tray baking tray	Bread & Loaf Pans	Kitchen & Tabletop / Cookware & Bakeware / Baking Sheets & Pans / Bread & Loaf Pans / Aluminum Bread & Loaf Pans
28835	lighted snowy christmas tree	Holiday Accents & Decor	Holiday Décor / Valentine's Day / Valentine's Day Decorations / Valentine's Day Decorative Accents
25498	heidi round 2 - person 25.28 '' long bistro set	Patio Dining Sets	Outdoor / Outdoor & Patio Furniture / Patio Furniture Sets / Patio Dining Sets / Two Person Patio Dining Sets
8221	fiberglass rolling laundry cart	Laundry Accessories & Storage	Storage & Organization / Cleaning & Laundry Organization / Laundry Room Organizers
7797	counterart tempered glass farm fresh rooster cutting board	Cutting Boards	Kitchen & Tabletop / Kitchen Utensils & Tools / Cutting Boards
11582	frigidaire series 6.7 cu . ft. gas dryer with electronic controls		Appliances / Washers & Dryers / Dryers / All Dryers
25316	suzani geometric sheer grommet curtain panel	Curtains & Drapes	Décor & Pillows / Window Treatments / Curtains & Drapes / 120 Inch Curtains & Drapes
35270	39.19 '' stainless steel free standing outdoor refrigerator cabinet	Outdoor Sinks & Bar Centers	Outdoor / Outdoor Cooking & Tableware / Outdoor Kitchens / All Outdoor Kitchen Components / Free Standing Outdoor Kitchen Components
21674	dart board cabinet in midnight	Dartboards And Cabinets	Furniture / Game Tables & Game Room Furniture / Dartboards & Cabinets
29512	canchola 37 '' wide tufted convertible chair	Accent Chairs	Furniture / Living Room Furniture / Chairs & Seating / Accent Chairs / Convertible Accent Chairs
10311	intoxication i single shower curtain	Shower Curtains	Bed & Bath / Shower Curtains & Accessories / Shower Curtains & Shower Liners / Orange Shower Curtains & Shower Liners
34443	line bathroom waste basket	Trash Cans & Recycling	School Furniture and Supplies / Facilities & Maintenance / Trash & Recycling
39998	thermostatic complete shower system with rough-in valve	Shower Faucets & Systems	Home Improvement / Bathroom Remodel & Bathroom Fixtures / Showers & Bathtubs / Showers & Bathtubs Plumbing / Shower Faucets & Systems / Dual Head Shower Faucets & Systems
14360	on wall av component with two shelves	Av Component Shelving	Furniture / Living Room Furniture / TV Stands & Media Storage Furniture / Media Storage & Accessories / A/V Component Shelving / Glass Shelf A/V Component Shelving
14953	big joe hug standard bean bag chair	Teen Lounge Furniture|Bean Bags	Furniture / Game Tables & Game Room Furniture / Bean Bag Chairs / Grey Bean Bag Chairs
32107	60 in . x 80 1/2 in . bright white slimline frame with 2 panel arch design white insert sliding bypass closet doors		Home Improvement / Doors & Door Hardware / Interior Doors
12244	barcia 44.88 '' w leather seat waiting room chair with wood frame	Waiting Room Chairs	Commercial Business Furniture / Commercial Office Furniture / Office Seating / Waiting Room Chairs / Wood Waiting Room Chairs
41911	slim fit 90 cfm bathroom fan with light	Bath Exhaust Fans	Home Improvement / Bathroom Remodel & Bathroom Fixtures / Bathroom Hardware / Bathroom Fans
26419	k300 coat hook	Coat Racks and Hooks	Contractor / Entry & Hallway / Coat Racks & Umbrella Stands
13965	francisco 4 '' center to center bar pull	Cabinet and Drawer Pulls	Home Improvement / Hardware / Cabinet Hardware / Cabinet & Drawer Pulls / Nickel Cabinet & Drawer Pulls
21951	kids ride-on motorcycle	Ride-On Toys	Outdoor / Outdoor Recreation / Backyard Play / Kids Cars & Ride-On Toys
37991	breville nespresso vertuoplus deluxe coffee & espresso single-serve machine	Coffee Makers|Espresso Machines	Kitchen & Tabletop / Small Kitchen Appliances / Coffee, Espresso, & Tea / Coffee Makers / Espresso & Coffee Makers
33913	11 '' x 12 '' metal peel & stick mosaic tile	Peel and Stick Backsplash Tile	Home Improvement / Flooring, Walls & Ceiling / Walls & Ceilings / Peel & Stick Backsplash Tile
22727	myfanimation standard ceiling fan	Ceiling Fans	Lighting / Ceiling Fans / All Ceiling Fans / Nickel Blades Ceiling Fans
35731	super bright camping combo led lantern and fan	Portable Fans	Home Improvement / Heating, Cooling & Air Quality / Cooling / Portable Fans
15763	noble wall mounted towel ring	Towel Rings	Home Improvement / Bathroom Remodel & Bathroom Fixtures / Towel Storage / Towel Rings
32545	owl 36 oz . pitcher	Beverage Servers	Sale / Closeout / Kitchen & Tabletop / Kitchen & Dining Sale
36732	ashton lined solid room darkening grommet single curtain panel	Curtains & Drapes	Sale / Closeout / Curtains & Drapes / 90 Inch Curtains & Drapes
38461	beseris full over full solid wood standard bunk bed	Kids Beds	Baby & Kids / Toddler & Kids Bedroom Furniture / Kids Beds
40278	15-amp gfci triplex outlet	Switches, Dimmers & Outlets	Home Improvement / Hardware / Home Hardware / Switches, Dimmers & Outlets / Outlets For Switches, Dimmers & Outlets
1660	artificial grass turf	Landscaping Screens & Bridges	Landscaping Screens & Bridges
32554	pinapple serving bottle stopper	Bar & Wine Tools	Kitchen & Tabletop / Tableware & Drinkware / Barware / Bar & Wine Tools / All Bar & Wine Tools / Wine Stoppers Bar & Wine Tools
15918	pearisburg 1 piece bamboo solid wood floating shelf	Bookcases|Bathroom Storage|Wall Mounted Shelves	Storage & Organization / Wall Shelving & Organization / Wall and Display Shelves
25185	15-amp usb charger/tamper resistant duplex receptacle wall mounted outlet	Switches, Dimmers & Outlets	Home Improvement / Hardware / Home Hardware / Switches, Dimmers & Outlets / Outlets For Switches, Dimmers & Outlets
34707	love the giver decorative accent	Holiday Accents & Decor	Holiday Décor / Christmas / Christmas Decorations / Christmas Decorative Accents / NA Christmas Decorative Accents
19784	organizer jewelry stand	Jewelry Boxes	Storage & Organization / Jewelry Organization / All Jewelry Organizers
40910	outdoor 122 gallon resin deck box	Deck Boxes	Storage & Organization / Garage & Outdoor Storage & Organization / Deck Boxes & Patio Storage
19851	kartio 32 oz . carafe	Beverage Servers	Décor & Pillows / The Monogram Shop / Monogram Beverage Servers / Carafe Monogram Beverage Servers
9068	fabrique 12 '' x 3 '' porcelain bullnose tile trim in brun linen	Tile Trims	Home Improvement / Flooring, Walls & Ceiling / Flooring Installation & Accessories / Tile Trim / Bullnose Tile Trim
39183	wayfair sleep split folding metal box spring	Mattress Foundations	Bed & Bath / Mattresses & Foundations / Box Springs & Foundations
29034	glass sliding closet doors with installation hardware	Interior Doors	Sale / Closeout / Interior Doors / Sliding Interior Doors
27663	brantford pull down touchless single handle kitchen faucet with motionsense wave and power clean spray	Kitchen Faucets	Home Improvement / Kitchen Remodel & Kitchen Fixtures / Kitchen Sinks & Faucet Components / Kitchen Faucets / Bronze Kitchen Faucets
22626	66 '' h x 27 '' w x 15 '' d tall utility storage cabinet		Storage & Organization / Garage & Outdoor Storage & Organization / Garage Storage Cabinets
33058	wall rack	Specialty Filing & Filing Accessories	Commercial Business Furniture / Commercial Office Furniture / Office Storage & Filing / Specialty Filing / Hanging File Specialty Filing
13837	over the door jewelry armoire with mirror	Jewelry Armoires	Furniture / Bedroom Furniture / Jewelry Armoires / Over the Door Jewelry Armoires
42934	0.24 '' vinyl mat	Fitness & Recreational Flooring	School Furniture and Supplies / School Spaces / Recreation & Physical Education / Fitness Flooring
21045	mod dinosaur 54 '' window valance	Valances & Kitchen Curtains	Décor & Pillows / Window Treatments / Valances & Kitchen Curtains / Curtain Valances & Kitchen Curtains
15714	grandties meat slicing carving knife full tang high carbon german stainless steel kitchen cutlery with ergonomic pakkawood handle for brisket turkey , 10 inches blade	Open Stock Knives and Kitchen Scissors	Kitchen & Tabletop / Kitchen Utensils & Tools / Knives & Accessories / Individual Knives / Carving Knife & Fork Individual Knives
38201	vance industries glass cutting board	Cutting Boards	Kitchen & Tabletop / Kitchen Utensils & Tools / Cutting Boards / Glass Cutting Boards
25027	andrews elegant bookcase headboard	Headboards|Teens Headboards	Baby & Kids / Teen Bedroom Furniture / Teen Headboards
30893	rachael ray non-stick bakeware loaf pan	Bread & Loaf Pans	Kitchen & Tabletop / Cookware & Bakeware / Baking Sheets & Pans / Bread & Loaf Pans / Steel Bread & Loaf Pans
1975	black bed frame	Bed Frames	Furniture / Bedroom Furniture / Beds & Headboards / Bed Frames / Twin Bed Frames
26551	inflatable lounger reclining camping chair		Outdoor / Outdoor & Patio Furniture / Outdoor Seating & Patio Chairs / Beach & Lawn Chairs
41047	44 '' 3 - blade standard ceiling fan with light kit included	Ceiling Fans	Lighting / Ceiling Fans / All Ceiling Fans / Brown Blades Ceiling Fans
24580	denise 4 - light lantern drum pendant	Pendant Lights	Lighting / Ceiling Lights / Pendant Lighting / Foyer Pendant Lighting
11907	ambesonne peacock tablecloth , peacock pattern on the wall nature colorful ornate artwork print , rectangular table cover for dining room kitchen decor , 60 '' x 84 '' , yellow pale blue	Dining Linens	Kitchen & Tabletop / Tableware & Drinkware / Table & Kitchen Linens / All Table Linens
14033	meditating yoga frog decorative bird feeder	Bird Feeders	Outdoor / Garden / Outdoor Animal Care / Wild Bird Care / Bird Feeders / Decorative Bird Feeders
16254	batie vinyl solid color shower curtain liner	Shower Curtains	Bed & Bath / Shower Curtains & Accessories / Shower Curtains & Shower Liners
23078	ruckus manufactured wood adjustable height open front desk	Classroom Desks	School Furniture and Supplies / School Furniture / School Desks / Classroom Desks / Open Front Classroom Desks
35446	pamrapo kids cotton chair	Kids Chairs	Baby & Kids / Toddler & Kids Playroom / Playroom Furniture / Toddler & Kids Chairs & Seating
23069	keurig k-elite single-serve k-cup pod coffee maker with iced coffee setting and strength control , 4 to 12 oz . brew sizes	Coffee Makers	Kitchen & Tabletop / Small Kitchen Appliances / Coffee, Espresso, & Tea / Coffee Makers / Single Cup Coffee Makers
10203	zura wall mounted robe hook	Towel & Robe Hooks	Home Improvement / Bathroom Remodel & Bathroom Fixtures / Towel Storage / Towel & Robe Hooks / Nickel Towel & Robe Hooks
38608	reflessione modern & contemporary full length mirror	Wall & Accent Mirrors	Décor & Pillows / Mirrors / All Mirrors / Leaning & Floor Mirrors
20072	wafford 2 door cabinet	Accent Chests / Cabinets	Furniture / Living Room Furniture / Cabinets & Chests / Blue Cabinets & Chests
24039	13 ft. w x 11 ft. d solid wood patio gazebo	Canopies & Gazebos	Outdoor / Outdoor Shades / Gazebos / Wood Gazebos
6253	robillard round metal nesting 3 piece serving tray set	Decorative Trays	Décor & Pillows / Home Accessories / Decorative Trays
37169	update international double boiler stock pot with lid	Stock Pots, Soup Pots and Multi-Pots	Kitchen & Tabletop / Cookware & Bakeware / Pots, Pans & Skillets / Stock, Soup & Multi-Pots / Stainless Steel Stock, Soup & Multi-Pots
3639	mulloy floral single shower curtain	Shower Curtains	Bed & Bath / Shower Curtains & Accessories / Shower Curtains & Shower Liners
34254	affonso 26 '' wide top grain leather lounge chair		Furniture / Living Room Furniture / Chairs & Seating / Accent Chairs / Lounge Accent Chairs
42305	tower expandable platform riser	Laundry Accessories	Storage & Organization / Cleaning & Laundry Organization / Laundry Accessories
21119	sliding cabinet lock	Cabinet and Drawer Accessories	Home Improvement / Hardware / Cabinet Hardware / Cabinet & Drawer Hardware / Lock and Bolt Cabinet & Drawer Hardware
22404	rentas 11 lbs feeder	Chicken Coop Accessories	Pet / Chicken / Chicken Coop Accessories
22517	deluxe 4 piece album set	Picture & Memory Albums	Décor & Pillows / Picture Frames & Albums / Photo Albums
423	super bright 72-light well light	Landscape Lighting	Lighting / Outdoor Lighting / Landscape Lighting / All Landscape Lighting / Well & Pond Landscape Lighting
32472	1 piece accessories	Commercial Work Tables	Foodservice / Commercial Kitchen Storage / Commercial Work Tables
14057	high pile beveled edge chair mat	Chairmats	Furniture / Office Furniture / Chair Mats / High Pile Carpet Chair Mats
22177	puristâ® soap & lotion dispenser	Bath Accessories	Bed & Bath / Bathroom Accessories & Organization / Countertop Bath Accessories / Soap Dispenser Countertop Bath Accessories
24140	faux wood room darkening horizontal blind	Blinds and Shades	Décor & Pillows / Window Treatments / Blinds & Shades
17934	heberling 17.5 '' ocean blue table lamp	Table Lamps	Lighting / Table & Floor Lamps / Table Lamps / Blue Table Lamps
31887	pyrex easy grab 1.5 qt . loaf dish with plastic cover	Bread & Loaf Pans	Kitchen & Tabletop / Cookware & Bakeware / Baking Sheets & Pans / Bread & Loaf Pans / Glass Bread & Loaf Pans
5831	fleischmann 47.2 '' single bathroom vanity base only	Vanity Bases	"Home Improvement / Bathroom Remodel & Bathroom Fixtures / Bathroom Vanities / Vanity Bases / 46""- 50"" Vanity Bases"
42826	inspirations™ 6 5/16 '' center to center arch pull	Cabinet and Drawer Pulls	Home Improvement / Hardware / Cabinet Hardware / Cabinet & Drawer Pulls / Bronze Cabinet & Drawer Pulls
17525	49 '' double bathroom vanity round with sink	Vanity Tops	Home Improvement / Bathroom Remodel & Bathroom Fixtures / Bathroom Vanities / Vanity Tops
4967	3 bag metal frame laundry utility cart	Carts & Stands	Commercial Business Furniture / Commercial Office Furniture / Office Storage & Filing / Office Carts & Stands / All Carts & Stands / Utility Carts & Stands
14188	pineapple theme keychain favor	Key Organizers	Key Organizers
3916	ayesha curry eyelet adult apron	Kitchen Aprons	Kitchen & Tabletop / Tableware & Drinkware / Table & Kitchen Linens / Kitchen Linens / Aprons / Standard Aprons
41379	3 level straight riser backrail	Stage Accessories	School Furniture and Supplies / School Spaces / Music Room Furniture / Risers
15617	personalized dinosaur toddler pillow case	Toddler Bedding	Baby & Kids / Toddler & Kids Bedding & Bath / Toddler Bedding / All Toddler Bedding / Boy+ Toddler Bedding
32521	deep w2 wall rack	Rackmounts & Rackmount Accessories	School Furniture and Supplies / School Boards & Technology / AV, Mounts & Tech Accessories / Electronic Mounts & Stands / Rackmounts & Rackmount Accessories / Wall Mount Rack Rackmounts & Rackmount Accessories
38156	quick vault xl safe with dial lock	Safes	Storage & Organization / Storage Furniture / Safes / Dial & Combination Safes
32474	25 compartment glass extender rack	Food Service Racks & Shelving	Foodservice / Commercial Kitchen / Foodservice Racks & Shelving / Plastic Foodservice Racks & Shelving
27568	8 piece opening collage board picture frame set	Picture Frames	Décor & Pillows / Picture Frames & Albums / All Picture Frames
37868	underdesk mobile printer stand	Carts & Stands	Commercial Business Furniture / Commercial Office Furniture / Office Storage & Filing / Office Carts & Stands / All Carts & Stands / Printer Carts & Stands
36249	unruh reversible comforter set	Bedding Sets	Sale / Closeout / All Bedding / Queen Bedding
39206	wayfair basics® patio dining set cover	Furniture Covers	Storage & Organization / Garage & Outdoor Storage & Organization / Outdoor Covers / Patio Furniture Covers / Dining Set Patio Furniture Covers
38962	rufus ceramic pot planter	Planters	Outdoor / Garden / Planters / Ceramic Planters
1914	delphi 26.5 '' w leather lounge chair with wood frame	Reception Seating Chairs|Accent Chairs	Shop Product Type / Chairs / Guest & Reception Chairs / Leather Guest & Reception Chairs
6142	manor clock	Mantel & Tabletop Clocks	Décor & Pillows / Clocks / Mantel & Tabletop Clocks
26889	gas-fired propane convection utility heater	Space Heaters	Home Improvement / Heating, Cooling & Air Quality / Heating / Space Heaters / Propane Space Heaters
262	jakat gray rug	Area Rugs	Rugs / Area Rugs / 6' x 9' Area Rugs
10340	value stack four leg classroom chair	Classroom Chairs	School Furniture and Supplies / School Furniture / School Chairs & Seating / Classroom Chairs / Toddler Classroom Chairs
781	13.5 '' h x 18 '' w silk/shantung bell lamp shade ( screw on )	Lighting Shades	Lighting / Light Bulbs & Hardware / Light Shades / Beige Light Shades
28869	smart voyager infant swing and high chair		Baby & Kids / Nursery Furniture / Cradles & Bassinets
38846	izzie loveseat	Reception Sofas & Loveseats|Sofas	Reception Area / Reception Seating / Reception Sofas & Loveseats
16223	80 qt . rattan rolling cart cooler	Coolers	Outdoor / Outdoor Cooking & Tableware / Outdoor Serving & Tableware / Coolers, Baskets & Tubs / Coolers / Picnic Coolers
3757	industrial pipe non-skid bookends	Bookends	Décor & Pillows / Home Accessories / Bookends
37035	locking key cabinet , 72-key , brushed aluminum , 11 7/8 x 4 3/4 x 15 3/4	Safes	Storage & Organization / Storage Furniture / Safes / Dial & Combination Safes
34308	doggies pillowcase	Crib Bedding Accessories	Baby & Kids / Nursery Bedding / Crib Skirts & Accessories
34153	iss dunnage rack	Food Service Racks & Shelving	Foodservice / Commercial Kitchen / Foodservice Racks & Shelving / Plastic Foodservice Racks & Shelving
7350	azariah 19 '' wide polyester parsons chair	Accent Chairs|Dining Chairs	Furniture / Living Room Furniture / Chairs & Seating / Accent Chairs / Parsons Accent Chairs
25372	artificial mini phalaenopsis orchids floral arrangement	Faux Florals	Décor & Pillows / Flowers & Plants / Faux Flowers / Orchid Faux Flowers
35849	contour 1 1/8 '' length square knob	Cabinet and Drawer Knobs	Home Improvement / Hardware / Cabinet Hardware / Cabinet & Drawer Knobs / Bronze Cabinet & Drawer Knobs
6616	jojo siwa upholstered twin platform bed	Licensed Products|Beds|Kids Beds	Baby & Kids / Toddler & Kids Bedroom Furniture / Kids Beds / Girl+ Kids Beds
32389	necklace adjustable drawer organizer	Drawer Organizers	Storage & Organization / Storage Containers & Drawers / Drawer Organizers
886	45 '' cafe curtain	Valances & Kitchen Curtains	Décor & Pillows / Window Treatments / Valances & Kitchen Curtains
37048	riser organizer desk mount	Computer Mounts	School Furniture and Supplies / School Boards & Technology / AV, Mounts & Tech Accessories / Electronic Mounts & Stands / Computer Mounts
18063	solid wood tv stand for tvs up to 65 ''	TV Stands & Entertainment Centers	Furniture / Living Room Furniture / TV Stands & Media Storage Furniture / TV Stands & Entertainment Centers / Glam TV Stands & Entertainment Centers
4075	berghoff international neo 4 qt . steel round casserole with lid	Baking Dishes	Kitchen & Tabletop / Cookware & Bakeware / Baking Sheets & Pans / Baking Dishes / Steel Baking Dishes
17028	laurence tv stand for tvs up to 50 ''	TV Stands & Entertainment Centers	Furniture / Living Room Furniture / TV Stands & Media Storage Furniture / TV Stands & Entertainment Centers / Cottage & Country TV Stands & Entertainment Centers
247	skiff outdoor lounge chair	Patio Lounge Chairs	Outdoor / Outdoor & Patio Furniture / Outdoor Seating & Patio Chairs / Patio Seating / Outdoor Club Chairs / Metal Outdoor Club Chairs
22719	quarza 33 '' l x 22 '' w dual mount kitchen sink	Kitchen Sinks	Home Improvement / Kitchen Remodel & Kitchen Fixtures / Kitchen Sinks & Faucet Components / Kitchen Sinks / Drop-In Kitchen Sinks
28017	6.5 '' decorated christmas tree bubble night light	Night Lights	Lighting / Wall Lights / Night Lights / Traditional Night Lights
31264	lebanon full futon and mattress	Futons	Furniture / Living Room Furniture / Futons & Daybeds / Futons
40321	gothic 12 '' x 12 '' x 0.6mm vinyl tile	Vinyl Flooring	Home Improvement / Flooring, Walls & Ceiling / Flooring / Vinyl Flooring / Black Vinyl Flooring
10456	backus bee be happy three cute bumble bees with clouds background coffee mug	Mugs & Teacups	Kitchen & Tabletop / Tableware & Drinkware / Drinkware / Mugs & Teacups
17787	t3 halogen 500-watt led outdoor security flood light	Security Lighting	Lighting / Outdoor Lighting / Security Lights & Flood Lights / All Security Lights & Flood Lights
23129	vintage mini widespread bathroom faucet	Bathroom Sink Faucets	Home Improvement / Bathroom Remodel & Bathroom Fixtures / Bathroom Sinks & Faucet Components / Bathroom Sink Faucets / Widespread Bathroom Sink Faucets
9873	gadbois vanity	Makeup Vanities	Furniture / Bedroom Furniture / Bedroom and Makeup Vanities
10185	trinsic® bathroom contemporary touch soap dispenser	Kitchen Sink Accessories	Home Improvement / Kitchen Remodel & Kitchen Fixtures / Kitchen Sinks & Faucet Components / Kitchen Sink Accessories
3407	metal pineapple wall décor	Wall Décor	Décor & Pillows / Wall Décor / Wall Accents / Bronze Wall Accents
40889	22 gallon plastic/resin storage bench	Deck Boxes	Storage & Organization / Garage & Outdoor Storage & Organization / Deck Boxes & Patio Storage / Storage Bench Deck Boxes & Patio Storage
7263	park lane pot planter	Planters	Outdoor / Garden / Planters / Ceramic Planters
4072	berghoff international leo 3 piece tool set	Slicers, Peelers And Graters	Kitchen & Tabletop / Kitchen Utensils & Tools / Fruit & Vegetable Tools / Peelers
30401	nautical reclining chaise lounge	Patio Chaise Lounges	Outdoor / Outdoor & Patio Furniture / Outdoor Seating & Patio Chairs / Outdoor Chaise & Lounge Chairs / Folding Outdoor Chaise & Lounge Chairs
17291	abstract tufted wool black/ivory/gray area rug	Area Rugs	Rugs / Area Rugs / 5' x 8' Area Rugs
16043	bay shore 18 '' wall clock	Wall Clocks	Décor & Pillows / Clocks / Wall Clocks / Maritime & Weather Station Wall Clocks
36399	itchington 7 - piece butterfly leaf dining set	Dining Table Sets	Furniture / Kitchen & Dining Furniture / Dining Tables & Seating / Kitchen & Dining Room Sets / 7 Piece Kitchen & Dining Room Sets
11998	ambesonne leaf 2 panel curtain set , watercolor style pattern with dollar eucalyptus leaves and branches , lightweight window treatment living room bedroom decor , 56 '' x 63 '' , green pale brown white room darkening rod pocket curtain panels	Curtains & Drapes	Décor & Pillows / Window Treatments / Curtains & Drapes / 63 Inch and Less Curtains & Drapes
30108	23.25 '' w leather lounge chair with metal frame	Reception Seating Chairs	Shop Product Type / Chairs / Guest & Reception Chairs / Leather Guest & Reception Chairs
39211	wayfair basics end cap single curtain rod	Curtain Hardware & Accessories	Décor & Pillows / Window Treatments / Curtain Hardware & Accessories / Bracket Curtain Hardware & Accessories
26088	ashley papasan chair	Teen Lounge Furniture|Accent Chairs	Baby & Kids / Teen Bedroom Furniture / Teen Lounge Furniture
13257	erf , inc. square 35 '' l x 35 '' w table	Restaurant Tables|Dining Tables	Foodservice / Foodservice Tables / Restaurant Tables
11555	straight 5 1/16 '' center to center bar pull	Cabinet and Drawer Pulls	Home Improvement / Hardware / Cabinet Hardware / Cabinet & Drawer Pulls / Brown Cabinet & Drawer Pulls
34397	locher 7 drawer accent chest	Accent Chests / Cabinets	Furniture / Living Room Furniture / Cabinets & Chests / Brown Cabinets & Chests
3899	ayesha curry barware etched diamond 20 oz . copper mug		Kitchen & Tabletop / Tableware & Drinkware / Drinkware / All Drinkware
6715	parryville rocking chair	Patio Rockers & Gliders	Outdoor / Outdoor & Patio Furniture / Outdoor Seating & Patio Chairs / Patio Seating / Patio Rocking Chairs & Gliders
7429	stretchy washable textured grid individual box cushion cover	Furniture Cushions	Browse By Brand / Wade Logan® / Wade Logan® Patio Furniture
13199	kids vinyl padded folding chair	Kids Chairs|Folding Chairs	School Furniture and Supplies / School Furniture / School Chairs & Seating / Folding Chairs / Vinyl Folding Chairs
9708	certified international gilded rooster 3d salt and pepper shaker set		Kitchen & Tabletop / Tableware & Drinkware / Serveware / Salt & Pepper Shakers & Mills
11575	bemis 3-tiered 15 '' bed skirt	Bed Skirts	Bed & Bath / Bedding Essentials / Bed Skirts
36673	happy hour tropical garden gnome statue	Garden Statues	Outdoor / Outdoor Décor / Statues & Sculptures / Gnome Statues & Sculptures
41982	ultra laundry basket	Hampers & Baskets	Storage & Organization / Bathroom Storage & Organization / Hampers & Laundry Baskets / Laundry Sets Hampers & Laundry Baskets
2327	flip flop 7 pair hanging shoe organizer	Shoe Storage	Storage & Organization / Shoe Storage / All Shoe Storage / Over the Door Shoe Storage
8067	natural marble 14.5in . h free standing toilet brush and holder	Toilet Brushes & Plungers	Bed & Bath / Bathroom Accessories & Organization / Toilet Brushes
22522	mendivil 2 piece metal accent shelf	Wall Mounted Shelves	Storage & Organization / Wall Shelving & Organization / Wall and Display Shelves
38760	double face shelf standard bookcase	Bookcases	Furniture / Living Room Furniture / Bookcases / 3 Shelf Bookcases
35071	markovich platform solid wood configurable bedroom set		Furniture / Bedroom Furniture / Bedroom Sets
32159	montserrat wooden pinic bench	Patio Benches	Outdoor / Outdoor & Patio Furniture / Outdoor Seating & Patio Chairs / Outdoor Benches / Picnic Outdoor Benches
13898	dyconn operated water detector alarm	Smoke & CO Detectors	Home Improvement / Kitchen Remodel & Kitchen Fixtures / Smoke Detectors / Portable Smoke Detectors
12987	collier 31.25 '' w leather lounge chair with metal frame	Reception Seating Chairs|Accent Chairs	Shop Product Type / Chairs / Guest & Reception Chairs
25445	ninja 8 qt . foodi 9-in-1 deluxe xl pressure cooker and air fryer	Air Fryers|Slow Cookers	Shop Product Type / Fryers / Air Fryers
41818	southwestern dark blue area rug	Area Rugs	Rugs / Area Rugs / 3' & 4' Area Rugs
4253	avanni patio sectional with cushions	Patio Sofas	Outdoor / Outdoor & Patio Furniture / Outdoor Seating & Patio Chairs / Patio Seating / Patio Sofas & Sectionals / Sectional Patio Sofas & Sectionals
20051	cugina writing and chair set	Computer & Training Tables|Office Sets|Desks	Furniture / Office Furniture / Desks
12278	reynolds metal non-slip kids hanger for dress/shirt/sweater	Hangers	Storage & Organization / Closet Storage & Organization / Hangers
4292	brightech tree led spotlight super bright 3 light standing floor lamp , jet black	Floor Lamps	Lighting / Table & Floor Lamps / Floor Lamps
38049	sea and shore crab rope cheese board and platter	Serving Dishes & Platters	Kitchen & Tabletop / Tableware & Drinkware / Serveware / Serving Trays & Boards / Cheese Boards / Cheese Cheese Boards
34077	capresso coffee burr grinder	Coffee Grinders	Kitchen & Tabletop / Small Kitchen Appliances / Coffee, Espresso, & Tea / Coffee Grinders / Burr Coffee Grinders
23033	jurassic mark kids dino small bean bag chair	Bean Bags	Furniture / Game Tables & Game Room Furniture / Bean Bag Chairs / Green Bean Bag Chairs
18547	whittenburg bath tissue reserve	Toilet Paper Holders	Home Improvement / Bathroom Remodel & Bathroom Fixtures / Toilets & Bidets / Toilet Paper Holders
11750	heather dutton duvet cover set	Bedding Sets	Bed & Bath / Bedding / All Bedding / Double & Full Bedding
3302	34 '' bedside table lamp	Table Lamps	Lighting / Table & Floor Lamps / Table Lamps / Glass & Clear Table Lamps
19144	donnae plant stand	Planter Accessories	Outdoor / Garden / Plant Stands & Accessories
10032	steinhauer classic rustic wood storage 3 drawer nightstand	Nightstands	Furniture / Bedroom Furniture / Nightstands / Brown Nightstands
34839	4 ft. w x 3.91 ft. d plastic portable storage shed	Sheds	Storage & Organization / Garage & Outdoor Storage & Organization / Sheds / Garage Sheds
10286	fork and spoon set		Baby & Kids / Toddler & Kids Playroom / Indoor Play / Play Kitchen Sets & Accessories
20057	anchondo 8 '' glass sphere pendant shade	Lighting Replacement Glass	Lighting / Light Bulbs & Hardware / Lighting Replacement Glass
20317	callan saxon keyed door knob	Door Knobs	Home Improvement / Doors & Door Hardware / Door Hardware & Accessories / Door Knobs / Round Door Knobs
25769	collapsible folding outdoor garden food and drink server	Tailgating Wagons	Outdoor / Garden / Garden Carts
15723	34 '' w x 58 '' h frameless tub door	Shower & Tub Doors	Home Improvement / Bathroom Remodel & Bathroom Fixtures / Showers & Bathtubs / Shower & Bathtub Doors / Hinged Shower & Bathtub Doors
28782	32 '' h 4-panel wooden pet gate	Pet Gates	Pet / Dog / Pet Gates, Fences & Doors / Pet Gates / Dog Gates for Stairs Pet Gates
2316	entrance sign	Signs & Sign Holders	School Furniture and Supplies / Facilities & Maintenance / Commercial Signage
7844	wire riser	Mailroom Tables	Commercial Business Furniture / Commercial Office Furniture / Office Storage & Filing / Mailroom Tables & Organizers
1667	24 '' wall mounted single rod towel rack	Bathroom Hardware Sets	Home Improvement / Bathroom Remodel & Bathroom Fixtures / Bathroom Hardware / Bathroom Hardware Sets / Chrome Bathroom Hardware Sets
5745	holenice pineapple glass 338 oz . beverage dispenser	Beverage Servers	Kitchen & Tabletop / Tableware & Drinkware / Serveware / Beverage Servers & Pitchers / Beverage Dispensers
31633	emmaleigh rectangle memory foam non-slip 2 piece bath rug set	Bath Rugs & Mats	Sale / Closeout / Bath Rugs & Towels / Bath Rugs & Mats
40368	argyros chest	Protection Plans	Protection Plans
11833	daisy flowers with bees apron	Kitchen Aprons	Kitchen & Tabletop / Tableware & Drinkware / Table & Kitchen Linens / Kitchen Linens / Aprons
16108	paride stool	Accent Stools	Furniture / Living Room Furniture / Chairs & Seating / Accent Stools / Metal Accent Stools
42233	professional full body massage	Massage Therapy Products|Massage Chairs	Shop Product Type / Massage Products
37622	fade single curtain rod	Curtain Hardware & Accessories	Décor & Pillows / Window Treatments / Curtain Hardware & Accessories / Single Rod Curtain Hardware & Accessories
30947	camden 3 drawer dresser	Kids Dressers & Chests	Baby & Kids / Toddler & Kids Bedroom Furniture / Baby & Kids Dressers / Brown Baby & Kids Dressers
322	leda 3d wardrobe armoire	Kids Armoires	Baby & Kids / Toddler & Kids Bedroom Furniture / Kids Armoires / Blue Kids Armoires
30894	armbruster extendable dining table	Dining Tables	Furniture / Kitchen & Dining Furniture / Dining Tables & Seating / Kitchen & Dining Tables / 6 Seat Kitchen & Dining Tables
9849	orbito	Lawn Games	Outdoor / Outdoor Recreation / Outdoor Games / All Outdoor Games / Frisbee Outdoor Games
538	a cut above cutlery pro stainless series 8 '' bread knife	Open Stock Knives and Kitchen Scissors	Kitchen & Tabletop / Kitchen Utensils & Tools / Knives & Accessories / Individual Knives / Bread & Serrated Knife Individual Knives
25275	king mattress pad	Mattress Toppers and Pads	Sale / Closeout / Bedding Essentials / Mattress Pads & Toppers
98	bar tool set	Bar & Wine Tools	Kitchen & Tabletop / Tableware & Drinkware / Barware / Bar & Wine Tools / All Bar & Wine Tools
16504	gurney slade stainless steel decorative bowl	Decorative Plates & Bowls	Décor & Pillows / Home Accessories / Decorative Plates & Bowls
40220	hawaii vintage advertisement plaque	Wall Art	Décor & Pillows / Art / All Wall Art / Red Wall Art
18109	yokota 22.5 '' wide polyester slipper chair	Accent Chairs	Furniture / Living Room Furniture / Chairs & Seating / Accent Chairs / Slipper Accent Chairs
5846	all-weather 70 gallon water resistant wicker storage bench	Deck Boxes	Storage & Organization / Garage & Outdoor Storage & Organization / Deck Boxes & Patio Storage / Storage Bench Deck Boxes & Patio Storage
8975	parishville 5 piece bar set	Patio Bar Sets	Outdoor / Outdoor & Patio Furniture / Patio Bar Furniture / Patio Bars & Sets
41441	10ft . x 10ft . cedar pergola	Pergolas	Outdoor / Outdoor Shades / Pergolas / Wood Pergolas
9303	ashton 63 '' floor lamp	Floor Lamps	Lighting / Table & Floor Lamps / Floor Lamps / Traditional Floor Lamps
30900	baby basic plastic disposable forks	Disposable Party Supplies	Outdoor / Outdoor Cooking & Tableware / Outdoor Serving & Tableware / Disposable Tableware
42192	keyless gate lock with 2-way entry latch/catch/bolt	Door Hardware Accessories	Home Improvement / Doors & Door Hardware / Door Hardware & Accessories / Door Hardware / Latches, Catches and Bolts Door Hardware
17293	twig metal candlestick	Candle Holders	Décor & Pillows / Candles & Holders / Candle Holders / Candlestick Candle Holders
18242	steel electronic 5 rifle safe box with dual-lock	Safes	Storage & Organization / Storage Furniture / Safes / Dual-Lock Safes
20058	hyrdrowave 300 sq . ft. dehumidifier	Dehumidifiers	Home Improvement / Heating, Cooling & Air Quality / Air Quality / Dehumidifiers
11583	frigidaire series 4.1 cu . ft. top load washer and 6.7 cu . ft. electric dryer		Appliances / Washers & Dryers / Washer & Dryer Sets
16774	elevated cooling cot	Dog Beds & Mats	Pet / Dog / Dog Beds / All Dog Beds / Small Dog Beds
37913	niko vessel sink bathroom faucet	Bathroom Sink Faucets	Home Improvement / Bathroom Remodel & Bathroom Fixtures / Bathroom Sinks & Faucet Components / Bathroom Sink Faucets
18660	rosendahl bath 3-light vanity light	Vanity Lighting	Lighting / Wall Lights / Bathroom Vanity Lighting / Glam Bathroom Vanity Lighting
30519	owl ceramic tealight holder	Candle Holders	Décor & Pillows / Candles & Holders / Candle Holders / Tea Light Candle Holders
13879	the square deal photographic print	Wall Art	Décor & Pillows / Art / All Wall Art / Brown Wall Art
39498	dinosaur land 3 piece crib bedding set	Crib Bedding Sets	Baby & Kids / Nursery Bedding / Crib Bedding Sets
10562	cartoon owl snowflake holiday shaped ornament	Ornaments & Tree Décor	Holiday Décor / Christmas / Christmas Tree Decorations / Christmas Ornaments / All Christmas Ornaments
4508	eloy kitchen island with granite top	Kitchen Islands	Furniture / Kitchen & Dining Furniture / Kitchen Islands & Carts / Kitchen Islands Kitchen Islands & Carts
23530	pennock 37 '' wide convertible chair	Accent Chairs	Furniture / Living Room Furniture / Chairs & Seating / Accent Chairs / Convertible Accent Chairs
33380	medea wall mounted robe hook	Towel & Robe Hooks	Home Improvement / Bathroom Remodel & Bathroom Fixtures / Towel Storage / Towel & Robe Hooks / Chrome Towel & Robe Hooks
7127	nolan secretary desk	Desks	Furniture / Office Furniture / Desks / Secretary & Roll Top Desks
23534	buradale 1 - bulb outdoor bulkhead light	Outdoor Wall Lights|Outdoor Flush Mounts	Lighting / Outdoor Lighting / Outdoor Ceiling Lights / Outdoor Flush Mounts
3303	modern tapered bedside table lamp	Table Lamps	Lighting / Table & Floor Lamps / Table Lamps / Pink Table Lamps
16038	levins 29 '' table base	Restaurant Table Bases	Foodservice / Foodservice Tables / Restaurant Table Bases
15076	mirabelle patio sectional with cushions	Patio Sofas	Outdoor / Outdoor & Patio Furniture / Outdoor Seating & Patio Chairs / Patio Seating / Patio Sofas & Sectionals / Sectional Patio Sofas & Sectionals
17234	ergonomic gaming chair with massage	Game Chairs	Furniture / Game Tables & Game Room Furniture / Gaming Chairs / Reclining Gaming Chairs
28407	rixensart outdoor 3 piece bistro set	Patio Dining Sets	Outdoor / Outdoor & Patio Furniture / Patio Furniture Sets / Patio Dining Sets
6449	mesa solid wood tv stand for tvs up to 65 ''	TV Stands & Entertainment Centers	Furniture / Living Room Furniture / TV Stands & Media Storage Furniture / TV Stands & Entertainment Centers / Industrial TV Stands & Entertainment Centers
20622	34.5 '' steel bed frame	Bed Frames	Furniture / Bedroom Furniture / Beds & Headboards / Bed Frames / Twin Bed Frames
20491	contemporary wall mounted dry erase board	Memo Boards	Décor & Pillows / Wall Décor / Memo Boards
2178	kara folding 2 piece tray table set	TV Trays	Furniture / Living Room Furniture / TV Stands & Media Storage Furniture / TV Trays
16028	annex traditional beveled accent mirror	Wall & Accent Mirrors	Sale / Closeout / All Mirrors / Accent Mirrors
1197	lizzy 25.6 '' w bariatric antimicrobial waiting room chair with metal frame	Waiting Room Chairs	Commercial Business Furniture / Commercial Office Furniture / Office Seating / Waiting Room Chairs
18052	melange montage wood bed canopy	Bedding Accessories	Baby & Kids / Toddler & Kids Bedroom Furniture / Bed Canopies / Canopy Bed Canopies
22609	piuma chair	Patio Dining Chairs	Outdoor / Outdoor & Patio Furniture / Outdoor Seating & Patio Chairs / Patio Seating / Patio Dining Chairs / Plastic Patio Dining Chairs
36950	adjustable 1 '' single curtain rod	Curtain Hardware & Accessories	Décor & Pillows / Window Treatments / Curtain Hardware & Accessories / Single Rod Curtain Hardware & Accessories
33658	belize 35.2 '' single bathroom vanity base only	Vanity Bases	"Home Improvement / Bathroom Remodel & Bathroom Fixtures / Bathroom Vanities / Vanity Bases / 31""- 35"" Vanity Bases"
39976	wall mounted wine glass rack	Wine Racks	Kitchen & Tabletop / Tableware & Drinkware / Barware / Wine Racks / Glass Wine Racks
39476	59 '' bird cage pet supplies metal cage with rolling stand	Bird Cages	Pet / Bird / All Bird Cages
22702	kraus kore round stainless steel wood 4 piece colander set	Strainers, Colanders, & Salad Spinners	Kitchen & Tabletop / Kitchen Utensils & Tools / Colanders, Strainers, & Salad Spinners
2706	yann antique console table	Sofa & Console Tables	Furniture / Living Room Furniture / Console Tables
884	blake tier cafe curtain	Valances & Kitchen Curtains	Décor & Pillows / Window Treatments / Valances & Kitchen Curtains / Tier Valances & Kitchen Curtains
23084	ruckus classroom chair with casters	Classroom Chairs	School Furniture and Supplies / School Furniture / School Chairs & Seating / Classroom Chairs / High School & College Classroom Chairs
21211	kuru glass decorative bowl	Decorative Plates & Bowls	Décor & Pillows / Home Accessories / Decorative Plates & Bowls / Glass Decorative Plates & Bowls
10006	callan canova privacy door knob	Door Knobs	Home Improvement / Doors & Door Hardware / Door Hardware & Accessories / Door Knobs / Egg Door Knobs
21472	flip 45 '' w x 56 '' h pivot frameless tub door	Shower & Tub Doors	Home Improvement / Bathroom Remodel & Bathroom Fixtures / Showers & Bathtubs / Shower & Bathtub Doors / Pivot Shower & Bathtub Doors
30284	aps-fillerends8	Sandboxes & Sand Toys	Sandboxes & Sand Toys
7314	ketcham upholstered standard bed	Beds	Furniture / Bedroom Furniture / Beds & Headboards / Beds / Full & Double Beds
35517	industrial pipe wall mounted bike rack	Bike And Sport Racks	Storage & Organization / Garage & Outdoor Storage & Organization / Bike & Sport Racks / Bike Rack Bike & Sport Racks
15829	seigle 36 '' single vanity set	Vanities	Home Improvement / Bathroom Remodel & Bathroom Fixtures / Bathroom Vanities / All Bathroom Vanities / Cottage & Country Bathroom Vanities
17914	horizontal wall mounted sports rack	Bike And Sport Racks	Storage & Organization / Garage & Outdoor Storage & Organization / Bike & Sport Racks / Sports Rack Bike & Sport Racks
1450	industrial wire shelf	Shelving Accessories	Storage & Organization / Garage & Outdoor Storage & Organization / Garage Shelving Accessories
18725	pacey 2 - drawer solid wood nightstand in light gray	Nightstands	Furniture / Bedroom Furniture / Nightstands
33569	36 '' counter depth side by side 22 cu . ft. energy star refrigerator	Refrigerators	Appliances / Kitchen Appliances / Refrigerators & Freezers / All Refrigerators / Side By Side Refrigerators
42499	madrena damask rod pocket curtains/drapes	Curtains & Drapes	Décor & Pillows / Window Treatments / Curtains & Drapes / 95 Inch and 96 Inch Curtains & Drapes
34902	premium vitalia resin shower curtain hooks	Shower Curtain Hooks and Accessories	Bed & Bath / Shower Curtains & Accessories / Shower Curtain Hooks
22642	kitchenworthy burger and french fry set	Poultry & Meat Preparation Tools|Kitchen Gadgets	Kitchen & Tabletop / Kitchen Utensils & Tools / Meat & Seafood Tools / Meat & Poultry Tools
7043	gilbreath 2 '' gel memory foam mattress topper	Mattress Toppers and Pads	Bed & Bath / Bedding Essentials / Mattress Pads & Toppers
11834	fitness apron	Kitchen Aprons	Kitchen & Tabletop / Tableware & Drinkware / Table & Kitchen Linens / Kitchen Linens / Aprons / Standard Aprons
14498	star wars rebel alliance silicone 4 piece ice cube tray set	Ice Buckets, Beverage Tubs & Chillers|Licensed Products	Kitchen & Tabletop / Tableware & Drinkware / Barware / Ice Buckets & Wine Chillers
21267	plow and hearth claytor rocking chair	Patio Rockers & Gliders	Outdoor / Outdoor & Patio Furniture / Outdoor Seating & Patio Chairs / Patio Seating / Patio Rocking Chairs & Gliders / Wicker & Rattan Patio Rocking Chairs & Gliders
23432	beveled 5 '' center to center bar pull	Cabinet and Drawer Pulls	Home Improvement / Hardware / Cabinet Hardware / Cabinet & Drawer Pulls
7488	imperial low voltage solar powered integrated led metal 2.5 in . x 2.5 in . fence post cap light with base adapter included	Landscape Lighting	Lighting / Outdoor Lighting / Landscape Lighting / All Landscape Lighting / Fence Post Cap Landscape Lighting
17490	chowchilla 6 - light unique / statement geometric chandelier	Chandeliers	Lighting / Ceiling Lights / Chandeliers
42504	darian bathroom storage container	Bath Accessories	Bed & Bath / Bathroom Accessories & Organization / Countertop Bath Accessories / Storage Jar & Container Countertop Bath Accessories
31386	gallentine furniture set	Reception Sofas & Loveseats	Reception Area / Reception Seating / Office Sofas & Loveseats
16372	two desk edge mount power outlets with usb charge ports	Switches, Dimmers & Outlets	Home Improvement / Hardware / Home Hardware / Switches, Dimmers & Outlets
20903	tolleson console table	Sofa & Console Tables	Furniture / Living Room Furniture / Console Tables / White Console Tables
19807	boswell upholstered platform bed	Teen Beds|Beds	Baby & Kids / Teen Bedroom Furniture / Teen Beds
21812	cook n home round non-stick casserole with lid	Baking Dishes	Kitchen & Tabletop / Cookware & Bakeware / Baking Sheets & Pans / Baking Dishes / Aluminum Baking Dishes
34431	blair toddler bed	Kids Beds	Baby & Kids / Toddler & Kids Bedroom Furniture / Kids Beds / Boy+ Kids Beds
26673	seaside pearled cheese board	Serving Dishes & Platters	Serving Dishes & Platters
38285	coughlin abstract ivory/blue/gold area rug	Area Rugs	Rugs / Area Rugs / 3' x 5' Area Rugs
15103	literati 1.62 '' x 3 '' beveled engineered stone honeycomb mosaic tile	Floor & Wall Tile	Home Improvement / Flooring, Walls & Ceiling / Floor Tiles & Wall Tiles / Stone Composite Floor Tiles & Wall Tiles
775	titouan hardwood rocking chair	Patio Rockers & Gliders	Outdoor / Outdoor & Patio Furniture / Outdoor Seating & Patio Chairs / Patio Seating / Patio Rocking Chairs & Gliders / Wood Patio Rocking Chairs & Gliders
13059	storage hamper lattice standard solid teak deck box	Hampers & Baskets	Storage & Organization / Bathroom Storage & Organization / Hampers & Laundry Baskets / Laundry Hampers & Laundry Baskets
31998	oversized expression 1 9/16 '' diameter round knob	Cabinet and Drawer Knobs	Home Improvement / Hardware / Cabinet Hardware / Cabinet & Drawer Knobs / Beige Cabinet & Drawer Knobs
38787	71 '' x 32 '' freestanding soaking acrylic bathtub	Tubs And Whirlpools	Home Improvement / Bathroom Remodel & Bathroom Fixtures / Showers & Bathtubs / Bathtubs / Slipper Tub Bathtubs
26779	airbutler steam shower package	Steam	Home Improvement / Bathroom Remodel & Bathroom Fixtures / Showers & Bathtubs / Showers & Bathtubs Plumbing / Steam Units
14474	water resistant patio chaise lounge cover	Furniture Covers	Storage & Organization / Garage & Outdoor Storage & Organization / Outdoor Covers / Patio Furniture Covers / Chaise Lounge Patio Furniture Covers
23551	siple mid-century modern retro 26.5 '' bar stool	Bar Stools	"Furniture / Kitchen & Dining Furniture / Bar Furniture / Bar Stools & Counter Stools / All Bar Stools & Counter Stools / Counter (24""-27"") Bar Stools & Counter Stools"
41084	outdoor thunderwall	Commercial Playground Equipment	School Furniture and Supplies / School Spaces / Outdoor Playground & Recreation / Commercial Playground Equipment
3898	ayesha curry non-stick sheetpan with baking mat	Baking Sheets	Kitchen & Tabletop / Cookware & Bakeware / Baking Sheets & Pans / Baking Sheets / Mats For Baking Sheets
41356	manual retraction side awning in anthracite	Awnings	Outdoor / Outdoor Shades / Awnings
21758	vanwormer 55 '' wide 2 drawer buffet table	Sideboards & Buffets	Furniture / Kitchen & Dining Furniture / Sideboards & Buffets / Silverware Storage Equipped Sideboards & Buffets
21268	sunflower iron garden bench	Patio Benches	Outdoor / Outdoor & Patio Furniture / Outdoor Seating & Patio Chairs / Outdoor Benches
21833	kathy ireland homes & gardens river brook left arm sofa and right arm sofa	Patio Sofas	Outdoor / Outdoor & Patio Furniture / Outdoor Seating & Patio Chairs / Patio Seating / Patio Sofas & Sectionals / Loveseat Patio Sofas & Sectionals
24835	modern bohemian utensil crock	Utensil Crocks, Caddies, Chests and Spoon Rests	Kitchen & Tabletop / Kitchen Organization / Countertop & Sink Organization / Utensil Crocks
11174	shreyas gift set owl	Baby Blankets	Baby & Kids / Nursery Bedding / Baby Blankets & Quilts
25873	deluxe fabric padded folding chair	Folding Chairs	School Furniture and Supplies / School Furniture / School Chairs & Seating / Folding Chairs / Fabric Folding Chairs
35352	shillington multimedia library style media drawers		Furniture / Living Room Furniture / TV Stands & Media Storage Furniture / Media Storage & Accessories / CD & DVD Media Storage Furniture
33008	vermiculite	Grilling & Heating Fuels	Outdoor / Outdoor Cooking & Tableware / Grill Tools & Outdoor Cooking Accessories / Fuel & Firestarters
25497	weston rectangular multi-tiered plant stand	Plant & Telephone Tables	Furniture / Living Room Furniture / Coffee Tables & End Tables / Plant Stands & Tables / Rectangular Plant Stands & Tables
18092	levinson 34 '' wide genuine leather manual wing chair recliner	Recliners	Furniture / Living Room Furniture / Chairs & Seating / Recliners / Blue Recliners
2360	2 '' length twig knob	Cabinet and Drawer Knobs	Home Improvement / Hardware / Cabinet Hardware / Cabinet & Drawer Knobs / Brass Cabinet & Drawer Knobs
33928	oberyn 9 '' melamine salad plate	Plates & Saucers	Kitchen & Tabletop / Tableware & Drinkware / Dinnerware / Plates
12689	diy black manual wall/ceiling mounted projector screen	Projector Screens	Furniture / Living Room Furniture / TV Stands & Media Storage Furniture / TV Stands & Media Storage Furniture Sale
40262	aylsham wall mounted sports rack	Bike And Sport Racks	Storage & Organization / Garage & Outdoor Storage & Organization / Bike & Sport Racks
20695	executive chair	Office Chairs	Furniture / Office Furniture / Office Chairs / Executive Office Chairs
4073	berghoff international essentials poultry shear	Open Stock Knives and Kitchen Scissors	Kitchen & Tabletop / Kitchen Utensils & Tools / Knives & Accessories / Scissors & Kitchen Shears / Kitchen Shears Scissors & Kitchen Shears
7197	troy monthly calendar with notes whiteboard wall decal	Wall Stickers	Décor & Pillows / Wall Décor / Wall Decals / Chalkboard Wall Decals
39238	wayfair basics bbq grill cover - fits up to 67 ''	Covers & Carry Bags	Storage & Organization / Garage & Outdoor Storage & Organization / Outdoor Covers / Grill Covers
1297	marane oak vanity set	Makeup Vanities	Furniture / Bedroom Furniture / Makeup Vanities
16772	gowise usa 5.48 liter 8-in-1 air fryer with 6 piece accessory set	Air Fryers	Shop Product Type / Fryers / Air Fryers / Non-Stick Air Fryers
12700	designer cut gray 135 '' diagonal portable projection screen	Projector Screens	Furniture / Living Room Furniture / TV Stands & Media Storage Furniture / Projection Screens
42988	paradise pressure balanced diverter dual shower head complete shower system	Shower Panels	Home Improvement / Bathroom Remodel & Bathroom Fixtures / Showers & Bathtubs / Showers & Bathtubs Plumbing / Shower Panels / Wall Mounted Shower Panels
23079	ruckus 24 '' classroom stool	Classroom Chairs	School Furniture and Supplies / School Furniture / School Chairs & Seating / Classroom Chairs / 4th - 5th Grade Classroom Chairs
16771	gowise usa electric pressure cooker	Slow Cookers	Kitchen & Tabletop / Small Kitchen Appliances / Pressure & Slow Cookers / Pressure Cookers / Electric Pressure Cookers
29812	ozeri stainless steel all-in-one apeo & pfoa-free 5.3 qt non-stick sauce pan with lid	Saucepans And Sauciers	Kitchen & Tabletop / Cookware & Bakeware / Pots, Pans & Skillets / Sauce Pans / 4.1 - 6 Quart Sauce Pans
2507	aroma 5 qt . cool touch digital slow cooker , food steamer and rice cooker	Slow Cookers	Kitchen & Tabletop / Small Kitchen Appliances / Pressure & Slow Cookers / Multi-Cookers / Multi Multi-Cookers
33221	sociable 16 '' x 16 '' x 3mm luxury vinyl tile	Vinyl Flooring	Home Improvement / Flooring, Walls & Ceiling / Flooring / Vinyl Flooring / Brown Vinyl Flooring
10042	allionna reclining chaise lounge with cushion	Patio Chaise Lounges	Outdoor / Outdoor & Patio Furniture / Outdoor Seating & Patio Chairs / Outdoor Chaise & Lounge Chairs
16168	4.6 cu . ft. top load washer and 7.4 cu . ft. gas dryer	Washer and Dryer Sets	Appliances / Washers & Dryers / Washer & Dryer Sets / Black Washer & Dryer Sets
3393	vestavia reclining glider	Gliders|Recliners	Baby & Kids / Nursery Furniture / Nursery Gliders, Rockers & Recliners
6995	bike/motorcycle hand air pump	Air Mattresses	Bed & Bath / Mattresses & Foundations / Air Mattresses
17358	square waste basket & toilet brush set	Toilet Brushes & Plungers	Bed & Bath / Bathroom Accessories & Organization / Toilet Brushes
10567	crown keep calm and love honey bees wine bag carrier	Wine Bottle Carriers	Outdoor / Outdoor Cooking & Tableware / Outdoor Serving & Tableware / Coolers, Baskets & Tubs / Wine Carriers & Totes / Black Wine Carriers & Totes
3968	ambiance 2 '' x 2 '' resin insert matrix city decorative accent tile	Accent Tiles	Home Improvement / Flooring, Walls & Ceiling / Walls & Ceilings / Accent Tiles / Resin Accent Tiles
2029	hypoallergenic zippered mattress cover	Mattress Covers and Protectors	Bed & Bath / Bedding Essentials / Mattress Covers & Protectors
7087	incandescent light bulb	Light Bulbs	Lighting / Light Bulbs & Hardware / Light Bulbs / All Light Bulbs / Halogen Light Bulbs
30691	double roof parakeet bird starter kit	Bird Cages	Pet / Bird / All Bird Cages / Parakeet Bird Cages
14204	carlisle 25 '' w x 30 '' h wall mounted cabinet	Bathroom Storage	Storage & Organization / Bathroom Storage & Organization / Bathroom Cabinets & Shelving
19061	dimmable led 196.8 '' under cabinet strip light	Under Cabinet Lighting	Lighting / Wall Lights / Under Cabinet Lighting / Strip Under Cabinet Lighting
23469	mardis beaded 51 '' window valance	Valances & Kitchen Curtains	Décor & Pillows / Window Treatments / Valances & Kitchen Curtains
15252	tajana 17 ft. outdoor led 50-light fairy string light	String Lights	Lighting / Outdoor Lighting / String Lights
5856	zen	Fabric	Storage & Organization / Cleaning & Laundry Organization / Crafts & Sewing / Fabric By the Yard / Polyester Fabric By the Yard
6873	estevan rooster throw	Blankets And Throws	Décor & Pillows / Decorative Pillows & Blankets / Blankets & Throws
19516	digital led wall clock	Wall Clocks	Décor & Pillows / Clocks / Wall Clocks / Digital Wall Clocks
18703	toilet paper roll stand	Toilet Paper Holders	Home Improvement / Bathroom Remodel & Bathroom Fixtures / Toilets & Bidets / Toilet Paper Holders / Free Standing Toilet Paper Holders
31886	pyrex easy grab 1.5 qt . loaf dish	Bread & Loaf Pans	Kitchen & Tabletop / Cookware & Bakeware / Baking Sheets & Pans / Bread & Loaf Pans / Glass Bread & Loaf Pans
2344	36 '' h x 84 '' w x 24 '' d base cabinet	Cabinetry	Home Improvement / Kitchen Remodel & Kitchen Fixtures / Cabinet Hardware & Cabinetry / Cabinetry
38891	castelli 7 piece rattan sofa seating group with cushions	Outdoor Conversation Sets	Outdoor / Outdoor & Patio Furniture / Patio Furniture Sets / Patio Conversation Sets / 7-8 Person Patio Conversation Sets
24827	50 oz . large pasta bowl	Dining Bowls	Kitchen & Tabletop / Tableware & Drinkware / Dinnerware / Dining Bowls
5683	vong upholstered bench	Reception Benches|Benches	Furniture / Living Room Furniture / Chairs & Seating / Benches / Upholstered Benches
41251	catalina tufted right-arm chaise lounge	Indoor Chaise Lounges	Furniture / Living Room Furniture / Chairs & Seating / Chaise Lounge Chairs / Velvet Chaise Lounge Chairs
27417	desertderrin electric leather recliner		Furniture / Living Room Furniture / Chairs & Seating / Recliners / Gray Recliners
12682	ezcinema plus series maxwhite 74 '' diagonal portable projection screen	Projector Screens	Furniture / Living Room Furniture / TV Stands & Media Storage Furniture / Projection Screens / Floor Rising Projection Screens
32483	11 '' medium innerspring mattress	Innerspring Mattresses	Bed & Bath / Mattresses & Foundations / Innerspring Mattresses
37187	industrial strength sticky-back velcro® brand fastener strips , 4 x 2	Hooks	Hooks
19365	velvet task chair		Furniture / Office Furniture / Office Chairs / Task Office Chairs
39494	olive kids dinosaur land toddler sheet set	Toddler Bedding	Baby & Kids / Toddler & Kids Bedding & Bath / Toddler Bedding / All Toddler Bedding / Boy+ Toddler Bedding
39154	wayfair basics® 50 pair shoe rack	Shoe Storage	Storage & Organization / Shoe Storage / All Shoe Storage
33314	double sided box cushion loveseat slipcover	Slipcovers	Furniture / Living Room Furniture / Slipcovers / All Slipcovers / Loveseat Slipcovers
16937	tessa metal accent stool	Accent Stools	Furniture / Living Room Furniture / Chairs & Seating / Accent Stools
18871	sappington trundle unit	Bed Accessories	Bed Accessories
17212	1 1/4 '' center finger pull multipack	Cabinet and Drawer Pulls	Sale / Closeout / Cabinet & Drawer Pulls / Gold Cabinet & Drawer Pulls
7071	maximizer™ buffet bar base	Restaurant Table Bases	Foodservice / Foodservice Tables / Restaurant Table Bases
23524	torrick comfort kitchen mat	Kitchen Mats	Rugs / Kitchen Mats
17728	richard upholstered panel headboard	Headboards	Furniture / Bedroom Furniture / Beds & Headboards / Headboards
28745	palram 1500w portable greenhouse heating and insulation	Greenhouse Accessories	Outdoor / Garden / Greenhouse Supplies
24382	claremore 95 '' square arm sofa with reversible cushions	Sofas	Sale / Closeout / Living Room Furniture / Sofas
3250	gold wall decor	Wall Décor	Décor & Pillows / Wall Décor / Wall Accents / Gold Wall Accents
27750	lucia cotton lumbar pillow	Accent Pillows	Décor & Pillows / Decorative Pillows & Blankets / Throw Pillows / Gray & Silver Throw Pillows
14775	canadian balsam green fir artificial christmas tree with color changing lights	Christmas Trees	Holiday Décor / Christmas / Christmas Trees / All Christmas Trees / Regular (Full) Christmas Trees
9961	evolve hard floor straight standard lip chair mat	Chairmats	Furniture / Office Furniture / Chair Mats / Hard Floor Chair Mats
22785	indigo ikat throw pillow	Accent Pillows	Décor & Pillows / Decorative Pillows & Blankets / Throw Pillows / White Throw Pillows
4517	margam cake plate	Serving Dishes & Platters	Browse By Brand / Birch Lane™
6225	rodrigues melamine 5 drawer chest	Dressers & Chests	Furniture / Bedroom Furniture / Dressers & Chests / Beige Dressers & Chests
7731	orchid in pot	Faux Florals	Décor & Pillows / Flowers & Plants / Faux Flowers
10621	auto speedometer glows in the dark 1-gang toggle light switch wall plate	Wall Plates	Home Improvement / Hardware / Home Hardware / Switch Plates
39298	stained american flag canadian flag 10 piece cornhole set	Lawn Games	Outdoor / Outdoor Recreation / Outdoor Games / All Outdoor Games / Cornhole Outdoor Games
34251	janne waste basket	Trash Cans & Recycling	School Furniture and Supplies / Facilities & Maintenance / Trash & Recycling
19422	pool basketball hoop set	Basketball Games	Furniture / Game Tables & Game Room Furniture / Indoor Basketball Games
3020	ayesha curry 8-inch square stoneware baker	Baking Dishes	Kitchen & Tabletop / Cookware & Bakeware / Baking Sheets & Pans / Baking Dishes / Stoneware Baking Dishes
27563	square melamine salad plate	Plates & Saucers	Kitchen & Tabletop / Tableware & Drinkware / Dinnerware / Plates / Multi-Colored Plates
26425	triple handle deck mounted roman tub faucet with diverter and handshower	Tub Faucets	Home Improvement / Bathroom Remodel & Bathroom Fixtures / Showers & Bathtubs / Showers & Bathtubs Plumbing / Bathtub Faucets
24716	3 piece valez decadence wall décor set	Wall Décor	Décor & Pillows / Wall Décor / Wall Accents / Nickel Wall Accents
38886	seamus 12 '' w x 27.5 '' h x 12 '' d linen cabinet	Bathroom Storage	Storage & Organization / Bathroom Storage & Organization / Bathroom Cabinets & Shelving / Linen Tower Bathroom Cabinets & Shelving
16959	oversized vergara 32 '' wall clock	Wall Clocks	Décor & Pillows / Clocks / Wall Clocks
22733	outdoor protective cover for deck and patio	Pet Crate & Carrier Accessories	Pet / Dog / Dog Crates & Kennels / Dog Crate & Kennel Accessories / Green Dog Crate & Kennel Accessories
5874	meredith server	Sideboards & Buffets	Furniture / Kitchen & Dining Furniture / Sideboards & Buffets / Open Storage Equipped Sideboards & Buffets
28007	standing feathered flamingo decoration	Outdoor Decorations	Outdoor / Outdoor Décor / Outdoor Holiday Decorations
23153	courtyard 11.8 '' x 11.8 '' stone interlocking deck tiles in gray	Outdoor Deck Tiles	Home Improvement / Outdoor Remodel / Outdoor Flooring & Tile / Outdoor Deck Tiles & Planks / Stone Outdoor Deck Tiles & Planks
35669	jackie medium play top bird cage	Bird Cages	Pet / Bird / All Bird Cages / Cockatiel Bird Cages
41591	serta icomfort 15 '' firm hybrid mattress		Bed & Bath / Mattresses & Foundations / Hybrid Mattresses
7266	60 '' arnos 5 - blade standard ceiling fan	Ceiling Fans	Lighting / Ceiling Fans / All Ceiling Fans / White & Cream Blades Ceiling Fans
17294	totem metal mid-century modern decorative bowl	Decorative Plates & Bowls	Décor & Pillows / Home Accessories / Decorative Plates & Bowls / Metal Decorative Plates & Bowls
34307	flamingos cardboard standup	Life Size Cutouts	Furniture / Game Tables & Game Room Furniture / Sports Team Fan Shop & Memorabillia / Life Size Cutouts / Animal Life Size Cutouts
34590	ponca room darkening outdoor horizontal/venetian blind	Blinds and Shades	Décor & Pillows / Window Treatments / Blinds & Shades / Horizontal & Venetian Blinds & Shades
17385	mcphearson 7 drawer standard dresser	Dressers & Chests	Furniture / Bedroom Furniture / Dressers & Chests / Beige Dressers & Chests
34464	100 % cotton hippie bohemian tapestry	Tapestries and Wall Hangings	Décor & Pillows / Wall Décor / Tapestries
22094	kenmore 3-burner propane gas grill with side shelves	Gas Grills	Outdoor / Outdoor Cooking & Tableware / Grills & Outdoor Cooking / Gas Grills
27205	deluxe bucket , ladle , thermometer set	Sauna Accessories	Outdoor / Hot Tubs & Saunas / Sauna Accessories
15631	odacia 2 - drawer end table	End Tables	Furniture / Living Room Furniture / Coffee Tables & End Tables / End & Side Tables
36596	art nouveau twin peacock box	Decorative Boxes	Décor & Pillows / Home Accessories / Decorative Boxes
31145	platinum shield outdoor rectangle water resistant patio table cover	Furniture Covers	Storage & Organization / Garage & Outdoor Storage & Organization / Outdoor Covers / Patio Furniture Covers / Table Patio Furniture Covers
9720	christy sunflower fields 40 -oz . teapot	Teapots & Teapot Sets	Kitchen & Tabletop / Tableware & Drinkware / Serveware / Beverage Servers & Pitchers / Teapots
26008	maksymilian 7 drawer dresser	Kids Dressers & Chests	Baby & Kids / Toddler & Kids Bedroom Furniture / Baby & Kids Dressers
26376	caius floor shelf coffee table with storage	Coffee & Cocktail Tables	Sale / Closeout / Coffee Tables / Rectangle Coffee Tables
12468	vesica shower curtain hooks	Shower Curtain Hooks and Accessories	Sale / Closeout / Shower Curtains & Accessories / Shower Curtain Hooks
31859	folding drying rack	Drying Racks	Storage & Organization / Cleaning & Laundry Organization / Clothes Drying Racks
40230	orson 4-light vanity light	Vanity Lighting	Lighting / Wall Lights / Bathroom Vanity Lighting / Cottage & Country Bathroom Vanity Lighting
38603	exclamation 28 '' iron wall sconce with candle included	Candle Holders	Décor & Pillows / Candles & Holders / Candle Holders / Sconce Candle Holders
36463	expandable surface kitchen cart with solid wood top	Kitchen Islands	Furniture / Kitchen & Dining Furniture / Kitchen Islands & Carts / Kitchen Carts Kitchen Islands & Carts
20306	callan saxon single dummy door knob	Door Knobs	Home Improvement / Doors & Door Hardware / Door Hardware & Accessories / Door Knobs / Round Door Knobs
29737	owl fabric storage cube	Boxes, Bins, Baskets, & Buckets	Storage & Organization / Storage Containers & Drawers / All Storage Containers / Boxes & Bins Storage Containers
27517	purity hypoallergenic mattress cover	Mattress Covers and Protectors	Bed & Bath / Bedding Essentials / Mattress Covers & Protectors / Twin Mattress Covers & Protectors
20466	quick-fill deluxe external electric air pump	Air Mattresses	Bed & Bath / Mattresses & Foundations / Air Mattresses
42149	emper leather arm chair	Dining Chairs	Furniture / Kitchen & Dining Furniture / Dining Tables & Seating / Kitchen & Dining Chairs / Armed Kitchen & Dining Chairs
24996	grey owl painting print on wrapped canvas	Wall Art	Décor & Pillows / Art / All Wall Art / Yellow Wall Art
17064	loft 1 - drawer solid wood nightstand	Nightstands	Furniture / Bedroom Furniture / Nightstands / White Nightstands
10765	merrimack 60 '' double bathroom vanity set	Vanities	Home Improvement / Bathroom Remodel & Bathroom Fixtures / Bathroom Vanities / All Bathroom Vanities / Traditional Bathroom Vanities
40299	rizer mirror 1 door armoire	Armoires & Wardrobes	Furniture / Bedroom Furniture / Armoires & Wardrobes / Brown Armoires & Wardrobes
3283	montana baby cache hutch	Kids Dressers & Chests	Baby & Kids / Toddler & Kids Bedroom Furniture / Baby & Kids Dressers / Brown Baby & Kids Dressers
18487	7 '' w x 2.5 '' h x 12 d solid wood free-standing over-the-toilet storage	Bathroom Storage	Storage & Organization / Bathroom Storage & Organization / Bathroom Cabinets & Shelving / Over The Toilet Bathroom Cabinets & Shelving
23514	indira swivel end table	End Tables	Sale / Closeout / Coffee Tables & End Tables / End & Side Tables
32522	g1 gangable rack	Rackmounts & Rackmount Accessories	School Furniture and Supplies / School Boards & Technology / AV, Mounts & Tech Accessories / Electronic Mounts & Stands / Rackmounts & Rackmount Accessories / Open Rack Rackmounts & Rackmount Accessories
31103	5 '' h glass bell lamp shade ( screw on ) in gray	Lighting Shades	Lighting / Light Bulbs & Hardware / Lighting Shades
12730	sink pull down single handle kitchen faucet	Kitchen Faucets	Home Improvement / Kitchen Remodel & Kitchen Fixtures / Kitchen Sinks & Faucet Components / Kitchen Faucets / Brushed Nickel Kitchen Faucets
37792	artificial sunflower stem	Faux Florals	Décor & Pillows / Flowers & Plants / Faux Flowers / Sunflower Faux Flowers
9371	rolling 48 '' w butcher block top workbench	Workbenches	Storage & Organization / Garage & Outdoor Storage & Organization / Workbenches / Wood Workbenches
14011	old fashioned transportation fairy garden	Garden Accents	Outdoor / Garden / Garden Décor / Lawn & Garden Accents
18653	bellard 28.5 '' table lamp	Table Lamps	Lighting / Table & Floor Lamps / Table Lamps / Glass & Clear Table Lamps
21726	analiese bookcase	Teen Bookcases	Baby & Kids / Teen Bedroom Furniture / Teen Bookcases
3446	500 series 36 '' gas cooktop with 5 burners	Cooktops	Appliances / Kitchen Appliances / Cooktops / All Cooktops / Gas Cooktops
41096	7 ft. w x 3 ft. d metal horizontal tool shed		Storage & Organization / Garage & Outdoor Storage & Organization / Sheds
33030	6 '' x 6 '' cement whole fish fossil impression decorative accent tile in buff	Accent Tiles	Home Improvement / Flooring, Walls & Ceiling / Walls & Ceilings / Accent Tiles / Natural Stone Accent Tiles
32039	monticello mojave 8.1 ft. w x 20.4 ft. d greenhouse	Greenhouses	Outdoor / Garden / Greenhouses
4482	hamilton 42 '' single bathroom vanity base only	Vanity Bases	"Home Improvement / Bathroom Remodel & Bathroom Fixtures / Bathroom Vanities / Vanity Bases / 41"" - 45"" Vanity Bases"
1889	nashville 3 - light shaded traditional chandelier	Chandeliers	Lighting / Ceiling Lights / Chandeliers
12846	blanque 7.9 '' x 1.3 '' glossy ceramic mudcap tile trim in brillo zen white	Tile Trims	Home Improvement / Flooring, Walls & Ceiling / Flooring Installation & Accessories / Tile Trim
30941	ashton table runner	Dining Linens	Kitchen & Tabletop / Tableware & Drinkware / Table & Kitchen Linens / All Table Linens / Table Runner Table Linens
41622	passage lever	Door Hardware Accessories	Home Improvement / Doors & Door Hardware / Door Hardware & Accessories / Door Hardware
23120	kingston double handle floor mounted clawfoot tub faucet	Tub Faucets	Home Improvement / Bathroom Remodel & Bathroom Fixtures / Showers & Bathtubs / Showers & Bathtubs Plumbing / Bathtub Faucets / Clawfoot Bathtub Faucets
3432	modern 4 piece floating shelf set	Wall Mounted Shelves	Storage & Organization / Wall Shelving & Organization / Wall & Display Shelves / Floating Wall & Display Shelves
23548	siegrist microbead body pillow cover	Bedding Accessories	Browse By Brand / Latitude Run
41608	broadway lever with upland trim keyed entry lock	Door Levers	Home Improvement / Doors & Door Hardware / Door Hardware & Accessories / Door Levers
427	alpine girl jumping over boy outdoor statue	Garden Statues	Outdoor / Outdoor Décor / Statues & Sculptures
30349	amarillo 5.5 '' saucer	Plates & Saucers	Kitchen & Tabletop / Tableware & Drinkware / Dinnerware / Plates / Brown Plates
41910	ceiling mount 80 cfm energy star bathroom fan with light	Bath Exhaust Fans	Home Improvement / Bathroom Remodel & Bathroom Fixtures / Bathroom Hardware / Bathroom Fans / Lighted Bathroom Fans
13575	flamingos graphic art		Décor & Pillows / Art / All Wall Art
24729	caitlyn 1-light bath sconce	Vanity Lighting	Lighting / Wall Lights / Bathroom Vanity Lighting
41551	serta perfect sleeper 11 '' elkins ii euro top plush innerspring mattress and box spring set	Innerspring Mattresses	Bed & Bath / Mattresses & Foundations / Innerspring Mattresses / Twin Innerspring Mattresses
3037	ayesha home collection porcelain enamel nonstick cookware set , 12-piece	Cookware Sets	Kitchen & Tabletop / Cookware & Bakeware / Cookware Sets / 11 - 13 Piece Cookware Sets
14580	4 piece climber set	Climbing Toys & Slides|Soft Play	Early Education / Early Education Play Area / Active Play Equipment / Soft Play
34390	diorio 39 '' wide manual glider standard recliner	Recliners	Furniture / Living Room Furniture / Chairs & Seating / Recliners / Brown Recliners
38399	vietri loaf pan	Bread & Loaf Pans	Kitchen & Tabletop / Cookware & Bakeware / Baking Sheets & Pans / Bread & Loaf Pans / Stoneware Bread & Loaf Pans
23082	ruckus classroom chair	Classroom Chairs	School Furniture and Supplies / School Furniture / School Chairs & Seating / Classroom Chairs / 4th - 5th Grade Classroom Chairs
1633	bead board 1.6 ft. x 1.6 ft. glue-up styrofoam ceiling tile in white	Ceiling Tiles	Home Improvement / Flooring, Walls & Ceiling / Walls & Ceilings / Ceiling Tiles / Direct Mount Ceiling Tiles
18181	hamilton beach slow cooker carry bag	Slow Cookers	Kitchen & Tabletop / Small Kitchen Appliances / Pressure & Slow Cookers / Pressure Cookers
29087	avant side chair	Dining Chairs	Furniture / Kitchen & Dining Furniture / Dining Tables & Seating / Kitchen & Dining Chairs / Side Kitchen & Dining Chairs
33959	0.75 '' wood bunkie board	Mattress Foundations	Bed & Bath / Mattresses & Foundations / Box Springs & Foundations / Twin Box Springs & Foundations
2477	bolindale 20 piece 18/10 stainless steel flatware set , service for 4	Flatware & Silverware Sets	Kitchen & Tabletop / Tableware & Drinkware / Flatware & Cutlery / Flatware Sets / Stainless Steel Flatware Sets
21757	garth console table	Sofa & Console Tables	Sale / Closeout / Console Tables / Brown Console Tables
27272	pearl 1 '' x 1 '' seashell grid mosaic tile	Floor & Wall Tile	Home Improvement / Flooring, Walls & Ceiling / Floor Tiles & Wall Tiles / Shell Floor Tiles & Wall Tiles
42120	manchester 1 1/4 '' diameter mushroom knob	Cabinet and Drawer Knobs	Home Improvement / Hardware / Cabinet Hardware / Cabinet & Drawer Knobs / Iron Cabinet & Drawer Knobs
35210	savannah 3 drawer combo dresser	Kids Dressers & Chests	Baby & Kids / Toddler & Kids Bedroom Furniture / Baby & Kids Dressers / White Baby & Kids Dressers
9882	alcinia extendable dining table	Dining Tables	Furniture / Kitchen & Dining Furniture / Dining Tables & Seating / Kitchen & Dining Tables
14222	cleary cards table	Poker & Casino Tables	Furniture / Game Tables & Game Room Furniture / Poker & Card Tables
20061	hewish kitchen island set	Kitchen Islands	Furniture / Kitchen & Dining Furniture / Kitchen Islands & Carts / Seating Kitchen Islands & Carts
37038	luxurious toilet waste basket	Bath Accessories	Bed & Bath / Bathroom Accessories & Organization / Countertop Bath Accessories / Storage Jar & Container Countertop Bath Accessories
19124	taaub wall storage organizer with baskets	Wall Organizers, Wall Baskets, and Key Organizers	Storage & Organization / Wall Shelving & Organization / Mail & Key Wall Organizers
34878	whalen 3 piece bathroom accessory set	Bath Accessories	Bed & Bath / Bathroom Accessories & Organization / Countertop Bath Accessories
7915	westerleigh 4 drawer chest	Dressers & Chests	Furniture / Bedroom Furniture / Dressers & Chests / Black Dressers & Chests
39995	pull down single handle kitchen faucet	Kitchen Faucets	Home Improvement / Kitchen Remodel & Kitchen Fixtures / Kitchen Sinks & Faucet Components / Kitchen Faucets / Gold Kitchen Faucets
33647	joanna 3 piece configurable l-shape writing desk with hutch		Furniture / Office Furniture / Office Furniture Sets
42119	manchester 1 3/8 '' diameter mushroom knob	Cabinet and Drawer Knobs	Home Improvement / Hardware / Cabinet Hardware / Cabinet & Drawer Knobs / Iron Cabinet & Drawer Knobs
26594	wynford double handle bidet faucet	Bidet Faucets	Home Improvement / Bathroom Remodel & Bathroom Fixtures / Toilets & Bidets / Bidet Faucets / Chrome Bidet Faucets
21208	origo 16 oz . cereal bowl	Dining Bowls	Kitchen & Tabletop / Tableware & Drinkware / Dinnerware / Dining Bowls
31528	lovejoy comforter set	Bedding Sets	Bed & Bath / Bedding / All Bedding / Queen Bedding
33971	indented glass round knob	Cabinet and Drawer Knobs	Home Improvement / Hardware / Cabinet Hardware / Cabinet & Drawer Knobs / Blue Cabinet & Drawer Knobs
32492	stowe 5 bottle solid wood wall mounted wine & glass rack	Wine Racks	Kitchen & Tabletop / Tableware & Drinkware / Barware / Wine Racks
39689	gowdy height adjustable standing desk	Desks	Furniture / Office Furniture / Desks / Standing Desks
13201	replacement seat cushion	Chair Accessories	Furniture / Office Furniture / Office Chair Accessories / Seat Cushion Office Chair Accessories
38834	churchill 3-light vanity light	Vanity Lighting	Lighting / Wall Lights / Bathroom Vanity Lighting / Modern & Contemporary Bathroom Vanity Lighting
2212	rooster farmhouse rustic single letter wooden shape wall décor	Wall Décor	Décor & Pillows / Wall Décor / Wall Accents / Yellow Wall Accents
25288	real touch rose floral arrangement in glass vase	Faux Florals	Décor & Pillows / Flowers & Plants / Faux Flowers / Rose Faux Flowers
25654	alcock desk	Desks	Sale / Closeout / Desks / Writing Desks
29036	ayesha curry 8-cup glass french press coffee maker	Coffee Makers	Kitchen & Tabletop / Small Kitchen Appliances / Coffee, Espresso, & Tea / Coffee Makers / NA Coffee Makers
10812	bleeker 30 '' single bathroom vanity set	Vanities	Home Improvement / Bathroom Remodel & Bathroom Fixtures / Bathroom Vanities / All Bathroom Vanities / Modern & Contemporary Bathroom Vanities
36609	art deco peacock sculptural 29 '' torchiere lamp set	Table Lamps	Lighting / Table & Floor Lamps / Table Lamps / Brown Table Lamps
42621	tiara bucket 2 piece nesting plant stand set	Plant & Telephone Tables	Furniture / Living Room Furniture / Coffee Tables & End Tables / Plant Stands & Tables / Round Plant Stands & Tables
34049	40 watt g9 halogen , dimmable light bulb , warm white ( 2700k ) g9/bi-pin base	Light Bulbs	Lighting / Light Bulbs & Hardware / Light Bulbs / All Light Bulbs / Halogen Light Bulbs
21849	hollywood woodsman with owl nutcracker	Holiday Accents & Decor	Holiday Décor / Christmas / Christmas Decorations / Christmas Figurines & Nutcrackers / Christmas Nutcrackers
9922	aluminum patio chair	Patio Lounge Chairs	Outdoor / Outdoor & Patio Furniture / Outdoor Seating & Patio Chairs / Patio Seating / Outdoor Club Chairs / Wicker & Rattan Outdoor Club Chairs
4371	northumberland 28.5 '' table lamp	Table Lamps	Lighting / Table & Floor Lamps / Table Lamps / Green Table Lamps
33297	diamond queen 12 '' medium innerspring mattress	Innerspring Mattresses	Bed & Bath / Mattresses & Foundations / Innerspring Mattresses / Queen Innerspring Mattresses
10072	quatra lux 46.38 '' x 72 '' hinged frameless shower door with clear max technology	Shower and Bathtub Enclosures	Home Improvement / Bathroom Remodel & Bathroom Fixtures / Showers & Bathtubs / Shower Stalls & Enclosures / Hinged Shower Stalls & Enclosures
26072	linda extendable dining table	Dining Tables	Furniture / Kitchen & Dining Furniture / Dining Tables & Seating / Kitchen & Dining Tables / 8 + Seat Kitchen & Dining Tables
25502	athena free form multi-tiered plant stand	Plant & Telephone Tables	Furniture / Living Room Furniture / Coffee Tables & End Tables / Plant Stands & Tables / Triangular Plant Stands & Tables
3925	ayesha nonstick baking sheet	Baking Sheets	Kitchen & Tabletop / Cookware & Bakeware / Baking Sheets & Pans / Baking Sheets
42492	colorful series 36 '' 4.6 cu ft. freestanding gas range	Ranges	Appliances / Kitchen Appliances / Ranges / All Ranges
17830	louvered pvc/vinyl bi-fold door	Interior Doors	Home Improvement / Doors & Door Hardware / Interior Doors / Bi-Fold Interior Doors
27888	fitting clips	Closet Organizer Accessories	Storage & Organization / Closet Storage & Organization / Closet Accessories
10711	isidore wooden dining table	Patio Tables	Outdoor / Outdoor & Patio Furniture / Outdoor Tables / All Patio Tables / Six Person Patio Tables
40444	valencia 9 drawer dresser	Dressers & Chests	Furniture / Bedroom Furniture / Dressers & Chests / Silver Dressers & Chests
11884	ships wheel shower curtain set + hooks	Shower Curtains	Bed & Bath / Shower Curtains & Accessories / Shower Curtains & Shower Liners / Blue Shower Curtains & Shower Liners
15113	pvc 2 7/8 '' h x 96 '' w x 1/2 '' d moulding	Molding & Millwork	Home Improvement / Flooring, Walls & Ceiling / Flooring Installation & Accessories / Molding & Millwork
9505	centerpiece in vase	Faux Florals	Décor & Pillows / Flowers & Plants / Faux Flowers / Tulip Faux Flowers
26921	hillsby paisley dark blue/teal area rug	Area Rugs	Rugs / Area Rugs / 2' x 3' Area Rugs
15039	miguel round patio table cover	Furniture Covers	Storage & Organization / Garage & Outdoor Storage & Organization / Outdoor Covers / Patio Furniture Covers / Table Patio Furniture Covers
16155	4.8 cu . ft. energy star high efficiency top load washer with tide pods dispenser	Washing Machines	Appliances / Washers & Dryers / Washing Machines / All Washing Machines / Top Load Washing Machines
14740	wood 3 piece coffee table set	Living Room Table Sets	Furniture / Living Room Furniture / Coffee Tables & End Tables / Coffee Table Sets
6615	nolan end table	End Tables	Sale / Closeout / Coffee Tables & End Tables / End & Side Tables
33984	wood print interlocking foam playmat	Nap Mats & Baby Playmats	Baby & Kids / Toddler & Kids Playroom / Playroom Furniture / Baby Gyms & Playmats / Folding Baby Gyms & Playmats
18621	montana glass storage jar	Canisters & Jars	Kitchen & Tabletop / Kitchen Organization / Food Storage & Canisters / Kitchen Canisters & Jars / Glass Kitchen Canisters & Jars
23106	star is born 5 piece condiment server set	Serving Dishes & Platters	Kitchen & Tabletop / Tableware & Drinkware / Serveware / Condiment & Snack Serveware / Serving Dishes / Condiment Servers Serving Dishes
42815	ultra large luxury free standing electric towel warmer	Towel Warmers	Home Improvement / Bathroom Remodel & Bathroom Fixtures / Towel Storage / Towel Warmers / Free Standing Towel Warmers
22088	universal elastic dining chair covers 3d bubble lattice slipcover with skirt -dining chair	Slipcovers	Furniture / Living Room Furniture / Slipcovers / All Slipcovers
41702	overstreet 1 drawer nightstand	Teen Nightstands|End Tables|Nightstands	Baby & Kids / Teen Bedroom Furniture / Teen Nightstands
23592	mack 1 - light simple circle led flush mount	Flush Mount Lighting	Lighting / Ceiling Lights / Flush Mount Lighting
35592	merlyn outdoor ottoman with cushion	Patio Ottomans	Outdoor / Outdoor & Patio Furniture / Outdoor Seating & Patio Chairs / Patio Seating / Patio Ottomans
14770	large real touch floral arrangement in glass vase	Faux Florals	Décor & Pillows / Flowers & Plants / Faux Flowers / Rose Faux Flowers
27210	worthington nordic spruce 4 person traditional steam sauna	Saunas	Outdoor / Hot Tubs & Saunas / Saunas
25676	adelita float caddy table dolly	Dollies	Home Improvement / Building Equipment / Dollies / Table Dollies
33540	30 '' french door 21.8 cu . ft. refrigerator	Refrigerators	Appliances / Kitchen Appliances / Refrigerators & Freezers / All Refrigerators
42369	irene solid semi-sheer thermal grommet single curtain panel	Curtains & Drapes	Décor & Pillows / Window Treatments / Curtains & Drapes / 84 Inch Curtains & Drapes
25894	bread & loaf pans 5.9 '' w x 9.8 '' l non-stick rattan baneton	Bread & Loaf Pans	Kitchen & Tabletop / Cookware & Bakeware / Baking Sheets & Pans / Bread & Loaf Pans
41040	60 watt equivalent , a19 led , non-dimmable light bulb , warm white ( 2700k ) e26/medium ( standard ) base	Light Bulbs	Lighting / Light Bulbs & Hardware / Light Bulbs / All Light Bulbs
28968	hailsham wooden coffee table	Patio Tables	Outdoor / Outdoor & Patio Furniture / Outdoor Tables / All Patio Tables
21464	kitchenaid® professional 600™ series 6 quart bowl-lift stand mixer	Mixers & Mixer Accessories	Kitchen & Tabletop / Small Kitchen Appliances / Mixers & Attachments / Stand Mixers & Attachments
22612	finish sign	Commercial Playground Equipment	School Furniture and Supplies / School Spaces / Outdoor Playground & Recreation / Commercial Playground Equipment / Fitness Commercial Playground Equipment
32054	vintage bee wall clock	Wall Clocks	Décor & Pillows / Clocks / Wall Clocks / Analog Wall Clocks
27150	6 '' x 18 '' natural stone corner piece tile trim in white/gray	Tile Trims	Home Improvement / Flooring, Walls & Ceiling / Flooring Installation & Accessories / Tile Trim / Corner Piece Tile Trim
15341	grill cover , gas grill cover for 3-5 burner , 420d waterproof flat top bbq gas grill cover , 36 inch gas grill griddle cover black	Covers & Carry Bags	Storage & Organization / Garage & Outdoor Storage & Organization / Outdoor Covers / Grill Covers / Charcoal Grill Grill Covers
8064	creative home white marble mortar and pestle	Kitchen Gadgets	Kitchen & Tabletop / Kitchen Utensils & Tools / Mortar & Pestle Sets
31172	old country roses tea set	Mugs & Teacups	Kitchen & Tabletop / Tableware & Drinkware / Drinkware / Mugs & Teacups / Teacups Mugs & Teacups
22242	jacquard™ 30 '' vanity base only with furniture legs , 2 doors and 1 drawer	Vanity Bases	"Home Improvement / Bathroom Remodel & Bathroom Fixtures / Bathroom Vanities / Vanity Bases / 26""-30"" Vanity Bases"
34886	classic anystream 2.5 gpm multi-function adjustable shower head	Shower Heads	Home Improvement / Bathroom Remodel & Bathroom Fixtures / Showers & Bathtubs / Showers & Bathtubs Plumbing / Shower Heads
18102	brian geometric tufted wool green/beige area rug	Area Rugs	Rugs / Area Rugs / 5' x 8' Area Rugs
17908	4-in-1 child climbing and rocking hors	Climbing Toys & Slides	Outdoor / Outdoor Recreation / Backyard Play / Climbing Toys & Slides
34751	batik pineapple 100 % cotton fingertip towel	Bath Towels	Bed & Bath / Bath Rugs & Towels / Bath Towels / Ivory & Cream Bath Towels
42832	blackrock ring pull	Cabinet and Drawer Pulls	Home Improvement / Hardware / Cabinet Hardware / Cabinet & Drawer Pulls / Black Cabinet & Drawer Pulls
13789	kearny 30 '' wide manual wing chair recliner	Recliners	Furniture / Living Room Furniture / Chairs & Seating / Recliners / Blue Recliners
21009	sunflower toy box	Toy Boxes and Organizers	Baby & Kids / Baby & Kids Storage / Toy Boxes & Benches / Cloth Toy Boxes & Benches
31780	cassella 23.6 '' w x 11.75 '' d bathroom cabinet	Bathroom Storage	Storage & Organization / Bathroom Storage & Organization / Bathroom Cabinets & Shelving / Cabinet Bathroom Cabinets & Shelving
10886	bohemian non-slip multicolor stair tread	Stair Treads	Rugs / Stair Tread Rugs
28589	liquid propane 48 '' 7.2 cu . ft. freestanding gas with griddle	Ranges	Appliances / Kitchen Appliances / Ranges / All Ranges / Gas Ranges
9977	aerial breakfast bed bamboo nesting 3 piece coffee table tray set		Décor & Pillows / Home Accessories / Decorative Trays
38629	dowty 36 '' wide tufted linen wingback chair	Accent Chairs	Furniture / Living Room Furniture / Chairs & Seating / Accent Chairs / Wingback Accent Chairs
36647	industrial steampunk dual gear pen holder	Desktop Organizers & Desk Pads	Storage & Organization / Office Organization / Desktop Organization / Pen Holder Desktop Organization
7569	58.27 '' h x 30 '' w standard bookcase	Bookcases	Furniture / Living Room Furniture / Bookcases / 4 Shelf Bookcases
18382	fabrizio traditional vanity set	Makeup Vanities	Furniture / Bedroom Furniture / Makeup Vanities / White Makeup Vanities
32625	shanggu non slip area rug pad safe for wood floor and vinyl floor , anchor grip carpet pad grippers for area rugs and hardwood floor , carpet to carpet rug pad provides protection and cushioning for hardwood or tile floors , bathroom , kitchen pet proof sup	Rug Pads	Rugs / Rug Pads
35964	smart led 196 '' under cabinet tape light	Under Cabinet Lighting	Lighting / Wall Lights / Under Cabinet Lighting / Tape Under Cabinet Lighting
7105	leatherette picture frame	Picture Frames	Décor & Pillows / Picture Frames & Albums / All Picture Frames
18663	elledge peacock sidelight window decals	Wall Stickers	Décor & Pillows / Wall Décor / Wall Decals / Window Wall Decals
17026	mihika 76 '' kitchen pantry	Pantry Cabinets	Kitchen & Tabletop / Kitchen Organization / Food Pantries / Black Food Pantries
26776	eberly outdoor traditional rocking chair	Rocking Chairs	Furniture / Living Room Furniture / Chairs & Seating / Rocking Chairs
33451	cosmos gifts owl 4-pieces measuring cup set	Measuring Cups, Spoons, Scoops & Funnels	Kitchen & Tabletop / Kitchen Utensils & Tools / Baking & Mixing Tools / Measuring Cups & Spoons
42038	baby bedside sleeper bassinet	Bassinets & Cradles	Baby & Kids / Nursery Furniture / Cradles & Bassinets / Co-Sleeper Cradles & Bassinets
10690	miroclear	Screen Accessories	School Furniture and Supplies / School Boards & Technology / Projection & Screens / Projector Screen Accessories
39451	johnathon 59 '' h x 21 '' w x 11 '' d heavy duty multi-layer changeable wire shelf storage	Shelving & Racks	Storage & Organization / Garage & Outdoor Storage & Organization / Storage Racks & Shelving Units
39041	acclaim 35 '' single bathroom vanity base only	Vanity Bases	"Home Improvement / Bathroom Remodel & Bathroom Fixtures / Bathroom Vanities / Vanity Bases / 31""- 35"" Vanity Bases"
34780	bali hai 9 '' h x 53.25 '' w desk hutch	Desk Parts	Browse By Brand / Tommy Bahama Home
29798	layoune 1 - bulb outdoor bulkhead light	Outdoor Wall Lights	Lighting / Outdoor Lighting / Outdoor Wall Lighting
1645	lilly 3 piece cake stand set	Specialty Serving	Kitchen & Tabletop / Tableware & Drinkware / Serveware / Cake & Tiered Stands
40625	lalma california king bed	Beds	Furniture / Bedroom Furniture / Beds & Headboards / Beds / California King Beds
20694	big & tall reclining gaming chair	Game Chairs|Office Chairs	Furniture / Office Furniture / Office Chairs / Gaming Office Chairs
41567	perfect sleeper inflatable toddler bed rail	Crib Conversion Rails	Baby & Kids / Nursery Furniture / Conversion Rails
41456	taplin 2 piece living room set	Living Room Sets	Furniture / Living Room Furniture / Living Room Sets
23105	navigator turtle 5 piece condiment server set	Serving Dishes & Platters	Kitchen & Tabletop / Tableware & Drinkware / Serveware / Condiment & Snack Serveware / Serving Dishes / Condiment Servers Serving Dishes
37992	breville nespresso vertuoplus deluxe coffee & espresso single-serve machine and aeroccino milk frother	Coffee Makers|Espresso Machines	Kitchen & Tabletop / Small Kitchen Appliances / Coffee, Espresso, & Tea / Coffee Makers / Espresso & Coffee Makers
18742	plush connie cow rocker	Rocking Horses	Baby & Kids / Toddler & Kids Playroom / Indoor Play / Rocking Horses
17878	8 ft. d aluminum pergola	Pergolas	Outdoor / Outdoor Shades / Pergolas / Metal Pergolas
42593	rosewood wood arbor	Arbors	Outdoor / Garden / Arbors
13636	mishti dinosaurs 4 piece toddler bedding set	Toddler Bedding	Baby & Kids / Toddler & Kids Bedding & Bath / Toddler Bedding / All Toddler Bedding
17175	arapahoe 24 '' w x 62 '' h x 16 '' d free-standing linen cabinet	Bathroom Storage	Storage & Organization / Bathroom Storage & Organization / Bathroom Cabinets & Shelving / Linen Tower Bathroom Cabinets & Shelving
41646	custom broadway hall-closet and bed-bath lever with kinsler trim	Door Levers	Home Improvement / Doors & Door Hardware / Door Hardware & Accessories / Door Levers / Round Door Levers
26100	kaylie solid wood dining table	Patio Tables	Outdoor / Outdoor & Patio Furniture / Outdoor Tables / All Patio Tables / Four Person Patio Tables
20745	raunds 6 piece garage storage and organization kit	Tool Holders	Storage & Organization / Garage & Outdoor Storage & Organization / Tool Storage / Tool Holders
11557	3 3/4 '' center to center bar pull	Cabinet and Drawer Pulls	Home Improvement / Hardware / Cabinet Hardware / Cabinet & Drawer Pulls / Stainless Steel Cabinet & Drawer Pulls
28009	spring floral standing sunflower figure	Holiday Accents & Decor	Holiday Décor / Easter / Easter Decorations / Easter Figurines
28922	chiavari chair	Stackable Chairs	School Furniture and Supplies / School Furniture / School Chairs & Seating / Stackable Chairs
24231	cabinet 3 15/16 '' center to center finger pull	Cabinet and Drawer Pulls	Home Improvement / Hardware / Cabinet Hardware / Cabinet & Drawer Pulls / Gold Cabinet & Drawer Pulls
39176	wayfair basics® rectangular pillow insert	Accent Pillows	Décor & Pillows / Decorative Pillows & Blankets / Throw Pillows / White Throw Pillows
23390	artesia bar knob	Cabinet and Drawer Knobs	Home Improvement / Hardware / Cabinet Hardware / Cabinet & Drawer Knobs / Bronze Cabinet & Drawer Knobs
25925	5.75 '' h glass bell lamp shade ( screw on )	Lighting Shades	Lighting / Light Bulbs & Hardware / Light Shades / Brown Light Shades
21213	kuru ceramic decorative bowl in light gray	Decorative Plates & Bowls	Décor & Pillows / Home Accessories / Decorative Plates & Bowls / Ceramic Decorative Plates & Bowls
30650	preston 39 '' wide power standard recliner	Recliners	Furniture / Living Room Furniture / Chairs & Seating / Recliners / Red Recliners
2466	alim wine bar cart	Bar Carts	Furniture / Kitchen & Dining Furniture / Bar Furniture / Bar Carts / Wood Bar Carts
42169	personal hygiene hand held bidet	Bidets	Home Improvement / Bathroom Remodel & Bathroom Fixtures / Toilets & Bidets / Bidets / Hand Held Bidets
13089	elite global solutions tuscany 0.06 qt . melamine round ramekin	Baking Dishes	Kitchen & Tabletop / Cookware & Bakeware / Baking Sheets & Pans / Baking Dishes
30693	round roof bird starter kit	Bird Cages	Pet / Bird / All Bird Cages / Canary Bird Cages
37238	trigg wall décor	Wall Décor	Décor & Pillows / Wall Décor / Wall Accents / Brass Wall Accents
14945	big joe nestle large bean bag lounger	Bean Bags	Furniture / Game Tables & Game Room Furniture / Bean Bag Chairs / Brown Bean Bag Chairs
10336	single handle 0.75 '' thermostatic shower valve	Valves	Home Improvement / Bathroom Remodel & Bathroom Fixtures / Showers & Bathtubs / Showers & Bathtubs Plumbing / Valves / Shower Valves
12403	rooster wall décor	Wall Décor	Décor & Pillows / Wall Décor / Wall Accents / Orange Wall Accents
38569	cassia certified essential oil	Scents & Diffusers	Décor & Pillows / Candles & Holders / Scented Oils & Diffusers
23292	whitehaven single-bowl farmhouse kitchen sink with tall apron	Kitchen Sinks	Home Improvement / Kitchen Remodel & Kitchen Fixtures / Kitchen Sinks & Faucet Components / Kitchen Sinks / Farmhouse & Apron Kitchen Sinks
28470	star wars dark side storage accent trunk	Licensed Products|Toy Boxes and Organizers	Shop Product Type / Shop All Characters / Television Shop All Characters
38534	toys small	Holiday Accents & Decor	Holiday Décor / Christmas / Christmas Decorations / Christmas Snow Globes / Snow Globes Christmas Snow Globes
39482	8 '' tufted standard ottoman	Ottomans	Furniture / Living Room Furniture / Ottomans & Poufs / Novelty Ottomans & Poufs
16938	44 '' mercado 10 - blade windmill ceiling fan	Ceiling Fans	Lighting / Ceiling Fans / All Ceiling Fans / Bronze Blades Ceiling Fans
7653	coastal decorative wall decor	Wall Décor	Décor & Pillows / Wall Décor / Wall Accents / White Wall Accents
27288	marshaw wardrobe	Armoires & Wardrobes	Furniture / Bedroom Furniture / Armoires & Wardrobes
19612	21 '' bathroom vanity base only	Vanity Bases	"Home Improvement / Bathroom Remodel & Bathroom Fixtures / Bathroom Vanities / Vanity Bases / 20"" - 25"" Vanity Bases"
9455	harland patio bar stool	Patio Bar Stools|Bar Stools	Outdoor / Outdoor & Patio Furniture / Patio Bar Furniture / Patio Bar Stools / Bar Height Patio Bar Stools
31152	terry cloth fingertip towel	Bath Towels	Bed & Bath / Bath Rugs & Towels / Bath Towels / Blue Bath Towels
34978	classrooom chair	Classroom Chairs	School Furniture and Supplies / School Furniture / School Chairs & Seating / Classroom Chairs
30823	friends 11 '' classroom chair	Classroom Chairs	School Furniture and Supplies / School Furniture / School Chairs & Seating / Classroom Chairs
37179	36 piece classic busy bees accent set	Classroom Decorations	School Furniture and Supplies / Classroom Décor / Classroom Decorations
34518	storage steel security cabinet safe with biometric lock	Safes	Storage & Organization / Storage Furniture / Safes
30542	rest polyfill body pillow	Standard Bed Pillows	Bed & Bath / Bedding Essentials / Bed Pillows / Polyester Bed Pillows
39236	wayfair basics® customizable gray closet organization essentials kit		Storage & Organization / Closet Storage & Organization / Clothes Racks & Garment Racks
3023	ayesha curry bakeware non-stick cookie pan	Baking Sheets	Kitchen & Tabletop / Cookware & Bakeware / Baking Sheets & Pans / Baking Sheets / Cooling Racks For Baking Sheets
15919	marini rubberized ceramic 4 piece bathroom accessory set	Bath Accessories	Bed & Bath / Bathroom Accessories & Organization / Countertop Bath Accessories
3287	urban collection 39.75 '' wood foosball table	Foosball Tables	Furniture / Game Tables & Game Room Furniture / Foosball Tables / Wood Foosball Tables
30422	orleans aged copper outdoor hanging lantern	Outdoor Lanterns & Lamps	Lighting / Outdoor Lighting / Outdoor Lanterns & Lamps
27356	pure natural mulberry silk pillow case	Bedding Accessories	Bed & Bath / Bedding Essentials / Pillow Protectors / Pillow Protectors Pillow Protectors
26439	belle meade rectangular molded mirror in distressed reclaimed pine	Wall & Accent Mirrors	Sale / Closeout / All Mirrors / Accent Mirrors
14946	big joe nestle large bean bag sofa	Bean Bags	Furniture / Game Tables & Game Room Furniture / Bean Bag Chairs / Brown Bean Bag Chairs
35973	polyvalent 2-watt led solar power operated outdoor security wall pack with motion sensor ( pack of 4 )	Security Lighting	Lighting / Outdoor Lighting / Security Lights & Flood Lights / All Security Lights & Flood Lights
6485	ildze 29 '' wide swivel armchair	Accent Chairs	Furniture / Living Room Furniture / Chairs & Seating / Accent Chairs
6309	milburn pineapple serving tray	Decorative Trays	Décor & Pillows / Home Accessories / Decorative Trays / Plastic Decorative Trays
32832	pineapple palm scented wax	Candles	Décor & Pillows / Candles & Holders / Candles
10671	59 '' closet rod	Closet Storage & Organization	Storage & Organization / Closet Storage & Organization / Closet Systems
5513	upholstered doll sofa with foldout bed and storage pockets		Baby & Kids / Toddler & Kids Playroom / Indoor Play / Dollhouses & Accessories
23350	custom large canvas welcome sign	Wedding	Holiday Décor / Wedding / White Wedding
29799	oxo steel ladle	Cooking Utensils	Kitchen & Tabletop / Kitchen Utensils & Tools / Cooking Utensils / All Cooking Utensils / Ladles Cooking Utensils
31075	white wine varietals wall décor	Wall Décor	Décor & Pillows / Wall Décor / Wall Accents / White Wall Accents
40010	felker boy and girl statue	Garden Statues	Outdoor / Outdoor Décor / Statues & Sculptures / People Themed Statues & Sculptures
11175	happy camper forest nursery crib musical mobile	Mobiles	Baby & Kids / Baby & Kids Décor & Lighting / Baby Mobiles / Boy+ Baby Mobiles
4082	berghoff international gem aluminum saute pan with lid	Saute Pans	Kitchen & Tabletop / Cookware & Bakeware / Pots, Pans & Skillets / Saute Pans / 2.1 - 4 Quartss Saute Pans
39162	rocking chair seat/back cushion	Furniture Cushions	Kitchen & Tabletop / Tableware & Drinkware / Table & Kitchen Linens / Kitchen Linens / Chair & Seat Cushions / Rocking Chair Chair & Seat Cushions
23758	double chaise lounge sofa floor couch	Game Chairs	Furniture / Game Tables & Game Room Furniture / Gaming Chairs
14459	terell 29.5 '' patio bar stool	Patio Bar Stools	Outdoor / Outdoor & Patio Furniture / Patio Bar Furniture / Patio Bar Stools / Bar Height Patio Bar Stools
7050	ceiling fan light kit	Ceiling Fan Light Kits	Lighting / Ceiling Fans / Ceiling Fan Light Kits / Bowl Ceiling Fan Light Kits
21392	11 '' preschool chair	Classroom Chairs	School Furniture and Supplies / School Furniture / School Chairs & Seating / Classroom Chairs / Toddler Classroom Chairs
28454	nature home decor rainbow elite spaghetti fork	Cooking Utensils	Kitchen & Tabletop / Kitchen Utensils & Tools / Cooking Utensils / All Cooking Utensils
6066	kaliyah demilune 50 '' w console table	Sofa & Console Tables	Furniture / Living Room Furniture / Console Tables / Gold Console Tables
8262	dana executive chair	Office Chairs	Furniture / Office Furniture / Office Chairs / Executive Office Chairs
15894	holland bar stool 36 '' l x 36 '' w square rounded table top	Restaurant Table Tops	Foodservice / Foodservice Tables / Restaurant Table Tops
3041	ayesha home collection porcelain enamel nonstick frying pan set , 2-piece	Skillets & Fry Pans	Kitchen & Tabletop / Cookware & Bakeware / Pots, Pans & Skillets / Frying Pans & Skillets / Enameled Frying Pans & Skillets
18893	annabella twin open-frame headboard and footboard	Headboards	Furniture / Bedroom Furniture / Beds & Headboards / Headboards / Metal Headboards
11382	mobile series microscope storage cabinet workstation	Science Tables	School Furniture and Supplies / School Spaces / Science Lab Furniture / Science & Lab Tables
16533	hammock inflatable pool float pool chair pink	Physical Education Equipment	Physical Education Equipment
11334	ashton 350 thread count 100 % cotton sateen pillow cases	Sheets And Sheet Sets	Bed & Bath / Bedding / Sheets & Pillowcases / King Sheets & Pillowcases
40689	aidyen 3 piece urban ebony signature accent set		Storage & Organization / Storage Furniture / Blanket Ladders & Racks
15813	joleena wall mounted robe hook	Towel & Robe Hooks	Home Improvement / Bathroom Remodel & Bathroom Fixtures / Towel Storage / Towel & Robe Hooks / Black Towel & Robe Hooks
14346	replacement wood seat cushion	Furniture Cushions	Furniture Cushions
32930	21 '' wide parsons chair	Accent Chairs	Furniture / Living Room Furniture / Chairs & Seating / Accent Chairs / Parsons Accent Chairs
31418	theron chaise lounge	Indoor Chaise Lounges	Furniture / Living Room Furniture / Chairs & Seating / Chaise Lounge Chairs / Microfiber Chaise Lounge Chairs
20621	stacking arm chair in champagne	Patio Dining Chairs	Outdoor / Outdoor & Patio Furniture / Outdoor Seating & Patio Chairs / Patio Seating / Patio Dining Chairs
20314	callan brayden privacy door knob	Door Knobs	Home Improvement / Doors & Door Hardware / Door Hardware & Accessories / Door Knobs / Tulip Door Knobs
5514	folding laundry hamper and basket set	Hampers & Baskets	Storage & Organization / Bathroom Storage & Organization / Hampers & Laundry Baskets
25151	faux linen fleece rectangle memory foam non-slip piece bath rug set	Bath Rugs & Mats	Sale / Closeout / Bath Rugs & Towels / Bath Rugs & Mats
27606	desk organizer set	Desktop Organizers & Desk Pads	Storage & Organization / Office Organization / Desktop Organization / Set of Desktop Organization
4336	wayfair basics® fleece blanket	Blankets And Throws	Décor & Pillows / Decorative Pillows & Blankets / Blankets & Throws
26112	caylor 3-light dome pendant	Pendant Lights	Lighting / Ceiling Lights / Pendant Lighting
945	shila 35.4 '' solid wood console table	Sofa & Console Tables	Furniture / Living Room Furniture / Console Tables
9300	strawn 56.25 '' 8 - player poker table	Poker & Casino Tables|Dining Tables	Furniture / Game Tables & Game Room Furniture / Poker & Card Tables
21201	premium heavy-duty furniture felt pad protectors for hardwood ( pack of 76 )	Chair Accessories	Furniture / Office Furniture / Office Chair Accessories
24195	lotus floating lantern	Wedding	Holiday Décor / Wedding / Blue Wedding
21614	koblenz mystic canister vacuum with filter bag	Vacuums & Steamers	Appliances / Vacuums & Deep Cleaners / All Vacuums / Canister Vacuums
27621	expandable kitchen shelving rack	Cabinet Organization	Kitchen & Tabletop / Kitchen Organization / Cabinet & Pantry Organization / All Cabinet Organization / Kitchen Shelving Cabinet Organization
30538	porpora privacy screen	Landscaping Screens & Bridges	Browse By Brand / Wade Logan® / Wade Logan® Patio Furniture
20645	short 42 '' 2 piece hardwood canadian maple pool cue - billiard stick maple 16 - 17 oz	Game Table Accessories	Furniture / Game Tables & Game Room Furniture / Game Parts & Accessories / All Game Parts & Accessories
3056	commercial pull down kitchen sink faucet single handle modern kitchen faucets solid brass taps	Kitchen Faucets	Home Improvement / Kitchen Remodel & Kitchen Fixtures / Kitchen Sinks & Faucet Components / Kitchen Faucets / Gold Kitchen Faucets
39628	quiet moments meditation station small stone and wood tealight holder	Candle Holders	Décor & Pillows / Candles & Holders / Candle Holders / Tea Light Candle Holders
22316	large universal umbrella weight	Patio Umbrella Accessories	Outdoor / Outdoor Shades / Outdoor Umbrellas / Patio Umbrella Accessories
7562	decorative storage 30 '' h x 30 '' w cube bookcase	Teen Bookcases|Bookcases	Furniture / Living Room Furniture / Bookcases / 2 Shelf Bookcases
22283	8.5 '' melamine dessert plate	Plates & Saucers	Kitchen & Tabletop / Tableware & Drinkware / Dinnerware / Plates / Black Plates
3209	simple elegance losas mosaic 12 '' x 12 '' x 1.2mm luxury vinyl tile	Vinyl Flooring	Home Improvement / Flooring, Walls & Ceiling / Flooring / Vinyl Flooring / Multi-Colored Vinyl Flooring
32526	nantucket single cylinder passage ( hall & closet ) door knob	Door Knobs	Home Improvement / Doors & Door Hardware / Door Hardware & Accessories / Door Knobs / Octagonal Door Knobs
33053	carbon monoxide detector	Smoke & CO Detectors	Home Improvement / Kitchen Remodel & Kitchen Fixtures / Smoke Detectors / Portable Smoke Detectors
35823	ovente 3.7 qt . crockpot	Slow Cookers	Appliances / Appliances Sale
37451	metal gazebo lantern	Candle Holders	Décor & Pillows / Candles & Holders / Candle Holders / Lantern Candle Holders
5767	taranto multi-tiered plant stand	Plant & Telephone Tables	Furniture / Living Room Furniture / Coffee Tables & End Tables / Plant Stands & Tables
26611	donner wall mounted double robe hook	Towel & Robe Hooks	Home Improvement / Bathroom Remodel & Bathroom Fixtures / Towel Storage / Towel & Robe Hooks / Chrome Towel & Robe Hooks
3447	500 series 37 '' electric cooktop with 4 burners	Cooktops	Appliances / Kitchen Appliances / Cooktops / All Cooktops / Electric Cooktops
35280	dregeno xmas tree matchbox	Holiday Accents & Decor	Holiday Décor / Christmas / Christmas Decorations / Christmas Figurines & Nutcrackers / All Christmas Figurines
25418	monthly calendar satin landscape magnetic whiteboard	Bulletin Boards, Whiteboards, Chalkboards	Commercial Business Furniture / Boards & Tech Accessories / All Boards
21376	humaira wall mounted robe hook	Towel & Robe Hooks	Home Improvement / Bathroom Remodel & Bathroom Fixtures / Towel Storage / Towel & Robe Hooks
28225	falls vessel sink bathroom faucet	Bathroom Sink Faucets	Home Improvement / Bathroom Remodel & Bathroom Fixtures / Bathroom Sinks & Faucet Components / Bathroom Sink Faucets
8311	bar unit with wine storage		Furniture / Kitchen & Dining Furniture / Bar Furniture / Home Bars & Bar Sets
10111	lahara shower faucet trim with lever handles and h2okinetic technology	Shower Faucets & Systems	Home Improvement / Bathroom Remodel & Bathroom Fixtures / Showers & Bathtubs / Showers & Bathtubs Plumbing / Shower Faucets & Systems / Fixed Head Shower Faucets & Systems
15048	mariela resin free standing umbrella base	Patio Umbrella Stands & Bases	Outdoor / Outdoor Shades / Outdoor Umbrellas / Patio Umbrella Stands & Bases / Plastic & Resin Patio Umbrella Stands & Bases
30383	pn poong nyun new black pearl pressure cooker	Slow Cookers	Kitchen & Tabletop / Kitchen & Dining Sale
42913	gettys 9-light shaded chandelier tiered chandelier	Chandeliers	Sale / Closeout / Ceiling Lights / Chandeliers
36301	zurich tv stand for tvs up to 75 ''	TV Stands & Entertainment Centers	Furniture / Living Room Furniture / TV Stands & Media Storage Furniture / TV Stands & Entertainment Centers / Traditional TV Stands & Entertainment Centers
22887	hibba symmetrical modular corner sectional	Sectionals	Furniture / Living Room Furniture / Sectionals / Modular Sectionals
25444	ninja foodi multi cooker	Air Fryers|Slow Cookers	Shop Product Type / Fryers / Air Fryers / Dishwasher Safe Air Fryers
42178	12 ft. w x 26 ft. d solid wooden garage shed	Sheds	Storage & Organization / Garage & Outdoor Storage & Organization / Sheds / Garage Sheds
31091	configurations add-on pant rack	Closet Organizer Accessories	Storage & Organization / Closet Storage & Organization / Closet Accessories
26948	maurice 34 '' gemvara rose gold table lamp	Table Lamps	Lighting / Table & Floor Lamps / Table Lamps / Pink Table Lamps
874	dominic resin patio rocking chair	Patio Rockers & Gliders	Outdoor / Outdoor & Patio Furniture / Outdoor Seating & Patio Chairs / Patio Seating / Patio Rocking Chairs & Gliders / Wicker & Rattan Patio Rocking Chairs & Gliders
9868	abhilash firewood log rack	Log Storage	Storage & Organization / Garage & Outdoor Storage & Organization / Natural Material Storage / Log Storage
3963	metal shoe storage bench	Licensed Products|Benches	Furniture / Living Room Furniture / Chairs & Seating / Benches / Metal Benches
13489	eser patio sofa with cushions	Patio Sofas	Outdoor / Outdoor & Patio Furniture / Outdoor Seating & Patio Chairs / Patio Seating / Patio Sofas & Sectionals
19601	30 '' bathroom vanity base only	Vanity Bases	"Home Improvement / Bathroom Remodel & Bathroom Fixtures / Bathroom Vanities / Vanity Bases / 26""-30"" Vanity Bases"
41237	rainfall pressure-balanced tub and shower faucet with rough-in valve	Shower Faucets & Systems	Home Improvement / Bathroom Remodel & Bathroom Fixtures / Showers & Bathtubs / Showers & Bathtubs Plumbing / Shower Faucets & Systems / Rain Head Shower Faucets & Systems
3870	yardley 7 drawer dresser	Dressers & Chests	Furniture / Bedroom Furniture / Dressers & Chests / Grey Dressers & Chests
28451	ultrashield naturale composite 12 '' x 12 '' interlocking deck tile	Outdoor Deck Tiles	Home Improvement / Outdoor Remodel / Outdoor Flooring & Tile / Outdoor Deck Tiles & Planks / Composite Outdoor Deck Tiles & Planks
28018	7 '' santa claus in chimney christmas bubble night light	Night Lights	Lighting / Wall Lights / Night Lights / Traditional Night Lights
30133	saxby stool	Bar Stools	Furniture / Kitchen & Dining Furniture / Bar Furniture / Bar Stools & Counter Stools / All Bar Stools & Counter Stools
15474	talbet 3 drawer accent chest	Accent Chests / Cabinets	Furniture / Living Room Furniture / Cabinets & Chests / Blue Cabinets & Chests
25977	hospitality pineapple push button	Door Bells & Chimes	Home Improvement / Doors & Door Hardware / Door Hardware & Accessories / Doorbells & Chimes
21744	edition 400 surface mount frameless 2 doors medicine cabinet with 6 adjustable shelves and led lighting	Medicine Cabinets	Home Improvement / Bathroom Remodel & Bathroom Fixtures / Bathroom Mirrors / Medicine Cabinets
27613	durable plastic monitor riser	Desktop Organizers & Desk Pads	Storage & Organization / Office Organization / Monitor Stands & Risers / Monitor Stand Monitor Stands & Risers
16263	gawu30srbh gladiator wire slatwall shoe rack	Shoe Storage	Storage & Organization / Shoe Storage / All Shoe Storage / Rack Shoe Storage
7995	copper chef 12 piece non-stick bakeware set	Bakeware Sets	Kitchen & Tabletop / Cookware & Bakeware / Bakeware Sets
30274	pineapple metal garden bench	Patio Benches	Outdoor / Outdoor & Patio Furniture / Outdoor Seating & Patio Chairs / Outdoor Benches / Garden Outdoor Benches
39240	home harvest uncapping fork	Beekeeping Supplies	Outdoor / Garden / Outdoor Animal Care / Beekeeping
30831	132 can beverage refrigerator	Beverage Refrigerators & Coolers	Appliances / Kitchen Appliances / Wine & Beverage Coolers / Beverage Refrigerators
39386	timberland 3 piece rippled tin nested star tray set	Decorative Trays	Décor & Pillows / Home Accessories / Decorative Trays / Metal Decorative Trays
9702	certified international cactus verde 3d salt and pepper shaker set	Salt And Pepper Shakers / Grinders (Mills)	Kitchen & Tabletop / Tableware & Drinkware / Serveware / Salt & Pepper Shakers & Mills / Shakers Salt & Pepper Shakers & Mills
21743	edition 400 recessed frameless 2 doors medicine cabinet with 6 adjustable shelves and led lighting	Medicine Cabinets	Home Improvement / Bathroom Remodel & Bathroom Fixtures / Bathroom Mirrors / Medicine Cabinets
28182	33 '' h x 96 '' w x 24 '' d pro series storage rack	Shelving & Racks	Storage & Organization / Garage & Outdoor Storage & Organization / Storage Racks & Shelving Units / Metal Storage Racks & Shelving Units
36891	3-piece kid activity playing furniture table and 2 chairs set for toddler , pink	Kids Tables and Sets	Baby & Kids / Toddler & Kids Playroom / Playroom Furniture / Toddler & Kids Table & Chair Sets
3919	ayesha bakeware toaster oven baking set , copper , 4-piece	Bakeware Sets	Kitchen & Tabletop / Cookware & Bakeware / Bakeware Sets / Steel Bakeware Sets
668	5 gallons hot and cold water cooler dispenser with child safety lock and compression refrigeration technology	Water Coolers & Dispensers	Appliances / Kitchen Appliances / Wine & Beverage Coolers / Water Coolers
12291	crema marfil , light emperador , dark emperador 0.5 '' x 0.5 '' mosaic subway tile	Floor & Wall Tile	Sale / Closeout / Floor Tiles & Wall Tiles / Natural Stone Floor Tiles & Wall Tiles
31561	creekmore tufted upholstered parsons chair in brown	Dining Chairs	Furniture / Kitchen & Dining Furniture / Dining Tables & Seating / Kitchen & Dining Chairs
21581	michaela leather chaise lounge	Indoor Chaise Lounges	Furniture / Living Room Furniture / Chairs & Seating / Chaise Lounge Chairs / Leather Chaise Lounge Chairs
42598	pet zen garden polyester seat cover	Dog Blankets	Pet / Dog / Dog Beds / Dog Blankets
35682	musselwhite moroccan marble peel and stick wallpaper panel	Wallpaper	Décor & Pillows / Wall Décor / Wallpaper
16324	26.8 '' rectangular fold-in-half adjustable folding table	Folding Tables	School Furniture and Supplies / School Furniture / School Tables / Folding Tables / Wood Folding Tables
22949	anna-diana modern & contemporary full length mirror	Wall & Accent Mirrors	Décor & Pillows / Mirrors / All Mirrors / Accent Mirrors
39719	olivet propane fire pit table with holder	Outdoor Fireplaces	Outdoor / Outdoor Heating / Fire Pits / Propane Fire Pits
1610	3 pcs folding portable zero gravity reclining lounge chairs table-beige	Lawn and Beach Chairs	Outdoor / Outdoor & Patio Furniture / Outdoor Seating & Patio Chairs / Beach & Lawn Chairs
25319	shower diverter valve	Valves	Home Improvement / Bathroom Remodel & Bathroom Fixtures / Showers & Bathtubs / Showers & Bathtubs Plumbing / Valves / Tub & Shower Valves
17275	dinosaurs of north america poster map	Maps & Atlases	School Furniture and Supplies / Classroom Décor / Wall Maps / Historical Wall Maps
8073	craft kitchen acacia wood cutting board	Cutting Boards	Kitchen & Tabletop / Kitchen Utensils & Tools / Cutting Boards / Wood Cutting Boards
15051	water resistant patio sectional cover	Furniture Covers	Storage & Organization / Garage & Outdoor Storage & Organization / Outdoor Covers / Patio Furniture Covers / Sofa Patio Furniture Covers
41063	mantelpiece clock	Mantel & Tabletop Clocks	Décor & Pillows / Clocks / Mantel & Tabletop Clocks
36412	indoor/outdoor kids 4 function climber	Climbing Toys & Slides|Swing Sets & Playgrounds	Outdoor / Outdoor Recreation / Backyard Play / Climbing Toys & Slides / 1 to 2 Year Old Climbing Toys & Slides
37121	trotta tufted armless chaise lounge	Indoor Chaise Lounges	Furniture / Living Room Furniture / Chairs & Seating / Chaise Lounge Chairs
40894	resin storage bench	Patio Benches	Outdoor / Outdoor & Patio Furniture / Outdoor Seating & Patio Chairs / Outdoor Benches / Storage Outdoor Benches
21462	kitchenaid 15-piece tool and gadget set	Cooking Utensils	Kitchen & Tabletop / Kitchen Utensils & Tools / Cooking Utensils / All Cooking Utensils / Spatulas Cooking Utensils
16884	personalized chalkboard look world famous whiskey bar room wall décor	Wall Décor	Décor & Pillows / Wall Décor / Wall Accents / Black Wall Accents
12307	bathroom soap dish	Bath Accessories	Bed & Bath / Bathroom Accessories & Organization / Countertop Bath Accessories / Soap Dish Countertop Bath Accessories
41330	garden 8ft . w x 7ft . d metal storage shed		Storage & Organization / Garage & Outdoor Storage & Organization / Sheds
27608	extra comfortable adjustable breathable mesh lumbar cushion back support/footrest	Ergonomic Accessories	Ergonomic Accessories
16126	33 '' side-by-side 23.2 cu . ft. refrigerator	Refrigerators	Appliances / Kitchen Appliances / Refrigerators & Freezers / All Refrigerators / Side By Side Refrigerators
30492	vahalla 8 '' wall mounted towel ring	Towel Rings	Home Improvement / Bathroom Remodel & Bathroom Fixtures / Towel Storage / Towel Rings / Closed Towel Rings
4547	2d3d coat rack	Coat Racks and Hooks	Contractor / Entry & Hallway / Coat Racks & Umbrella Stands / Wall Mounted Coat Racks & Umbrella Stands
35287	8 ft. christmas tree decoration	Outdoor Decorations	Outdoor / Outdoor Décor / Outdoor Holiday Decorations / Inflatable Outdoor Holiday Decorations
39882	peacock and magnolia tree wall decal	Wall Stickers	Décor & Pillows / Wall Décor / Wall Decals / Decal Wall Decals
9247	american liberty eagle wall and door hanger	Holiday Accents & Decor	Holiday Décor / Fourth of July / Fourth of July Decorations
23579	double anchor wall décor	Wall Décor	Décor & Pillows / Wall Décor / Wall Accents / Copper Wall Accents
10344	tindall 2-door cabinet	Accent Chests / Cabinets	Furniture / Living Room Furniture / Cabinets & Chests
23386	alignright cabinet hardware mounting kit	Cabinet and Drawer Accessories	Home Improvement / Hardware / Cabinet Hardware / Cabinet & Drawer Hardware / Guide Kit Cabinet & Drawer Hardware
12645	marseille 5 5/8 '' h x 96 '' w x 4 5/8 '' d crown molding	Molding & Millwork	Home Improvement / Flooring, Walls & Ceiling / Flooring Installation & Accessories / Molding & Millwork / Ceiling Molding & Millwork
5444	cursive mudroom sign wall décor	Wall Décor	Décor & Pillows / Wall Décor / Wall Accents
24381	hayford dongbei-style 2 door cabinet	Accent Chests / Cabinets	Furniture / Living Room Furniture / Cabinets & Chests / Brown Cabinets & Chests
42053	vent free natural gas/propane stove	Gas Fireplaces	Home Improvement / Heating, Cooling & Air Quality / Heating / Fireplaces & Stoves / Gas Fireplaces & Stoves
14776	canadian balsam green fir artificial christmas tree with clear/white lights	Christmas Trees	Holiday Décor / Christmas / Christmas Trees / All Christmas Trees / Regular (Full) Christmas Trees
928	abingdon hall server	Sideboards & Buffets|TV Stands & Entertainment Centers	Furniture / Kitchen & Dining Furniture / Sideboards & Buffets
16406	welcome turkey sign	Holiday Accents & Decor	Décor & Pillows / Seasonal Décor / Fall Décor / Fall Decorative Accents / Banners & Signs Fall Decorative Accents
32152	overmoor console table	Sofa & Console Tables	Furniture / Living Room Furniture / Console Tables / Metal Console Tables
6156	69 '' h x 68 '' w x 27.5 '' d 4 shelf shelving unit	Shelving & Racks	Storage & Organization / Garage & Outdoor Storage & Organization / Storage Racks & Shelving Units / Plastic Storage Racks & Shelving Units
35138	tassio 6 drawer double dresser	Dressers & Chests	Furniture / Bedroom Furniture / Dressers & Chests / Brown Dressers & Chests
4675	peacock inspired trio small iron votive holder	Candle Holders	Décor & Pillows / Candles & Holders / Candle Holders / Votive Candle Holders
6317	spinelli plank top solid wood dining table	Dining Tables	Furniture / Kitchen & Dining Furniture / Dining Tables & Seating / Kitchen & Dining Tables / 6 Seat Kitchen & Dining Tables
37537	kinkade xl 30.25 '' w x 80 '' h hinged frameless shower door	Shower & Tub Doors	Home Improvement / Bathroom Remodel & Bathroom Fixtures / Showers & Bathtubs / Shower & Bathtub Doors / Hinged Shower & Bathtub Doors
3028	ayesha home collection hard anodized aluminum cookware set , 11-piece	Cookware Sets	Kitchen & Tabletop / Cookware & Bakeware / Cookware Sets / 11 - 13 Piece Cookware Sets
4696	mirefield lattice faced 3 drawer accent chest	Accent Chests / Cabinets	Furniture / Living Room Furniture / Cabinets & Chests / Silver Cabinets & Chests
11870	mint brick old wall background in vibrant tones architecture urban building picture duvet cover set	Bedding Sets	Bed & Bath / Bedding / All Bedding / Twin Bedding
33306	pedestal coffee table	Coffee & Cocktail Tables	Furniture / Living Room Furniture / Coffee Tables & End Tables / Coffee Tables / Oval Coffee Tables
25433	barberpub hydraulic reclining massage chair	Massage Chairs|Recliners	Furniture / Living Room Furniture / Chairs & Seating / Massage Chairs
7926	lita recliner patio chair and ottoman	Patio Lounge Chairs	Sale / Closeout / Outdoor Club Chairs / Metal Outdoor Club Chairs
27333	berengere 4 '' cotton futon mattress	Futon Mattresses	Furniture / Living Room Furniture / Futons & Daybeds / Futon Mattresses
7570	82.3 '' h x 30 '' w standard bookcase	Teen Bookcases|Bookcases	Furniture / Living Room Furniture / Bookcases / 6 Shelf Bookcases
5793	large biometric lock safe	Safes	Storage & Organization / Storage Furniture / Safes / Biometric Safes
39205	wayfair basics® patio sofa cover	Furniture Covers	Storage & Organization / Garage & Outdoor Storage & Organization / Outdoor Covers / Patio Furniture Covers / Sofa Patio Furniture Covers
7262	standard clips	Floor Installation Accessories	Home Improvement / Flooring, Walls & Ceiling / Flooring Installation & Accessories / Flooring Tools
21285	kids writing table with reading light , height adjustable functional student study desk and chair set for children boys girls		Baby & Kids / Toddler & Kids Bedroom Furniture / Kids Desks
40855	dorantes wrap polyfill body pillow	Standard Bed Pillows	Bed & Bath / Bedding Essentials / Bed Pillows
17388	drakes owl 9.84 '' animal figurine novelty light	Novelty Lighting	Bed & Bath / Dorm Décor & Back to School Essentials / Dorm Décor
2247	aadi rectangle aquarium stand	Aquariums & Bowls	Pet / Fish
41984	weave laundry basket	Hampers & Baskets	Storage & Organization / Bathroom Storage & Organization / Hampers & Laundry Baskets / Laundry Sets Hampers & Laundry Baskets
31408	henault chef hat with fork and spoon wall decal	Wall Stickers	Décor & Pillows / Wall Décor / Wall Decals / Decal Wall Decals
42899	wayfair sleep 8 '' medium innerspring mattress	Innerspring Mattresses	Bed & Bath / Mattresses & Foundations / Innerspring Mattresses
6603	multi function dual shower head with h2okinetic technology	Shower Heads	Home Improvement / Bathroom Remodel & Bathroom Fixtures / Showers & Bathtubs / Showers & Bathtubs Plumbing / Shower Heads / Dual Shower Heads
29706	outdoor 2-tier 9.8 ft. w x 13 ft. d steel patio gazebo	Canopies & Gazebos	Outdoor / Outdoor Shades / Gazebos / Metal Gazebos
35527	braunstone 7 piece bar set	Patio Bar Sets	Outdoor / Outdoor & Patio Furniture / Patio Bar Furniture / Patio Bars & Sets
9393	28 '' kase chess & backgammon table	Chess, Checkers, and Backgammon	Furniture / Game Tables & Game Room Furniture / Classic Game Tables
8481	digital safe electronic lock	Safes	Storage & Organization / Storage Furniture / Safes / Electronic Safes
21304	mason jar toothbrush holder	Bath Accessories	Bed & Bath / Bathroom Accessories & Organization / Countertop Bath Accessories / Toothbrush Holder Countertop Bath Accessories
3886	ayesha curry non stick cookie baking sheet set	Baking Sheets	Kitchen & Tabletop / Cookware & Bakeware / Baking Sheets & Pans / Baking Sheets
31005	400 series server rack	Rackmounts & Rackmount Accessories	School Furniture and Supplies / School Boards & Technology / AV, Mounts & Tech Accessories / Electronic Mounts & Stands / Rackmounts & Rackmount Accessories / Cabinet System Rackmounts & Rackmount Accessories
27455	pet bowl	Dog and Cat Bowls, Feeders & Accessories	Pet / Dog / Dog Bowls & Feeding Supplies / Pet Bowls & Feeders
25019	ashton toddler bed rail	Crib Conversion Rails	Baby & Kids / Nursery Furniture / Conversion Rails
23851	fina rectangular wooden planter bench	Patio Benches	Outdoor / Outdoor & Patio Furniture / Outdoor Seating & Patio Chairs / Outdoor Benches
29733	thermo speed hot water dispenser	Water Filter Pitchers	Water Filter Pitchers
3949	quickscreen series white portable projection screen	Projector Screens	Furniture / Living Room Furniture / TV Stands & Media Storage Furniture / Projection Screens / Folding Frame Projection Screens
42596	camden vinyl lattice panel trellis	Trellises	Outdoor / Garden / Trellises / Vinyl Trellises
3829	ez-floor 12 '' x 12 '' teak wood snap-in deck tiles in oiled	Outdoor Deck Tiles	Home Improvement / Outdoor Remodel / Outdoor Flooring & Tile / Outdoor Deck Tiles & Planks / Wood Outdoor Deck Tiles & Planks
11641	balogh ergonomic mesh task chair	Office Chairs	Furniture / Office Furniture / Office Chairs
38064	wall street task chair	Teen Desk Chairs|Office Chairs	Furniture / Office Furniture / Office Chairs / Drafting Office Chairs
21326	karnig wall décor	Outdoor Wall Decor|Wall Décor	Outdoor / Outdoor Décor / Outdoor Wall Décor
37237	trigg ceramic planter wall decor	Wall Décor	Décor & Pillows / Wall Décor / Wall Accents / Brass Wall Accents
8101	beaconsdale 72 '' double bathroom vanity base only	Vanity Bases	Home Improvement / Bathroom Remodel & Bathroom Fixtures / Bathroom Vanities / Vanity Bases
35732	happy camper way led lantern	Outdoor Lanterns & Lamps	Sale / Closeout / Outdoor Lighting / Outdoor Lanterns & Lamps
18196	danielson 72 '' kitchen pantry	Pantry Cabinets	Kitchen & Tabletop / Kitchen Organization / Food Pantries / Grey Food Pantries
3653	melgar 36 '' single bathroom vanity base only	Vanity Bases	"Home Improvement / Bathroom Remodel & Bathroom Fixtures / Bathroom Vanities / Vanity Bases / 36""- 40"" Vanity Bases"
13673	vinyl solid color single shower curtain	Shower Curtains	Bed & Bath / Shower Curtains & Accessories / Shower Curtains & Shower Liners / Ivory & Cream Shower Curtains & Shower Liners
12455	hansin height adjustable stool	Office Stools	Furniture / Office Furniture / Office Stools
35826	ovente induction hot plate	Burners & Hot Plates	Kitchen & Tabletop / Small Kitchen Appliances / Electric Presses, Grills & Griddles / Hot Plates & Burners / One Hot Plates & Burners
3680	aurelia tv stand for tvs up to 75 ''	TV Stands & Entertainment Centers	Furniture / Living Room Furniture / TV Stands & Media Storage Furniture / TV Stands & Entertainment Centers / Coastal TV Stands & Entertainment Centers
11646	baumbach bar cart	Bar Carts	Furniture / Kitchen & Dining Furniture / Bar Furniture / Bar Carts / Metal Bar Carts
25202	the holiday aisle® solar powered 30 led string light garden path yard decor lamp outdoor waterproof cold white	String Lights	Lighting / Outdoor Lighting / String Lights
33579	sea diver floating duck toy	Hot Tub Accessories	Outdoor / Hot Tubs & Saunas / Hot Tub Accessories / Cupholders Hot Tub Accessories
8329	jimmie 3 piece sectional seating group with cushions	Patio Sofas|Outdoor Conversation Sets	Outdoor / Outdoor & Patio Furniture / Patio Furniture Sets / Patio Conversation Sets / 5-6 Person Patio Conversation Sets
36540	prized peacock trophy wall décor	Wall Décor	Décor & Pillows / Wall Décor / Wall Accents / Blue Wall Accents
2328	apec water icemaker-kit-38-14-ro refrigerator/icemaker installation accessory	Water Filtration	Home Improvement / Kitchen Remodel & Kitchen Fixtures / Water Filtration / Refrigerator & Icemaker Water Filtration
19342	whiskey bottom personalized bar sign wall décor	Wall Décor	Décor & Pillows / Wall Décor / Wall Accents / Grey Wall Accents
19605	18 '' cabinet vanity base only	Vanity Bases	"Home Improvement / Bathroom Remodel & Bathroom Fixtures / Bathroom Vanities / Vanity Bases / Under 20"" Vanity Bases"
1381	gillian 1 - light 21 '' h hardwired lantern head	Post Lanterns	Lighting / Outdoor Lighting / Post Lights
42749	abe 5 piece dining set	Patio Dining Sets	Outdoor / Outdoor & Patio Furniture / Patio Furniture Sets / Patio Dining Sets / Four Person Patio Dining Sets
19741	paul leather chaise lounge	Indoor Chaise Lounges	Furniture / Living Room Furniture / Chairs & Seating / Chaise Lounge Chairs / Leather Chaise Lounge Chairs
37191	topmax upholstered platform bed frame with nailhead trim headboard and wood slats , full size , dark grey	Beds	Furniture / Bedroom Furniture / Beds & Headboards / Beds / Full & Double Beds
10115	trinsic® bathroom towel ring	Towel Rings	Home Improvement / Bathroom Remodel & Bathroom Fixtures / Towel Storage / Towel Rings / Open Towel Rings
39511	rohde vanity	Makeup Vanities	Furniture / Bedroom Furniture / Makeup Vanities / Silver Makeup Vanities
41381	4 level tapered riser backrail	Stage Accessories	Stages, Risers and Accessories
20316	callan deadbolt double cylinder deadbolt	Deadbolts	Home Improvement / Doors & Door Hardware / Door Hardware & Accessories / Deadbolts / Double Cylinder Deadbolts
22741	30 '' l x 18 '' w farmhouse kitchen sink with sink grid and basket strainer	Kitchen Sinks	Home Improvement / Kitchen Remodel & Kitchen Fixtures / Kitchen Sinks & Faucet Components / Kitchen Sinks
8995	boucher 39.4 '' w writing desk		Baby & Kids / Toddler & Kids Bedroom Furniture / Kids Desks
39997	3 way led thermostatic complete shower system with rough-in valve	Shower Faucets & Systems	Home Improvement / Bathroom Remodel & Bathroom Fixtures / Showers & Bathtubs / Showers & Bathtubs Plumbing / Shower Faucets & Systems / Handheld Shower Faucets & Systems
34433	dining chair cushion	Furniture Cushions	Kitchen & Tabletop / Tableware & Drinkware / Table & Kitchen Linens / Kitchen Linens / Chair & Seat Cushions
3051	ayesha curry denim kid apron	Kitchen Aprons	Kitchen & Tabletop / Tableware & Drinkware / Table & Kitchen Linens / Kitchen Linens / Aprons / Children's Aprons
25847	12 in 1 48 '' multi-game table	Multi Game Tables	Furniture / Game Tables & Game Room Furniture / Multi Game Tables / Air Hockey Multi Game Tables
4288	brightech skylite led torchiere floor lamp – bright , high lumen uplight for reading in living rooms & offices - 3 way dimmable to 30 % brightness - tall standing pole light - black	Floor Lamps	Lighting / Table & Floor Lamps / Floor Lamps
30509	progressive international citrus juicer	Slicers, Peelers And Graters	Kitchen & Tabletop / Kitchen Utensils & Tools / Fruit & Vegetable Tools / Presses & Reamers
28025	canadian pine christmas garland	Garlands & Swag	Décor & Pillows / Flowers & Plants / Garlands & Swag
14422	tool-free classic sienna one inch series curved landscape edging	Landscaping Screens & Bridges	Landscaping Screens & Bridges
8999	4-in-1 child climbing rocking horse straight	Slides	Outdoor / Outdoor Recreation / Backyard Play / Playground Slides
25923	starburst window panel	Stained Glass Panels	Décor & Pillows / Wall Décor / Stained Glass Panels / Square Shaped Stained Glass Panels
24052	vertical gemini electronic combination cabinet lock	Door Hardware Accessories	Home Improvement / Doors & Door Hardware / Door Hardware & Accessories / Door Hardware
22099	antek 86 '' x 98 '' l-shape reception desk with light panels	Reception Desks	Reception Area / Reception Desks & Tables / Reception Desks & Suites
23349	koyal wholesale que pasta cooking spoon	Cooking Utensils	Kitchen & Tabletop / Kitchen Utensils & Tools / Cooking Utensils / All Cooking Utensils / Spoons Cooking Utensils
25081	mastro conference chair	Office Chairs	Sale / Closeout / Office Chairs / Conference Office Chairs
33657	belize 36.25 '' single bathroom vanity top in gray with sink	Vanity Tops	Home Improvement / Bathroom Remodel & Bathroom Fixtures / Bathroom Vanities / Vanity Tops
12286	grid economy metal/wire basket	Boxes, Bins, Baskets, & Buckets	Storage & Organization / Storage Containers & Drawers / All Storage Containers
4671	noreen owl garden stool	Accent Stools	Furniture / Living Room Furniture / Chairs & Seating / Accent Stools / Ceramic Accent Stools
23718	sebastien hall tree	Hall Trees|Benches	Furniture / Entry & Mudroom Furniture / Hall Trees
12275	4 piece grid panel wire basket	Slatwall & Pegboard Accessories	Storage & Organization / Garage & Outdoor Storage & Organization / Tool Storage / Slatwall Accessories
17437	leroy square ergonomic comfortable bohemian design swing chair		Outdoor / Outdoor & Patio Furniture / Outdoor Seating & Patio Chairs / Porch Swings
4476	newport 36 '' single bathroom vanity	Vanities	Sale / Closeout / All Bathroom Vanities / Traditional Bathroom Vanities
23999	busselton solid blackout thermal curtain panels		Décor & Pillows / Window Treatments / Curtains & Drapes / 108 Inch Curtains & Drapes
4644	karg 3 piece accent tray set	Decorative Trays	Décor & Pillows / Home Accessories / Decorative Trays / Bamboo Decorative Trays
30051	henry fireplace shelf mantel	Mantels	Home Improvement / Heating, Cooling & Air Quality / Heating / Fireplace Mantels & Accessories / Fireplace Mantels / White Fireplace Mantels
19116	coffee canister	Coffee & Espresso Accessories	Kitchen & Tabletop / Small Kitchen Appliances / Coffee, Espresso, & Tea / Coffee & Tea Storage / Coffee Storage & Accessories
39563	colm 3 - light 16.5 '' unique/statement drum semi flush mount	Flush Mount Lighting	Lighting / Ceiling Lights / All Ceiling Lights
27068	sande 12 '' x 24 '' porcelain field tile	Floor & Wall Tile	Home Improvement / Flooring, Walls & Ceiling / Floor Tiles & Wall Tiles / Porcelain Floor Tiles & Wall Tiles
13185	bronze design chair mat	Chairmats	Furniture / Office Furniture / Chair Mats
34749	batik pineapple 100 % cotton bath towel	Bath Towels	Bed & Bath / Bath Rugs & Towels / Bath Towels / Ivory & Cream Bath Towels
31168	old country roses 5 piece bone china place setting , service for 1	Dinnerware Sets & Place Settings	Kitchen & Tabletop / Tableware & Drinkware / Dinnerware / Dinnerware Sets / Bone China Dinnerware Sets
14585	international large coffee prokeeper 128 oz . food storage container	Food Storage & Dispensers	Kitchen & Tabletop / Kitchen Organization / Food Storage & Canisters / Food Storage Containers / Bulk Food Storage Containers
22161	purist® 1 1/16 '' diameter mushroom knob	Cabinet and Drawer Knobs	Home Improvement / Hardware / Cabinet Hardware / Cabinet & Drawer Knobs / Brown Cabinet & Drawer Knobs
20982	sunflower collection 7 '' h x 10 '' w fabric empire lamp shade ( uno ) in yellow/green	Lighting Shades	Lighting / Light Bulbs & Hardware / Light Shades / Green Light Shades
31472	gassett faux marble top 5 piece solid wood pub table set	Dining Table Sets	Furniture / Kitchen & Dining Furniture / Dining Tables & Seating / Kitchen & Dining Room Sets
2642	metal designs coffee table	Coffee & Cocktail Tables	Furniture / Living Room Furniture / Coffee Tables & End Tables / Coffee Tables / Round Coffee Tables
34783	bali hai open-frame headboard	Headboards	Furniture / Bedroom Furniture / Beds & Headboards / Headboards / Wicker & Rattan Headboards
34087	anti fatigue mat	Desktop Organizers & Desk Pads	Desktop Organizers & Desk Pads
21038	plush down alternative body pillow	Standard Bed Pillows	Bed & Bath / Bedding Essentials / Bed Pillows / Alternative Bed Pillows
29426	mckelvy 1 -bulb 18 '' h led outdoor pendant	Outdoor Hanging Lights	Lighting / Outdoor Lighting / Outdoor Ceiling Lights / Outdoor Hanging Lights / Black Outdoor Hanging Lights
24105	illy iperespresso capsules intenso - dark roast	Coffee Pods & K-Cups	Kitchen & Tabletop / Small Kitchen Appliances / Coffee, Espresso, & Tea / Coffee & Tea Storage / K-Cups & Pods
11370	3.50 '' x 46.25 '' barnwood wall paneling	Wall Paneling	Home Improvement / Flooring, Walls & Ceiling / Walls & Ceilings / Wall Paneling
23151	victorian white ceramic rectangular wall mount bathroom sink with overflow	Bathroom Sinks	Home Improvement / Bathroom Remodel & Bathroom Fixtures / Bathroom Sinks & Faucet Components / Bathroom Sinks / Wall Mount Bathroom Sinks
34770	island estate solid wood tv stand for tvs up to 88 ''	TV Stands & Entertainment Centers	Furniture / Living Room Furniture / TV Stands & Media Storage Furniture / TV Stands & Entertainment Centers / Coastal TV Stands & Entertainment Centers
16955	iola outdoor reclining chaise lounge with cushion	Patio Chaise Lounges	Outdoor / Outdoor & Patio Furniture / Outdoor Seating & Patio Chairs / Outdoor Chaise & Lounge Chairs / Reclining Outdoor Chaise & Lounge Chairs
16917	laymon decorative square pillow cover & insert	Accent Pillows	Décor & Pillows / Decorative Pillows & Blankets / Throw Pillows / Pink Throw Pillows
2719	cusseta kids stool	Kids Chairs	Baby & Kids / Toddler & Kids Playroom / Playroom Furniture / Toddler & Kids Chairs & Seating / Stool Toddler & Kids Chairs & Seating
5922	himrod double rocking chair	Rocking Chairs	Furniture / Living Room Furniture / Chairs & Seating / Rocking Chairs / Wood Rocking Chairs
16025	tv stand for tvs up to 88 ''	TV Stands & Entertainment Centers	Furniture / Living Room Furniture / TV Stands & Media Storage Furniture / TV Stands & Entertainment Centers / Modern & Contemporary TV Stands & Entertainment Centers
11016	lindell be in the woods camper 2-sided polyester 40 x 28 in . house flag	Flags	Outdoor / Front Door Décor & Curb Appeal / Flags
954	bamard owl 4 piece coffee mug set	Mugs & Teacups	Kitchen & Tabletop / Tableware & Drinkware / Drinkware / Mugs & Teacups / Coffee Mugs & Teacups
40371	tolna chest	Protection Plans	Protection Plans
15843	luxenford configurable office set	Office Sets	Furniture / Office Furniture / Office Furniture Sets / Standard Desk Office Furniture Sets
285	3 shelf movable storage rack	Spice Jars & Racks	Kitchen & Tabletop / Kitchen Organization / Spice Jars & Spice Racks
20976	blue and green mod dinosaur photo op fitted crib sheet	Crib Sheets	Baby & Kids / Nursery Bedding / Crib Sheets
15136	fox run brands marble rolling pin	Rolling Pins|Kitchen Gadgets	Kitchen & Tabletop / Kitchen Utensils & Tools / Baking & Mixing Tools / Rolling Pins / Marble Rolling Pins Rolling Pins
21063	marble single shower curtain	Shower Curtains	Bed & Bath / Shower Curtains & Accessories / Shower Curtains & Shower Liners / Black Shower Curtains & Shower Liners
20311	callan fairfield keyed door knob	Door Knobs	Home Improvement / Doors & Door Hardware / Door Hardware & Accessories / Door Knobs / Ball Door Knobs
13625	9.1 '' w x 5.1 '' d iron arbor	Arbors	Outdoor / Garden / Arbors / Iron Arbors
16230	ghent 4 month wall mounted calendar board	Memo Boards	Décor & Pillows / Wall Décor / Memo Boards / Dry Erase Memo Boards
18944	8 '' glass sphere lamp shade	Lighting Replacement Glass	Lighting / Light Bulbs & Hardware / Lighting Replacement Glass
42115	manor house 3 1/2 '' center to center drop handle	Cabinet and Drawer Pulls	Home Improvement / Hardware / Cabinet Hardware / Cabinet & Drawer Pulls / Silver Cabinet & Drawer Pulls
4591	upholstered tufted storage ottoman	Ottomans	Furniture / Living Room Furniture / Ottomans & Poufs / Square Ottomans & Poufs
25209	bucket seat back cushion	Chair Accessories	Furniture / Office Furniture / Office Chair Accessories
39632	didier lighted corner display stand	China Cabinets	Furniture / Kitchen & Dining Furniture / Display & China Cabinets
35008	contrast denim furniture box cushion loveseat slipcover	Slipcovers	Furniture / Living Room Furniture / Slipcovers / All Slipcovers / Loveseat Slipcovers
11727	ebros gift gothic day of the dead graveyard garnish meditating skeleton salt and pepper shaker set	Salt And Pepper Shakers / Grinders (Mills)	Kitchen & Tabletop / Tableware & Drinkware / Serveware / Salt & Pepper Shakers & Mills / Shakers Salt & Pepper Shakers & Mills
1417	retractable arm for awning	Shade Accessories	Outdoor / Outdoor Shades / Outdoor Shade Accessories
17549	wallace 34 '' wide full grain leather armchair	Accent Chairs	Furniture / Living Room Furniture / Chairs & Seating / Accent Chairs / Arm Accent Chairs
20716	twist large outdoor friendly bean bag chair & lounger	Bean Bags	Furniture / Game Tables & Game Room Furniture / Bean Bag Chairs / Blue Bean Bag Chairs
12776	trian super iso 2 '' x 5 '' porcelain grid mosaic wall & floor tile		Home Improvement / Flooring, Walls & Ceiling / Floor Tiles & Wall Tiles
7889	cuisinox deluxe 10.6-quart pressure cooker	Slow Cookers	Kitchen & Tabletop / Small Kitchen Appliances / Pressure & Slow Cookers / Pressure Cookers / Stove Top Pressure Cookers
28343	10 '' h acrylic rectangular lamp shade ( screw on )	Lighting Shades	Lighting / Light Bulbs & Hardware / Light Shades / Gold Light Shades
7319	bambi 60 '' x 30 '' melamine craft table	Craft & Sewing Tables	Storage & Organization / Cleaning & Laundry Organization / Crafts & Sewing / Craft & Sewing Tables
40269	lopes resin folding adirondack chair	Adirondack Chairs	Outdoor / Outdoor & Patio Furniture / Outdoor Seating & Patio Chairs / Adirondack Chairs / Plastic Adirondack Chairs
7277	56 '' falzone 5 - blade standard ceiling fan	Ceiling Fans	Lighting / Ceiling Fans / All Ceiling Fans / Brass Blades Ceiling Fans
38762	double-piped outdoor sunbrella seat cushion	Furniture Cushions	Outdoor / Outdoor Décor / Outdoor Pillows & Cushions / Patio Furniture Cushions / Dining Chair Patio Furniture Cushions
21108	brass single hole bathroom faucet	Bathroom Sink Faucets	Home Improvement / Bathroom Remodel & Bathroom Fixtures / Bathroom Sinks & Faucet Components / Bathroom Sink Faucets / Single Hole Bathroom Sink Faucets
15758	bleu wall mounted robe hook	Towel & Robe Hooks	Home Improvement / Bathroom Remodel & Bathroom Fixtures / Towel Storage / Towel & Robe Hooks / Black Towel & Robe Hooks
40907	bar serving cart	Patio Bar Sets	Outdoor / Outdoor & Patio Furniture / Patio Bar Furniture / Patio Bars & Sets / Serving Cart Patio Bars & Sets
12953	aiello the mughal aakar hand-painted 2 piece cake serving set	Flatware & Silverware Serving Pieces	Kitchen & Tabletop / Tableware & Drinkware / Flatware & Cutlery / Serving Utensils
14348	34.5 '' cards table	Poker & Casino Tables	Furniture / Game Tables & Game Room Furniture / Poker & Card Tables / Foldable Poker & Card Tables
3918	ayesha home collection deep frying pan with helper handle and lid , 12-inch	Skillets & Fry Pans	Kitchen & Tabletop / Cookware & Bakeware / Pots, Pans & Skillets / Frying Pans & Skillets
26529	bol 4 piece teacup set	Mugs & Teacups	Kitchen & Tabletop / Tableware & Drinkware / Drinkware / Mugs & Teacups / Teacups Mugs & Teacups
21570	le chef 2.75 qt . non stick copper round dutch oven with lid	Dutch Ovens & Braisers	Kitchen & Tabletop / Cookware & Bakeware / Pots, Pans & Skillets / Dutch Ovens & Braisers / NA Dutch Ovens & Braisers
904	18 '' sunflower wreath	Wreaths	Décor & Pillows / Flowers & Plants / Wreaths
17077	ringgold storage cabinet armoire	Armoires & Wardrobes	Furniture / Bedroom Furniture / Armoires & Wardrobes / White Armoires & Wardrobes
24772	hard floor chairmat	Chairmats	Furniture / Office Furniture / Chair Mats / Hard Floor Chair Mats
27861	excelvan white 100 '' protable projection screen	Licensed Products|Projector Screens	Shop Product Type / Shop All Characters
30698	night bloom insulated picnic tote bag	Picnic Baskets & Coolers	Outdoor / Outdoor Cooking & Tableware / Outdoor Serving & Tableware / Coolers, Baskets & Tubs / Picnic Baskets & Backpacks
34552	6-light outdoor bulkhead light	Outdoor Wall Lights	Sale / Closeout / Outdoor Lighting / Outdoor Wall Lighting
4046	rocking chair	Rocking Chairs	Furniture / Living Room Furniture / Chairs & Seating / Rocking Chairs
34319	patio chair covers	Slipcovers	Furniture / Living Room Furniture / Slipcovers / All Slipcovers
42545	centauri bunk bed accessory	Bed Accessories	Browse By Brand / Zoomie Kids
20918	floating water lantern	Wedding	Holiday Décor / Wedding / White Wedding
8144	modern edge vector etagere bookcase	Bookcases	Furniture / Living Room Furniture / Bookcases / 7 Shelf Bookcases
36625	industrial gear sculptural iron bookends	Bookends	Décor & Pillows / Home Accessories / Bookends / Decorative Bookends
11830	vintage ornament bohemian tablecloth	Dining Linens	Kitchen & Tabletop / Tableware & Drinkware / Table & Kitchen Linens / All Table Linens / Tablecloth Table Linens
40905	outdoor 2 ft. 9 in . w x 2 ft. d plastic vertical tool shed	Sheds	Storage & Organization / Garage & Outdoor Storage & Organization / Sheds / Tool Sheds
19693	cladine block coffee table	Coffee & Cocktail Tables	Furniture / Living Room Furniture / Coffee Tables & End Tables / Coffee Tables
32601	server rack	Rackmounts & Rackmount Accessories	School Furniture and Supplies / School Boards & Technology / AV, Mounts & Tech Accessories / Electronic Mounts & Stands / Rackmounts & Rackmount Accessories
12535	30 qt . kayak or canoe river floating beverage and food storing cooler	Coolers	Outdoor / Outdoor Cooking & Tableware / Outdoor Serving & Tableware / Coolers, Baskets & Tubs / Coolers / Standard Coolers
18500	half round table	Activity Tables	School Furniture and Supplies / School Furniture / School Tables / Activity Tables
25846	travel jewelry organizer case	Beauty Organizers	Storage & Organization / Bathroom Storage & Organization / Beauty Organizers
22864	leopoulos abstract green area rug	Area Rugs	Rugs / Area Rugs / 3' x 5' Area Rugs
37995	breville café roma coffee & espresso maker	Coffee Makers	Kitchen & Tabletop / Small Kitchen Appliances / Coffee, Espresso, & Tea / Coffee Makers
5854	7 light bubble lights	Holiday Lighting	Holiday Décor / Holiday Lighting / Christmas Holiday Lighting
31101	72 '' h x 36 '' w x 18 '' d full double door cabinet	Garage Storage Cabinets	Storage & Organization / Garage & Outdoor Storage & Organization / Garage Storage Cabinets / Plastic Garage Storage Cabinets
26216	4 - blade standard ceiling fan	Ceiling Fans	Lighting / Ceiling Fans / All Ceiling Fans / Brown Blades Ceiling Fans
10331	2 piece marble placemet set	Placemats, Chargers, & Napkins	Kitchen & Tabletop / Tableware & Drinkware / Table & Kitchen Linens / Placemats
7026	secure storage cabinet	TV Mount Accessories	Furniture / Living Room Furniture / TV Stands & Media Storage Furniture / Media Storage & Accessories / TV Mount Accessories
8751	large kids play house heavy duty canvas cotton with floor mat for bedroom indoor outdoor	Playhouses & Play Tents	Baby & Kids / Toddler & Kids Playroom / Indoor Play / Play Tents
3896	ayesha home collection porcelain enamel nonstick straining casserole with lid , 5.5-quart		Kitchen & Tabletop / Cookware & Bakeware / Pots, Pans & Skillets / Dutch Ovens & Braisers
13851	100 % cotton table runner	Dining Linens	Kitchen & Tabletop / Tableware & Drinkware / Table & Kitchen Linens / All Table Linens / Table Runner Table Linens
20640	quick fill external electric air pump	Air Mattresses	Bed & Bath / Mattresses & Foundations / Air Mattresses / Twin Air Mattresses
951	bersani resin statue planter		Outdoor / Garden / Planters / Plastic Planters
30019	120inch hd projector screen 16:9 home cinema theater projection portable screen	Projector Screens	Furniture / Living Room Furniture / TV Stands & Media Storage Furniture / Projection Screens
23083	ruckus 26 '' classroom chair with casters	Classroom Chairs	School Furniture and Supplies / School Furniture / School Chairs & Seating / Classroom Chairs / High School & College Classroom Chairs
24446	yucaipa standard bookcase	Bookcases	Furniture / Living Room Furniture / Bookcases / 5 Shelf Bookcases
40824	vintage mid-century modern world globe	Globes	Décor & Pillows / Home Accessories / Globes
8011	led vaporproof light	Commercial Outdoor Lighting	Contractor / Commercial Contractor / Commercial Lighting / Commercial Exterior Lighting
7121	chef craft 23-piece nylon select kitchen tool and gadget utensil set	Cooking Utensils	Kitchen & Tabletop / Kitchen Utensils & Tools / Cooking Utensils / All Cooking Utensils / Spatulas Cooking Utensils
36396	rae 2 drawer nightstand	End Tables|Nightstands	Furniture / Bedroom Furniture / Nightstands
2504	38-piece cutlery set	Flatware & Silverware Sets	Sale / Closeout / Flatware Sets / Stainless Steel Flatware Sets
4076	berghoff international neo santoku knife	Open Stock Knives and Kitchen Scissors	Kitchen & Tabletop / Kitchen Utensils & Tools / Knives & Accessories / Individual Knives / Santoku Knife Individual Knives
7328	blue sunflowers by richard wallich - print on canvas	Wall Art	Décor & Pillows / Art / All Wall Art / Yellow Wall Art
3200	majestic rustic self adhesive 18 '' x 18 '' x 2mm vinyl tile	Vinyl Flooring	Home Improvement / Flooring, Walls & Ceiling / Flooring / Vinyl Flooring
39375	52 '' daugherty 5 - blade ceiling fan with light kit included	Ceiling Fans	Lighting / Ceiling Fans / All Ceiling Fans / Chrome Blades Ceiling Fans
3291	zootles drawer pull multipack	Cabinet and Drawer Pulls	Home Improvement / Hardware / Cabinet Hardware / Cabinet & Drawer Pulls / Grey Cabinet & Drawer Pulls
30399	jefferson rocking chair	Patio Rockers & Gliders	Outdoor / Outdoor & Patio Furniture / Outdoor Seating & Patio Chairs / Patio Seating / Patio Rocking Chairs & Gliders / Plastic Patio Rocking Chairs & Gliders
41263	standard patio chaise lounge cover	Furniture Covers	Storage & Organization / Garage & Outdoor Storage & Organization / Outdoor Covers / Patio Furniture Covers / Chaise Lounge Patio Furniture Covers
36168	bernardo solid wood wall mounted wine glass rack	Wine Racks	Kitchen & Tabletop / Tableware & Drinkware / Barware / Wine Racks / Glass Wine Racks
17585	72 '' h x 14 '' w x 36 '' d 5-tier shelving unit	Shelving & Racks	Storage & Organization / Garage & Outdoor Storage & Organization / Storage Racks & Shelving Units / Metal Storage Racks & Shelving Units
36779	yareli modern coffee table	Coffee & Cocktail Tables	Furniture / Living Room Furniture / Coffee Tables & End Tables / Coffee Tables / Rectangle Coffee Tables
4406	juliet 3-light vanity light	Vanity Lighting	Lighting / Wall Lights / Bathroom Vanity Lighting / Coastal Bathroom Vanity Lighting
22150	rgh-in	Valves	Home Improvement / Bathroom Remodel & Bathroom Fixtures / Showers & Bathtubs / Showers & Bathtubs Plumbing / Valves
24114	lloydpans kitchenware 3 piece non-stick skillet set with lid	Skillets & Fry Pans	Kitchen & Tabletop / Cookware & Bakeware / Pots, Pans & Skillets / Frying Pans & Skillets
7364	long twig branch	Faux Plants and Trees	Browse By Brand / Charlton Home
35689	invisiible cabinet lock receiver	Cabinet and Drawer Accessories	Home Improvement / Hardware / Cabinet Hardware / Cabinet & Drawer Hardware / Catch and Latch Cabinet & Drawer Hardware
35244	leaf harvest twig bow	Holiday Accents & Decor	Holiday Décor / Thanksgiving / Thanksgiving Decorations / Thanksgiving Decorative Accents / NA Thanksgiving Decorative Accents
3449	500 series 30 '' induction cooktop with 4 burners	Cooktops	Appliances / Kitchen Appliances / Cooktops / All Cooktops
3036	ayesha home collection porcelain enamel nonstick chef pan with pour spouts , 9.75-inch	Saucepans And Sauciers	Kitchen & Tabletop / Cookware & Bakeware / Pots, Pans & Skillets / Sauce Pans / 2.1 - 4 Quart Sauce Pans
28229	east linear touch hot water dispenser	Kitchen Faucets	Home Improvement / Kitchen Remodel & Kitchen Fixtures / Kitchen Sinks & Faucet Components / Kitchen Faucets / Black Kitchen Faucets
18117	elegance twig branch	Faux Plants and Trees	Browse By Brand / Birch Lane™
22872	sauve floating desk	Desks	Furniture / Office Furniture / Desks / Floating Desks
19214	8 '' w closet system	Closet Storage & Organization	Storage & Organization / Closet Storage & Organization / Closet Systems
31942	tanesha waterproof heavy duty grill cover - fits up to 59 ''	Covers & Carry Bags	Storage & Organization / Garage & Outdoor Storage & Organization / Outdoor Covers / Grill Covers / Gas Grill Grill Covers
14125	femovable automatic feeder		Pet / Dog / Dog Bowls & Feeding Supplies / Pet Bowls & Feeders
35195	tiara twin bookcase headboard	Kids Headboards	Baby & Kids / Toddler & Kids Bedroom Furniture / Kids Headboards
11788	world tarot coffee table	Coffee & Cocktail Tables	Furniture / Living Room Furniture / Coffee Tables & End Tables / Coffee Tables / Rectangle Coffee Tables
17236	gotham steel original copper 20 pieces ceramic non stick cookware set with bakeware	Cookware Sets	Kitchen & Tabletop / Cookware & Bakeware / Cookware Sets / 14 or More Piece Cookware Sets
25488	moccamaster 10-cup kbgt coffee maker	Coffee Makers	Kitchen & Tabletop / Small Kitchen Appliances / Coffee, Espresso, & Tea / Coffee Makers
1935	quon dining hutch	China Cabinets	Furniture / Kitchen & Dining Furniture / Display & China Cabinets
3402	aquilino golden coral floor vase	Vases, Urns, Jars, & Bottles	Décor & Pillows / Home Accessories / Vases, Urns, Jars & Bottles / Floor Vases, Urns, Jars & Bottles
19937	ethan street sign childrens name room sign	Signs & Sign Holders	School Furniture and Supplies / Facilities & Maintenance / Commercial Signage
34158	junior sunflower 37 '' x 37 '' plastic novelty sandbox	Sandboxes & Sand Toys	Outdoor / Outdoor Recreation / Backyard Play / Sandboxes / Plastic Sandboxes
15645	43 '' plastic full podium	Lecterns & Podiums|Hostess Stands	School Furniture and Supplies / School Spaces / Computer Lab Furniture / Podiums & Lecterns
25487	moccamaster 10-cup coffee maker	Coffee Makers	Kitchen & Tabletop / Small Kitchen Appliances / Coffee, Espresso, & Tea / Coffee Makers / Automatic Coffee Makers
41147	2 '' bee novelty knob multipack	Cabinet and Drawer Knobs	Home Improvement / Hardware / Cabinet Hardware / Cabinet & Drawer Knobs / Pewter Cabinet & Drawer Knobs
27631	slim rolling hamper	Hampers & Baskets	Storage & Organization / Bathroom Storage & Organization / Hampers & Laundry Baskets / Laundry Hampers & Laundry Baskets
7134	folding director chair	Lawn and Beach Chairs	Outdoor / Outdoor & Patio Furniture / Outdoor Seating & Patio Chairs / Beach & Lawn Chairs / Director Chair Beach & Lawn Chairs
30656	prairie view industries 16 in . singlefold portable ramp	Ramps	School Furniture and Supplies / Facilities & Maintenance / Ramps / 4 - 6 ft. Ramps
23511	auston upholstered storage bench	Benches	Furniture / Living Room Furniture / Chairs & Seating / Benches / Wooden Benches
13983	single prong wall mounted robe hook	Towel & Robe Hooks	Home Improvement / Bathroom Remodel & Bathroom Fixtures / Towel Storage / Towel & Robe Hooks / White Towel & Robe Hooks
35023	dia multi function fixed shower head	Shower Heads	Home Improvement / Bathroom Remodel & Bathroom Fixtures / Showers & Bathtubs / Showers & Bathtubs Plumbing / Shower Heads / Fixed Shower Heads
3016	ayesha home collection stainless steel frying pan , 8.5-inch	Skillets & Fry Pans	Kitchen & Tabletop / Cookware & Bakeware / Pots, Pans & Skillets / Frying Pans & Skillets / Dishwasher Safe Frying Pans & Skillets
25422	wall mounted magnetic chalkboard	Bulletin Boards, Whiteboards, Chalkboards	Commercial Business Furniture / Boards & Tech Accessories / All Boards
23617	1 qt . kitchen canister	Canisters & Jars	Kitchen & Tabletop / Kitchen Organization / Food Storage & Canisters / Kitchen Canisters & Jars / Plastic Kitchen Canisters & Jars
42054	emerson ashton socket plate		Lighting / Ceiling Fans / All Ceiling Fan Hardware & Accessories
2361	5 lbs . feeder	Chicken Coop Accessories	Pet / Chicken / Chicken Coop Accessories / Feeders & Waterers Chicken Coop Accessories
12349	kas cotton blend geometric room darkening rod pocket drape single curtain panel	Curtains & Drapes	Décor & Pillows / Window Treatments / Curtains & Drapes / 108 Inch Curtains & Drapes
35824	ovente electric hot plate	Burners & Hot Plates	Kitchen & Tabletop / Small Kitchen Appliances / Electric Presses, Grills & Griddles / Hot Plates & Burners
12773	retro 0.88 '' x 0.88 '' porcelain mosaic wall & floor tile	Floor & Wall Tile	Home Improvement / Flooring, Walls & Ceiling / Floor Tiles & Wall Tiles
31232	floral and botanical paint beautiful growth florals - wrapped canvas graphic art print	Wall Art	Décor & Pillows / Art / All Wall Art
16145	4.5 cu . ft. top load agitator washer and 6.2 cu . ft. gas dryer	Washer and Dryer Sets	Appliances / Washers & Dryers / Washer & Dryer Sets / Black Washer & Dryer Sets
29997	jagoda-ewa 27 '' h x 24 '' w x 16 '' d oak pantry cabinet	Cabinetry	Home Improvement / Kitchen Remodel & Kitchen Fixtures / Cabinet Hardware & Cabinetry / Cabinetry / Oak Cabinetry
32082	bella 24 '' single bathroom vanity set	Vanities	Home Improvement / Bathroom Remodel & Bathroom Fixtures / Bathroom Vanities / All Bathroom Vanities / Modern & Contemporary Bathroom Vanities
35894	river stone abstract coffee table	Patio Tables|Coffee & Cocktail Tables	Furniture / Living Room Furniture / Coffee Tables & End Tables / Coffee Tables / Oval Coffee Tables
35898	seat belt rocking chair	Rocking Chairs	Furniture / Living Room Furniture / Chairs & Seating / Rocking Chairs / Metal Rocking Chairs
16042	costiere alfresco 4 drawer chest	Dressers & Chests	Furniture / Bedroom Furniture / Dressers & Chests / Blue Dressers & Chests
14118	astrid nightstand	Nightstands	Furniture / Bedroom Furniture / Nightstands / Black Nightstands
588	secure 48 key cabinet with key lock	Safes	Storage & Organization / Storage Furniture / Safes / Key Safes
19838	portable basketball hoop basketball system 6.6-10ft height adjustment for youth adults led basketball hoop lights , colorful lights , waterproof，super bright to play at night outdoors , good gift for kids		Furniture / Game Tables & Game Room Furniture / Indoor Basketball Games
18744	clydesdale wooden rocking horse	Rocking Horses	Baby & Kids / Toddler & Kids Playroom / Indoor Play / Rocking Horses / Traditonal Rocking Horses
20521	7.5 '' h x 5.25 '' w glass bowl pendant shade ( screw on )	Lighting Shades	Lighting / Light Bulbs & Hardware / Light Shades / Orange Light Shades
12587	gorleen 4 '' h x 96 '' w x 3/4 '' d panel moulding	Molding & Millwork	Home Improvement / Flooring, Walls & Ceiling / Flooring Installation & Accessories / Molding & Millwork / Wall Molding & Millwork
2196	5m 2835rgb led strip lights smart home wifi strip light app control waterproof	Under Cabinet Lighting	Lighting / Wall Lights / Under Cabinet Lighting
34947	snowy owl bookends	Bookends	Décor & Pillows / Home Accessories / Bookends
29071	anastagio 6 - light unique / statement geometric chandelier	Chandeliers	Sale / Closeout / Ceiling Lights / Chandeliers
18860	dupuy upholstered platform bed	Beds	Furniture / Bedroom Furniture / Beds & Headboards / Beds / Twin Beds
41640	broadway lever with collins trim bed and bath lock	Door Levers	Home Improvement / Doors & Door Hardware / Door Hardware & Accessories / Door Levers / Round Door Levers
31538	milton 2 piece folding tv tray table set	TV Trays	Furniture / Living Room Furniture / TV Stands & Media Storage Furniture / TV Trays
30074	rustic leaves 16 piece dinnerware set , service for 4	Dinnerware Sets & Place Settings	Kitchen & Tabletop / Tableware & Drinkware / Dinnerware / Dinnerware Sets / Stoneware Dinnerware Sets
25771	mycuisina non-stick la patisserie mini loaf pan	Bread & Loaf Pans	Kitchen & Tabletop / Cookware & Bakeware / Baking Sheets & Pans / Bread & Loaf Pans / Steel Bread & Loaf Pans
42965	hugh 3-light bath bar	Vanity Lighting	Lighting / Wall Lights / Bathroom Vanity Lighting / Modern & Contemporary Bathroom Vanity Lighting
19970	taylor 5 drawer accent chest	Accent Chests / Cabinets	Furniture / Living Room Furniture / Cabinets & Chests / White Cabinets & Chests
36953	montreuil single curtain rod	Curtain Hardware & Accessories	Décor & Pillows / Window Treatments / Curtain Hardware & Accessories
10101	vero wall mounted robe hook	Towel & Robe Hooks	Home Improvement / Bathroom Remodel & Bathroom Fixtures / Towel Storage / Towel & Robe Hooks / Stainless Steel Towel & Robe Hooks
6015	sorrento chaise lounge	Indoor Chaise Lounges	Furniture / Living Room Furniture / Chairs & Seating / Chaise Lounge Chairs / Cotton Chaise Lounge Chairs
19356	ezra soni slate welt boudoir	Accent Pillows	Décor & Pillows / Decorative Pillows & Blankets / Throw Pillows / Gray & Silver Throw Pillows
27860	excelvan white portable projection screen	Projector Screens	Furniture / Living Room Furniture / TV Stands & Media Storage Furniture / Projection Screens / Tripod Projection Screens
34560	curtain ring	Curtain Hardware & Accessories	Décor & Pillows / Window Treatments / Curtain Hardware & Accessories / Ring Curtain Hardware & Accessories
3045	ayesha home collection stainless steel saucepan , 1 quart		Kitchen & Tabletop / Cookware & Bakeware / Pots, Pans & Skillets / Sauce Pans / 0 - 2 Quart Sauce Pans
29735	peacock storage cube	Boxes, Bins, Baskets, & Buckets	Storage & Organization / Storage Containers & Drawers / All Storage Containers / Boxes & Bins Storage Containers
16224	80 qt . portable wicker trolley ice chest with cutting board bottle opener and cover cooler	Coolers	Outdoor / Outdoor Cooking & Tableware / Outdoor Serving & Tableware / Coolers, Baskets & Tubs / Coolers
4866	carnglass more button high arch notched upholstered headboard	Headboards	Furniture / Bedroom Furniture / Beds & Headboards / Headboards / Upholstered Headboards
42497	24 '' wall mounted towel bar	Towel Bars, Racks, and Stands	Home Improvement / Bathroom Remodel & Bathroom Fixtures / Towel Storage / Towel Bars, Racks, and Stands / Metal Towel Bars, Racks, and Stands
2248	claire 25 gallons rectangle alanrium		Pet / Fish
8932	esmont secretary desk	Desks	Furniture / Office Furniture / Desks / Secretary & Roll Top Desks
6364	flush mount lighting glenmore 1-light 14 '' semi flush mount	Flush Mount Lighting	Lighting / Ceiling Lights / All Ceiling Lights
3159	4-light led 24 '' under cabinet tape light	Under Cabinet Lighting	Lighting / Wall Lights / Under Cabinet Lighting / Tape Under Cabinet Lighting
28781	panel wooden free standing pet gate	Pet Gates	Pet / Dog / Pet Gates, Fences & Doors / Pet Gates / Dog Gates for Stairs Pet Gates
30830	carbon monoxide meter	Smoke & CO Detectors	Home Improvement / Kitchen Remodel & Kitchen Fixtures / Smoke Detectors
931	rooster window shutter wall décor	Wall Décor	Décor & Pillows / Wall Décor / Wall Accents / Beige Wall Accents
41527	serta 7 '' firm innerspring mattress and box spring set	Innerspring Mattresses	Bed & Bath / Mattresses & Foundations / Innerspring Mattresses / Twin XL Innerspring Mattresses
5344	mcmanus shoe wood storage bench	Benches|Shoe Storage	Furniture / Living Room Furniture / Chairs & Seating / Benches
9264	eliana 30 '' bar stool	Bar Stools	"Furniture / Kitchen & Dining Furniture / Bar Furniture / Bar Stools & Counter Stools / All Bar Stools & Counter Stools / Bar (28""-33"") Bar Stools & Counter Stools"
22332	clip on	Table Lamps	Lighting / Table & Floor Lamps / Table Lamps / Red Table Lamps
34404	altair stone concrete propane fire pit table	Outdoor Fireplaces	Outdoor / Outdoor Heating / Fire Pits / Propane Fire Pits
33429	standard double door barn door hardware kit	Barn Door Hardware	Sale / Closeout / Door Hardware & Accessories / Barn Door Hardware
40597	irie champagne gold toothbrush holder	Bath Accessories	Bed & Bath / Bathroom Accessories & Organization / Countertop Bath Accessories / Toothbrush Holder Countertop Bath Accessories
10539	3drose ceramic tile coasters - cute baby green dinosaur scene - set of 4 ( cst_13795_3 )	Coasters & Trivets	Kitchen & Tabletop / Tableware & Drinkware / Barware / Coasters
21490	mckinley solid sheer grommet single curtain panel	Curtains & Drapes	Décor & Pillows / Window Treatments / Curtains & Drapes
10139	trinsic bathroom 24 '' wall mounted towel bar	Towel Bars, Racks, and Stands	Home Improvement / Bathroom Remodel & Bathroom Fixtures / Towel Storage / Towel Bars, Racks, and Stands / Metal Towel Bars, Racks, and Stands
39884	melendez wall clock	Wall Clocks	Décor & Pillows / Clocks / Wall Clocks
36544	ahoy there maritime anchor wall décor	Wall Décor	Décor & Pillows / Wall Décor / Wall Accents / Grey Wall Accents
38746	chicane rocker	Game Chairs	Furniture / Game Tables & Game Room Furniture / Gaming Chairs / Foldable Gaming Chairs
22350	krups electric burr coffee grinder	Coffee Grinders	Kitchen & Tabletop / Small Kitchen Appliances / Coffee, Espresso, & Tea / Coffee Grinders / Burr Coffee Grinders
12469	shin shower curtain hooks	Shower Curtain Hooks and Accessories	Sale / Closeout / Shower Curtains & Accessories / Shower Curtain Hooks
32178	falmouth 8 piece rattan sofa seating group with cushions	Outdoor Conversation Sets	Outdoor / Outdoor & Patio Furniture / Patio Furniture Sets / Patio Conversation Sets
807	mcdougal bee kind latte mug	Mugs & Teacups	Kitchen & Tabletop / Tableware & Drinkware / Drinkware / Mugs & Teacups / Coffee Mugs & Teacups
31617	wilkes star wars yoda u.s. stamp sheet wood picture frame	Picture Frames|Licensed Products	Décor & Pillows / Picture Frames & Albums / All Picture Frames / Single Picture Picture Frames
32045	bp series decorative plate with one hole pull backplate	Cabinet and Drawer Backplates	Home Improvement / Hardware / Cabinet Hardware / Cabinet Backplates
37844	miro 3 drawer tiered a mirrored glass makeup jewelry organizer	Beauty Organizers	Storage & Organization / Storage & Organization Sale
279	hippie bohemian psychedelic peacock polyester tapestry with hanging accessories included	Tapestries and Wall Hangings	Décor & Pillows / Wall Décor / Tapestries
2238	baccarat rooster pitcher	Beverage Servers	Kitchen & Tabletop / Tableware & Drinkware / Serveware / Beverage Servers & Pitchers / Pitchers / Pitcher Pitchers
28045	brilliant 42 '' single bathroom vanity base only	Vanity Bases|Bathroom Storage	"Home Improvement / Bathroom Remodel & Bathroom Fixtures / Bathroom Vanities / Vanity Bases / 41"" - 45"" Vanity Bases"
12026	artificial satellite sheet set	Sheets And Sheet Sets	Bed & Bath / Bedding / Sheets & Pillowcases / Twin XL Sheets & Pillowcases
18489	aurelie throw pillow in light blue	Accent Pillows	Décor & Pillows / Decorative Pillows & Blankets / Throw Pillows / Black Throw Pillows
22160	purist grab bar	Grab Bars	Home Improvement / Bathroom Remodel & Bathroom Fixtures / Bathroom Hardware / Grab Bars / Stainless Steel  Grab Bars
36582	the kristopher goddess eset pedestal plant stand	Plant & Telephone Tables	Furniture / Living Room Furniture / Coffee Tables & End Tables / Plant Stands & Tables / Round Plant Stands & Tables
17580	stackable bed riser	Bed Accessories	Browse By Brand / Wayfair Basics®
15812	mini bulletin board academic calendar	Classroom Decorations	School Furniture and Supplies / Classroom Décor / Classroom Decorations
941	matelles basket garden terracotta pot planter	Planters	Outdoor / Garden / Planters / Terracotta Planters
37083	wire partition additions three-pocket organizer	Partition & Panel Hardware Accessories	Partition & Panel Hardware Accessories
28828	kitchen canister	Canisters & Jars	Kitchen & Tabletop / Kitchen Organization / Food Storage & Canisters / Kitchen Canisters & Jars / Metal Kitchen Canisters & Jars
22972	southampton 3 piece pub table set	Dining Table Sets	Furniture / Kitchen & Dining Furniture / Dining Tables & Seating / Kitchen & Dining Room Sets / 3 Piece Kitchen & Dining Room Sets
22632	manor 4 ft. w x 6 ft. d plastic vertical storage shed	Sheds	Storage & Organization / Garage & Outdoor Storage & Organization / Sheds / Storage Sheds
26357	100 % melamine crackle 8.5 '' salad plate	Plates & Saucers	Kitchen & Tabletop / Tableware & Drinkware / Dinnerware / Plates / Orange Plates
26250	large kids baby ball pit safety gate	Safety Gates	Baby & Kids / Nursery Furniture / Baby Gates / Freestanding Baby Gates
28012	twig and birch wood pine cone wreath	Wreaths	Décor & Pillows / Flowers & Plants / Wreaths / Christmas Wreaths
30811	galvanized steel potting bench	Potting Benches & Tables	Outdoor / Garden / Potting Tables / Steel Potting Tables
18174	hamilton beach 4 qt . programmable slow cooker	Slow Cookers	Kitchen & Tabletop / Small Kitchen Appliances / Pressure & Slow Cookers / Slow Cookers / Slow Slow Cookers
12693	yardmaster2 white 135 '' diagonal portable projection screen	Projector Screens	Furniture / Living Room Furniture / Living Room Furniture Sale
21283	luxury sleep story eucalyptus tencil fitted mattress protector	Mattress Covers and Protectors	Bed & Bath / Bedding Essentials / Mattress Covers & Protectors / Queen Mattress Covers & Protectors
31989	garage storage	Tool Holders	Storage & Organization / Garage & Outdoor Storage & Organization / Tool Storage / Tool Holders
30694	double roof bird starter kit	Bird Cages	Pet / Bird / All Bird Cages / Canary Bird Cages
12695	quickstand white portable floor recessed projector screen	Projector Screens	Furniture / Living Room Furniture / TV Stands & Media Storage Furniture / Projection Screens / Floor Recessed Projection Screens
20309	callan lexington single dummy door lever	Door Levers	Home Improvement / Doors & Door Hardware / Door Hardware & Accessories / Door Levers / Scroll Door Levers
11825	dining room kitchen tablecloth	Dining Linens	Kitchen & Tabletop / Tableware & Drinkware / Table & Kitchen Linens / All Table Linens / Tablecloth Table Linens
16665	blandford natural coffee table	Coffee & Cocktail Tables	Furniture / Living Room Furniture / Coffee Tables & End Tables / Coffee Tables / Triangle Coffee Tables
10704	two bees framed painting print on gallery wrapped canvas	Wall Art	Décor & Pillows / Art / All Wall Art / Pink Wall Art
31090	brilliance 10 container food storage set	Food Storage & Dispensers	Kitchen & Tabletop / Kitchen Organization / Food Storage & Canisters / Food Storage Containers
10524	3drose bumble bee inspi polka dots in and art potholder	Potholders	Kitchen & Tabletop / Tableware & Drinkware / Table & Kitchen Linens / Kitchen Linens / Potholders & Oven Mitts / Cotton Potholders & Oven Mitts
28577	chico rocking chair with cushions	Patio Rockers & Gliders	Outdoor / Outdoor & Patio Furniture / Outdoor Seating & Patio Chairs / Patio Seating / Patio Rocking Chairs & Gliders
24861	skynature outdoor waterproof 18 '' wall clock	Wall Clocks	Décor & Pillows / Clocks / Wall Clocks / Maritime & Weather Station Wall Clocks
33352	ahedo camper 2 piece 100 % cotton hand towel set	Bath Towels	Bed & Bath / Bath Rugs & Towels / Bath Towels
26441	nested 2 piece tray set	Serving Dishes & Platters	Kitchen & Tabletop / Tableware & Drinkware / Serveware / Serving Trays & Boards / Serving Trays & Platters / Trays Serving Trays & Platters
38294	rosenbalm side chair	Teen Desk Chairs|Office Chairs	Furniture / Office Furniture / Office Chairs / Side Office Chairs
22760	downes comfort non-bunching cushioning rug pad ( 0.25 '' )	Rug Pads	Rugs / Rug Pads / 10' x 14' Rug Pads
32254	rove flex dumbbell sports 78 oz water bottle	Water Bottles, Travel Mugs & Tumblers	Kitchen & Tabletop / Tableware & Drinkware / Drinkware / Water Bottles
618	star wars r2d2 and c3po cardboard standup	Life Size Cutouts|Licensed Products	Furniture / Game Tables & Game Room Furniture / Sports Team Fan Shop & Memorabillia / Life Size Cutouts
35526	5 piece patio home bar	Patio Bar Sets	Outdoor / Outdoor & Patio Furniture / Patio Bar Furniture / Patio Bars & Sets / Home Patio Bars & Sets
13899	ziggy airtight food storage 3 piece kitchen canister set	Canisters & Jars	Kitchen & Tabletop / Kitchen Organization / Food Storage & Canisters / Kitchen Canisters & Jars / Plastic Kitchen Canisters & Jars
12697	yardmaster2 gray portable folding frame projector screen	Projector Screens	Furniture / Living Room Furniture / TV Stands & Media Storage Furniture / Projection Screens / Folding Frame Projection Screens
9018	100 qt . portable refrigerator cooler		Outdoor / Outdoor Cooking & Tableware / Outdoor Serving & Tableware / Coolers, Baskets & Tubs / Coolers / Picnic Coolers
17389	cramerton 100 % cotton baby sleeping bag	Baby Blankets	Baby & Kids / Nursery Bedding / Baby Blankets & Quilts / Wearable Baby Blankets & Quilts
31537	60 '' millersport 5 - blade standard ceiling fan	Ceiling Fans	Lighting / Ceiling Fans / All Ceiling Fans / Black Blades Ceiling Fans
41837	antoinette chaise lounge	Indoor Chaise Lounges	Furniture / Living Room Furniture / Chairs & Seating / Chaise Lounge Chairs / Linen Chaise Lounge Chairs
29689	dorantes patio rocking chair	Patio Rockers & Gliders	Outdoor / Outdoor & Patio Furniture / Outdoor Seating & Patio Chairs / Patio Seating / Patio Rocking Chairs & Gliders / Metal Patio Rocking Chairs & Gliders
31781	22.75 '' w x 62.25 '' h x 8 '' d over the toilet storage	Bathroom Storage	Storage & Organization / Bathroom Storage & Organization / Bathroom Cabinets & Shelving / Over The Toilet Bathroom Cabinets & Shelving
7634	bowie coffee table with storage	Coffee & Cocktail Tables	Storage & Organization / Storage Furniture / Storage Trunks
14492	bubble chair stand	Hammock Stands and Accessories	Outdoor / Outdoor & Patio Furniture / Outdoor Seating & Patio Chairs / Hammock Stands & Accessories
38423	small pouf	Patio Ottomans	Outdoor / Outdoor & Patio Furniture / Outdoor Seating & Patio Chairs / Patio Seating / Patio Ottomans / Round Patio Ottomans
3233	bayou classic® 7476 - loaf pan	Bread & Loaf Pans	Kitchen & Tabletop / Cookware & Bakeware / Baking Sheets & Pans / Bread & Loaf Pans / Cast Iron Bread & Loaf Pans
12200	ambesonne zodiac sagittarius decorative throw pillow case pack of 2 , starry night with constellation silhouette of a centaur , couch bedroom living room cushion cover , 24 '' , pale yellow dark blue	Accent Pillows	Décor & Pillows / Decorative Pillows & Blankets / Throw Pillows / Blue Throw Pillows
266	savonnerie oriental hand-knotted wool plum area rug	Area Rugs	Rugs / Area Rugs / 12' x 15' Area Rugs
1638	amercook silicone rectangular baking loaf pan	Baking Dishes	Kitchen & Tabletop / Cookware & Bakeware / Baking Sheets & Pans / Baking Dishes / Silicone Baking Dishes
8265	adeline 46 '' buffet lamp	Table Lamps	Lighting / Table & Floor Lamps / Table Lamps / Black Table Lamps
24692	aoosaf multi-tiered plant stand	Plant & Telephone Tables	Furniture / Living Room Furniture / Coffee Tables & End Tables / Plant Stands & Tables / Triangular Plant Stands & Tables
12189	barack ( 1961- ) by pete souza - print	Wall Art	Décor & Pillows / Art / All Wall Art / Green Wall Art
16779	orb peacock glass solar lighted birdbath	Bird Baths	Outdoor / Garden / Outdoor Animal Care / Wild Bird Care / Bird Baths
11072	chef craft 8 piece stainless steel mixing bowl set	Mixing Bowls	Kitchen & Tabletop / Kitchen Utensils & Tools / Baking & Mixing Tools / Mixing Bowls / Stainless Steel Mixing Bowls
15450	home office writing desk	Teen Desks	Baby & Kids / Teen Bedroom Furniture / Teen Desks
6622	disney minnie wood toddler platform bed	Licensed Products|Kids Beds	Baby & Kids / Toddler & Kids Bedroom Furniture / Kids Beds / Boy+ Kids Beds
23550	simms 15 oz . single canister masonware sugar dispenser	Creamers & Sugar Bowls	Kitchen & Tabletop / Tableware & Drinkware / Serveware / Condiment & Snack Serveware / Sugar Bowls & Creamers
11165	bakersfield vinyl arbor	Arbors	Outdoor / Garden / Arbors / Vinyl Arbors
38758	adder standard bookcase	Bookcases	Furniture / Living Room Furniture / Bookcases / 5 Shelf Bookcases
4084	berghoff international gem non-stick covered stock pot	Stock Pots, Soup Pots and Multi-Pots	Kitchen & Tabletop / Cookware & Bakeware / Pots, Pans & Skillets / Stock, Soup & Multi-Pots / Aluminum Stock, Soup & Multi-Pots
26959	kiara 76 '' long reclining single chaise	Patio Chaise Lounges	Outdoor / Outdoor & Patio Furniture / Outdoor Seating & Patio Chairs / Outdoor Chaise & Lounge Chairs / Mobile Outdoor Chaise & Lounge Chairs
21880	javed roll about kitchen cart with wood top	Kitchen Islands	Furniture / Kitchen & Dining Furniture / Kitchen Islands & Carts
27627	lightweight hamper		Storage & Organization / Bathroom Storage & Organization / Hampers & Laundry Baskets / Laundry Bags Hampers & Laundry Baskets
29033	paneled manufactured wood and metal sliding closet doors	Interior Doors	Sale / Closeout / Interior Doors / Sliding Interior Doors
41380	3 level tapered riser backrail	Stage Accessories	Stages, Risers and Accessories
8170	precious peacock rain & lime scented pillar candle	Candles	Décor & Pillows / Candles & Holders / Candles / Pillar Candles
25274	edison micro fridge combo unit	Microfridge Combo Units	Accommodations / Accommodations Furniture / Accommodations Cabinets & Storage / Microfridge Cabinets
20320	callan deadbolt single cylinder deadbolt	Deadbolts	Home Improvement / Doors & Door Hardware / Door Hardware & Accessories / Deadbolts / Single Cylinder Deadbolts
28994	carbon monoxide and explosive gas alarm		Home Improvement / Kitchen Remodel & Kitchen Fixtures / Smoke Detectors
20319	callan lexington passage door lever	Door Levers	Home Improvement / Doors & Door Hardware / Door Hardware & Accessories / Door Levers / Scroll Door Levers
42396	richards 76.5 '' futon frame	Futon Frames	Furniture / Living Room Furniture / Futons & Daybeds / Futon Frames
10934	signature series 5.2 cu . ft. refrigerator	Compact & Mini Fridges	Appliances / Kitchen Appliances / Refrigerators & Freezers / Mini Fridges
25902	twig garland		Décor & Pillows / Flowers & Plants / Garlands & Swag
21311	eley pineapple top-fill hummingbird feeder	Bird Feeders	Outdoor / Garden / Outdoor Animal Care / Wild Bird Care / Bird Feeders
9514	bird with sunflower 16 oz travel tumbler	Water Bottles, Travel Mugs & Tumblers	Kitchen & Tabletop / Tableware & Drinkware / Drinkware / Travel Mugs & Tumblers
14139	hazelip freestanding sports rack	Bike And Sport Racks	Storage & Organization / Garage & Outdoor Storage & Organization / Bike & Sport Racks
6569	apartment size 21 '' top freezer 7 cu . ft. refrigerator	Refrigerators	Appliances / Kitchen Appliances / Refrigerators & Freezers / All Refrigerators / Top Freezer Refrigerators
16278	48 '' free-standing single bathroom vanity base only	Vanity Bases	"Home Improvement / Bathroom Remodel & Bathroom Fixtures / Bathroom Vanities / Vanity Bases / 46""- 50"" Vanity Bases"
42158	dolmen leather arm chair	Dining Chairs	Furniture / Kitchen & Dining Furniture / Dining Tables & Seating / Kitchen & Dining Chairs / Armed Kitchen & Dining Chairs
36490	assent 78 '' kitchen pantry	Pantry Cabinets	Kitchen & Tabletop / Kitchen Organization / Food Pantries
10954	gas range and gas furnace	Large Appliance Accessories	Appliances / Kitchen Appliances / Large Appliance Parts & Accessories
31606	home theater sofa	Home Theater Seating	Furniture / Game Tables & Game Room Furniture / Theater Seating
2478	mifflinville solid wood coffee table	Coffee & Cocktail Tables	Furniture / Living Room Furniture / Coffee Tables & End Tables / Coffee Tables / Free Form Coffee Tables
10035	36 '' square yes folding table	Folding Tables|Poker & Casino Tables	School Furniture and Supplies / School Furniture / School Tables / Folding Tables / Metal Folding Tables
7699	classic rolled rim stone pot planter	Planters	Outdoor / Garden / Planters / Stone Planters
25374	roses mixed floral arrangement in vase	Faux Florals	Décor & Pillows / Flowers & Plants / Faux Flowers / Hydrangea Faux Flowers
34545	24 '' w leather seat waiting room chair with metal frame		Commercial Business Furniture / Commercial Office Furniture / Office Seating / Waiting Room Chairs / Metal Waiting Room Chairs
36105	natascha solid wood 30 '' bar stool	Bar Stools	"Furniture / Kitchen & Dining Furniture / Bar Furniture / Bar Stools & Counter Stools / All Bar Stools & Counter Stools / Bar (28""-33"") Bar Stools & Counter Stools"
6702	harriet bee piper 4-in-1 convertible mini crib	Cribs	Baby & Kids / Nursery Furniture / Cribs
31422	turcios tufted upholstered standard bed	Beds	Furniture / Bedroom Furniture / Beds & Headboards / Beds / Twin Beds
14597	statler solid wood dining table	Patio Tables	Outdoor / Outdoor & Patio Furniture / Outdoor Tables / All Patio Tables
42854	london 3 3/4 '' center to center bar pull	Cabinet and Drawer Pulls	Home Improvement / Hardware / Cabinet Hardware / Cabinet & Drawer Pulls / Black Cabinet & Drawer Pulls
21146	bouirou 42 '' wide tufted papasan chair	Accent Chairs	Furniture / Living Room Furniture / Chairs & Seating / Accent Chairs / Papasan Accent Chairs
7711	geo glass fiber reinforced concrete fountain	Fountains	Outdoor / Outdoor Décor / Outdoor Fountains
26404	fiji 12 ft. w x 12 ft. d vinyl pergola	Pergolas	Outdoor / Outdoor Shades / Pergolas / Vinyl Pergolas
9321	salas floral room darkening rod pocket single curtain panel	Curtains & Drapes	Décor & Pillows / Window Treatments / Curtains & Drapes / 84 Inch Curtains & Drapes
5730	bridgeton geometric hand hooked teal/dark brown indoor / outdoor area rug	Area Rugs	Rugs / Area Rugs / 7' & 8' Area Rugs
19613	18 '' bathroom vanity base only	Vanity Bases	"Home Improvement / Bathroom Remodel & Bathroom Fixtures / Bathroom Vanities / Vanity Bases / Under 20"" Vanity Bases"
22647	48 '' professional 900cfm ducted island range hood	Range Hoods	Appliances / Kitchen Appliances / Range Hoods / All Range Hoods / Island Range Hoods
39194	wayfair basics curtain holdback	Curtain Hardware & Accessories	Décor & Pillows / Window Treatments / Curtain Hardware & Accessories / Tie Back Curtain Hardware & Accessories
12134	heather dutton island breeze living floral room darkening rod pocket single curtain panel	Curtains & Drapes	Décor & Pillows / Window Treatments / Curtains & Drapes / 90 Inch Curtains & Drapes
14301	resin wicker two tier platter - anchor	Serving Dishes & Platters	Kitchen & Tabletop / Tableware & Drinkware / Serveware / Condiment & Snack Serveware / Serving Dishes / Divided Serving Dishes
37578	indoor/outdoor dining chair cushion and pillow set	Furniture Cushions	Outdoor / Outdoor Décor / Outdoor Pillows & Cushions / Patio Furniture Cushions / Lounge Chair Patio Furniture Cushions
41015	private bar street wall décor	Wall Décor	Décor & Pillows / Wall Décor / Wall Accents / Black Wall Accents
19300	av cart with cabinet	Carts & Stands	Commercial Business Furniture / Commercial Office Furniture / Office Storage & Filing / Office Carts & Stands / All Carts & Stands / Av Carts & Stands
30597	single reclining japanese chair lazy sofa	Game Chairs	Furniture / Game Tables & Game Room Furniture / Gaming Chairs
10172	trinsic wall mounted trim	Tub Faucets	Home Improvement / Bathroom Remodel & Bathroom Fixtures / Showers & Bathtubs / Showers & Bathtubs Plumbing / Bathtub Faucets
38103	vitaclay slow rice cooker	Rice Cookers and Food Steamers	Kitchen & Tabletop / Small Kitchen Appliances / Pressure & Slow Cookers / Rice Cookers & Food Steamers
36911	metal detector	Commercial Floor Care	School Furniture and Supplies / Facilities & Maintenance / Commercial Floor Care
32706	dirt bike dot night light	Night Lights	Lighting / Wall Lights / Night Lights / Modern & Contemporary Night Lights
14134	tacconi border hand-tufted wool magenta/pink area rug	Area Rugs	Rugs / Area Rugs / 3' & 4' Area Rugs
36263	baynham outdoor wall lantern	Outdoor Wall Lights	Lighting / Outdoor Lighting / Outdoor Wall Lighting
23725	landon 3-light 81 '' h hardwired lamp post ( full )	Post Lanterns	Lighting / Outdoor Lighting / Post Lights
26470	5 piece picnic wine holder set	Bar & Wine Tools	Kitchen & Tabletop / Tableware & Drinkware / Barware / Bar & Wine Tools / All Bar & Wine Tools
9265	brougham 33.54 '' wide wingback chair and ottoman	Accent Chairs	Furniture / Living Room Furniture / Chairs & Seating / Accent Chairs / Wingback Accent Chairs
29665	schema trigono stool	Accent Stools	Furniture / Living Room Furniture / Chairs & Seating / Accent Stools / Metal Accent Stools
36018	tree coir non-slip outdoor door mat	Doormats	Rugs / Doormats
26625	oversized flower novelty knob multipack	Cabinet and Drawer Knobs	Home Improvement / Hardware / Cabinet Hardware / Cabinet & Drawer Knobs / Beige Cabinet & Drawer Knobs
9624	military challenge coin cabinet rack holder display case	Display Cases	Display Cases
11384	lewiston 30 '' single bathroom vanity set	Vanities	Home Improvement / Bathroom Remodel & Bathroom Fixtures / Bathroom Vanities / All Bathroom Vanities / Coastal Bathroom Vanities
34195	hotwells standard bookcase	Bookcases	Furniture / Living Room Furniture / Bookcases
34130	paneled wood primed knotty barn door with installation hardware kit	Interior Doors	Home Improvement / Doors & Door Hardware / Interior Doors / Barn Interior Doors
38748	vintner 126 bottle floor wine bottle rack	Wine Racks	Kitchen & Tabletop / Tableware & Drinkware / Barware / Wine Racks / Bottle Wine Racks
34432	winterbourne down dirt bike motorcycle weathervane	Cupolas & Weathervanes	Outdoor / Outdoor Décor / Weathervanes & Cupolas
7469	peacock feather	Art Room Supplies	School Furniture and Supplies / School Spaces / Art Room Furniture / Art Room Supplies
10749	hofmeister kitchen island set	Kitchen Islands	Furniture / Kitchen & Dining Furniture / Kitchen Islands & Carts / Seating Kitchen Islands & Carts
24054	48 '' w adjustable height butcher block top workbench	Workbenches	Storage & Organization / Garage & Outdoor Storage & Organization / Workbenches / Wood Workbenches
20992	vintage floral body pillow case	Bedding Accessories	Bed & Bath / Bedding Essentials / Pillow Protectors / Pillow Protectors Pillow Protectors
36608	the abbey gothic revival 19 '' wide side chair	Accent Chairs	Furniture / Living Room Furniture / Chairs & Seating / Accent Chairs / Side Accent Chairs
35284	christmas light tree	Holiday Lighting	Holiday Décor / Holiday Lighting / Christmas Holiday Lighting
6054	ergonomic ball chair	Office Stools	Furniture / Office Furniture / Office Stools / Casters Office Stools
25067	kendleshire 37 '' wide leather match club chair	Accent Chairs	Furniture / Living Room Furniture / Chairs & Seating / Accent Chairs / Club Accent Chairs
33969	1 1/2 '' diameter round knob	Cabinet and Drawer Knobs	Home Improvement / Hardware / Cabinet Hardware / Cabinet & Drawer Knobs / Clear Cabinet & Drawer Knobs
34241	kailey 29 '' wide top grain leather barrel chair		Furniture / Living Room Furniture / Chairs & Seating / Accent Chairs / Barrel Accent Chairs
2778	themes sun kissed sunflowers toilet seat sticker	Toilet Seat Decals	Bed & Bath / Bathroom Accessories & Organization / Toilet Seat Decals
40909	java outdoor storage 97 gallon resin cabinet	Deck Boxes	Storage & Organization / Garage & Outdoor Storage & Organization / Deck Boxes & Patio Storage
29280	mandela pedestal plant stand	Plant & Telephone Tables	Furniture / Living Room Furniture / Coffee Tables & End Tables / Plant Stands & Tables / Square Plant Stands & Tables
35245	christmas metal tree	Holiday Accents & Decor	Holiday Décor / Christmas / Christmas Decorations / Christmas Tabletop Trees / Tabletop Trees Christmas Tabletop Trees
6611	dryden 18 '' wall mounted towel bar	Towel Bars, Racks, and Stands	Home Improvement / Bathroom Remodel & Bathroom Fixtures / Towel Storage / Towel Bars, Racks, and Stands
21279	barn owl doorstop	Door Stops	Home Improvement / Doors & Door Hardware / Door Hardware & Accessories / Door Stops
17523	60 '' single vanity bathroom vanity base only	Vanity Bases	"Home Improvement / Bathroom Remodel & Bathroom Fixtures / Bathroom Vanities / Vanity Bases / 56"" - 60"" Vanity Bases"
12380	power home theater recliner individual seating		Furniture / Game Tables & Game Room Furniture / Theater Seating
7769	hizer glass credenza desk	Desks	Furniture / Office Furniture / Desks / Credenza Desks
42009	18 pair overdoor shoe organizer	Shoe Storage	Storage & Organization / Shoe Storage / All Shoe Storage / Over the Door Shoe Storage
909	nyla gnome reading book statue	Garden Statues	Outdoor / Outdoor Décor / Statues & Sculptures / Gnome Statues & Sculptures
35986	led puck lights ( set of 3 )	Under Cabinet Lighting	Lighting / Wall Lights / Under Cabinet Lighting / Puck Under Cabinet Lighting
40670	tewkesbury shelving rack	Cabinet Organization	Kitchen & Tabletop / Kitchen Organization / Cabinet & Pantry Organization / All Cabinet Organization / Kitchen Shelving Cabinet Organization
32767	island estate veranda stone/concrete dining table	Patio Tables	Outdoor / Outdoor & Patio Furniture / Outdoor Tables / All Patio Tables / Six Person Patio Tables
16866	jamya dining table	Dining Tables	Furniture / Kitchen & Dining Furniture / Dining Tables & Seating / Kitchen & Dining Tables
36665	being one with the honey zen bear statue	Garden Statues	Outdoor / Outdoor Décor / Statues & Sculptures / Animal Statues & Sculptures
5228	bridesdale decorative cotton lumbar pillow	Accent Pillows	Décor & Pillows / Decorative Pillows & Blankets / Throw Pillows / Green Throw Pillows
29795	stainless steel cabinet 3 1/2 '' center to center finger pull	Cabinet and Drawer Pulls	Home Improvement / Hardware / Cabinet Hardware / Cabinet & Drawer Pulls / Stainless Steel Cabinet & Drawer Pulls
13817	infused memory foam bath rug	Bath Rugs & Mats	Bath Rugs & Mats
12385	1500 thread count 14 '' bed skirt	Bed Skirts	Bed & Bath / Bedding Essentials / Bed Skirts / Red Bed Skirts
5942	47.2 '' w x 17.3 '' d iron arbor	Arbors	Outdoor / Garden / Arbors / Iron Arbors
23367	seaside cottage 3 '' center to center bar pull	Cabinet and Drawer Pulls	Home Improvement / Hardware / Cabinet Hardware / Cabinet & Drawer Pulls / Pewter Cabinet & Drawer Pulls
25979	wimbley birch 1/2 '' thick x 5 '' wide x varying length engineered hardwood flooring	Hardwood Flooring	Home Improvement / Flooring, Walls & Ceiling / Flooring / Hardwood Flooring
17307	47 bottle built-in beverage refrigerator	Beverage Refrigerators & Coolers|Wine Refrigerators	Kitchen & Tabletop / Small Kitchen Appliances / Beverage Coolers & Appliances / Wine Refrigerators / Medium Wine Refrigerators
27495	1-up hard cover pet brag album	Picture & Memory Albums	Décor & Pillows / Picture Frames & Albums / Photo Albums
15936	zeller sunflower cast iron napkin holder	Napkin Holders & Paper Towel Holders	Kitchen & Tabletop / Kitchen Organization / Countertop & Sink Organization / Paper Towel & Napkin Holders
19083	96 '' hfc 6 - blade standard ceiling fan	Ceiling Fans	Lighting / Ceiling Fans / All Ceiling Fans / Silver & Pewter Blades Ceiling Fans
5493	6 pair boot hanger	Shoe Storage	Storage & Organization / Shoe Storage / All Shoe Storage / Boot Shoe Storage
4728	2 '' x 2 '' metal mosaic tile	Floor & Wall Tile	Home Improvement / Flooring, Walls & Ceiling / Floor Tiles & Wall Tiles / Metal Floor Tiles & Wall Tiles
11455	disney princess kids pillowcase standard size - 20 '' x 30 '' [ 1 piece pillowcase only ]	Standard Bed Pillows|Licensed Products	Bed & Bath / Bedding Essentials / Bed Pillows / Polyester Bed Pillows
37982	viking professional 8 inch bread knife	Open Stock Knives and Kitchen Scissors	Kitchen & Tabletop / Kitchen Utensils & Tools / Knives & Accessories / Individual Knives / Bread & Serrated Knife Individual Knives
23119	straight rectangular chair mat	Chairmats	Furniture / Office Furniture / Chair Mats / Low Pile Carpet Chair Mats
40279	edgewood 3 - piece counter height rubberwood solid wood breakfast dining set	Dining Table Sets	Furniture / Kitchen & Dining Furniture / Dining Tables & Seating / Kitchen and Dining Sets
20644	short 48 '' 2 piece hardwood canadian maple pool cue - billiard stick maple 18 - 19 oz	Game Table Accessories	Furniture / Game Tables & Game Room Furniture / Game Parts & Accessories / All Game Parts & Accessories
7076	sierrus™ 9 '' melamine salad plate	Plates & Saucers	Kitchen & Tabletop / Tableware & Drinkware / Dinnerware / Plates / Cream Plates
30630	peacock garden 16 piece dinnerware set , service for 4	Dinnerware Sets & Place Settings	Kitchen & Tabletop / Tableware & Drinkware / Dinnerware / Dinnerware Sets / Porcelain Dinnerware Sets
33139	waldrop 111 '' wide right hand facing sofa & chaise	Sectionals	Sale / Closeout / Sectionals / Stationary Sectionals
21467	kitchenaid 4-burner built-in propane gas grill	Gas Grills	Outdoor / Outdoor Cooking & Tableware / Grills & Outdoor Cooking / Gas Grills / Propane Gas Grills
31309	hahira portable outdoor playpen with door	Cat Cages & Playpens	Pet / Cat / Cat Cages & Playpens
10221	pivotal multi function fixed shower head	Shower Heads	Home Improvement / Bathroom Remodel & Bathroom Fixtures / Showers & Bathtubs / Showers & Bathtubs Plumbing / Shower Heads
9985	biometric lock safe	Safes	Storage & Organization / Storage Furniture / Safes / Biometric Safes
33942	eyesaver double handle widespread eyewash faucet	Eye Wash Stations	School Furniture and Supplies / School Spaces / Science Lab Furniture / Eye Wash Stations
18705	10 '' medium mattress	Foam and Latex Mattresses	Bed & Bath / Mattresses & Foundations / All Mattresses
38638	clip	Track Lighting Tracks, Rails & Connectors	Lighting / Ceiling Lights / Track Lighting / Tracks, Rails & Accessories
1663	heavy duty anti skid backing turf	Turf Flooring	Outdoor / Outdoor Fencing & Flooring / Turf
37030	open sign	Signs & Sign Holders	School Furniture and Supplies / Facilities & Maintenance / Commercial Signage / Free Standing Commercial Signage
10431	dirt bike graphic image and dirt lover text polyester 18 x 12 in . house flag	Flags	Outdoor / Front Door Décor & Curb Appeal / Flags / Garden Flags
9602	dirt devil bd830015 quick flip 12v cordless bagless handheld vacuum	Vacuums & Steamers	Appliances / Vacuums & Deep Cleaners / All Vacuums / Handheld Vacuums
28347	bubbles baby rocker	Rocking Horses	Baby & Kids / Toddler & Kids Playroom / Indoor Play / Rocking Horses / Traditonal Rocking Horses
13242	euro cuisine handheld milk frother	Milk Frothers	Kitchen & Tabletop / Small Kitchen Appliances / Coffee, Espresso, & Tea / Milk Frothers
34735	dinosaur standup	Life Size Cutouts	Furniture / Game Tables & Game Room Furniture / Sports Team Fan Shop & Memorabillia / Life Size Cutouts / Dinosaurs Life Size Cutouts
33816	12 '' x 24 '' wood mosaic tile	Floor & Wall Tile	Home Improvement / Flooring, Walls & Ceiling / Floor Tiles & Wall Tiles / Wood Floor Tiles & Wall Tiles
10859	bohemian gray/beige stair tread	Stair Treads	Rugs / Stair Tread Rugs
36441	rust proof shower hook	Shower Curtain Rods	Shower Curtain Rods
20746	10 ft outdoor patio umbrella solar powered led lighted sun shade market waterproof 8 ribs umbrella with crank and cross base for garden deck backyard pool shade outside deck swimming pool -tan		Outdoor / Outdoor Shades / Outdoor Umbrellas / Patio Umbrellas
20523	6.5 '' h x 6 '' w glass bowl pendant shade ( screw on ) in green	Lighting Shades	Lighting / Light Bulbs & Hardware / Light Shades / Green Light Shades
34152	all around playtime patio	Playhouses & Play Tents	Baby & Kids / Toddler & Kids Playroom / Indoor Play / Kids' Playhouses
4209	av cart with security cabinet	Carts & Stands	Commercial Business Furniture / Commercial Office Furniture / Office Storage & Filing / Office Carts & Stands / All Carts & Stands / Av Carts & Stands
33768	oriental sculpture herringbone 1 '' x 3 '' marble mosaic tile in beige	Floor & Wall Tile	Home Improvement / Flooring, Walls & Ceiling / Floor Tiles & Wall Tiles / Marble Floor Tiles & Wall Tiles
34620	tayama induction cooker with cooking pot	Burners & Hot Plates	Kitchen & Tabletop / Small Kitchen Appliances / Electric Presses, Grills & Griddles / Hot Plates & Burners / One Hot Plates & Burners
37463	usa pan non-stick loaf pan	Bread & Loaf Pans	Kitchen & Tabletop / Cookware & Bakeware / Baking Sheets & Pans / Bread & Loaf Pans / Stoneware Bread & Loaf Pans
30025	cartridge replacement kit for moen m2	Valves	Home Improvement / Bathroom Remodel & Bathroom Fixtures / Showers & Bathtubs / Showers & Bathtubs Plumbing / Valves / Kitchen Valves
21556	peva single shower curtain liner	Shower Curtains	Bed & Bath / Shower Curtains & Accessories / Shower Curtains & Shower Liners / White Shower Curtains & Shower Liners
3042	ayesha curry 11 '' non stick grill pan	Grill Pans & Griddles	Kitchen & Tabletop / Cookware & Bakeware / Pots, Pans & Skillets / Grill & Griddle Pans
3945	berndes kitchen tools large ladle	Cooking Utensils	Kitchen & Tabletop / Kitchen Utensils & Tools / Cooking Utensils / All Cooking Utensils / Ladles Cooking Utensils
16450	huron 4 3/8 '' h x 48 '' w x 0.5 '' d crown molding	Molding & Millwork	Home Improvement / Flooring, Walls & Ceiling / Flooring Installation & Accessories / Molding & Millwork / Ceiling Molding & Millwork
40236	hudson 4 '' x 12 '' ceramic subway tile	Floor & Wall Tile	Home Improvement / Flooring, Walls & Ceiling / Floor Tiles & Wall Tiles / Ceramic Floor Tiles & Wall Tiles
7006	catereco stars cake knife	Knife Sets	Kitchen & Tabletop / Kitchen Utensils & Tools / Knives & Accessories / Knife Sets
18059	seven seas 66 '' solid wood console table	Sofa & Console Tables	Furniture / Living Room Furniture / Console Tables / Red Console Tables
26836	saxon macrame chair hammock	Hammocks	Outdoor / Outdoor & Patio Furniture / Outdoor Seating & Patio Chairs / Hammocks
3962	maximize 16 pair stackable shoe storage cabinet	Shoe Storage	Storage & Organization / Shoe Storage / All Shoe Storage / Cabinet Shoe Storage
37226	step bathroom accessories soap dispenser	Bath Accessories	Bed & Bath / Bathroom Accessories & Organization / Countertop Bath Accessories / Soap Dispenser Countertop Bath Accessories
12477	wooden puzzle table	Chess, Checkers, and Backgammon	Furniture / Game Tables & Game Room Furniture / Classic Game Tables
42176	hennen baby crib comforter	Crib Bedding Accessories	Baby & Kids / Nursery Bedding / Crib Skirts & Accessories
9594	serenity 24 '' w teak shower bench	Shower Benches	Home Improvement / Bathroom Remodel & Bathroom Fixtures / Showers & Bathtubs / Shower Benches
21660	wooden coat hook	Coat Racks and Hooks	Contractor / Entry & Hallway / Coat Racks & Umbrella Stands / Wall Mounted Coat Racks & Umbrella Stands
35847	edwardian 1 5/16 '' diameter mushroom knob	Cabinet and Drawer Knobs	Home Improvement / Hardware / Cabinet Hardware / Cabinet & Drawer Knobs / Chrome Cabinet & Drawer Knobs
33931	kaleva 9 '' melamine salad plate	Plates & Saucers	Kitchen & Tabletop / Tableware & Drinkware / Dinnerware / Plates
14341	manufactured wood adjustable height open front desk	Classroom Desks	School Furniture and Supplies / School Furniture / School Desks / Classroom Desks / Open Front Classroom Desks
36102	leandra 21 '' h x 60 '' w desk hutch	Desk Parts	Desk Parts
41427	solis 3 - light geometric chandelier		Lighting / Ceiling Lights / Pendant Lighting / Cluster Pendant Lighting
21390	animal care activity center	Play Kitchen Sets	Baby & Kids / Toddler & Kids Playroom / Indoor Play / Play Kitchen Sets & Accessories
37133	the bookend clock thermometer	Weather Instruments	Outdoor / Outdoor Décor / Outdoor Thermometers
25716	castlebourne 5 - light sputnik modern linear chandelier	Chandeliers	Lighting / Ceiling Lights / Chandeliers / Sputnik Chandeliers
3700	cyra 2-drawer lateral filing cabinet	Filing Cabinets	Furniture / Office Furniture / Filing Cabinets
40554	johan 3 piece ceramic table vase set	Vases, Urns, Jars, & Bottles	Décor & Pillows / Home Accessories / Vases, Urns, Jars & Bottles
41443	8 ft. 5 in . w x 4 ft. d solid wood lean-to storage shed	Sheds	Storage & Organization / Garage & Outdoor Storage & Organization / Sheds / Storage Sheds
33577	horizon ventures spa hot tub scum ball	Hot Tub Accessories	Outdoor / Hot Tubs & Saunas / Hot Tub Accessories / Chemicals Hot Tub Accessories
6639	4 drawer dresser	Kids Dressers & Chests|Dressers & Chests	Baby & Kids / Toddler & Kids Bedroom Furniture / Baby & Kids Dressers / White Baby & Kids Dressers
18134	snow twig branch	Faux Plants and Trees	Browse By Brand / The Holiday Aisle
3890	ayesha curry 3 qt . non-stick aluminum saute pan with lid	Saute Pans	Kitchen & Tabletop / Cookware & Bakeware / Pots, Pans & Skillets / Saute Pans / 2.1 - 4 Quartss Saute Pans
38296	duffield 23.5 '' w leather seat waiting room chair with wood frame	Waiting Room Chairs	Commercial Business Furniture / Commercial Office Furniture / Office Seating / Waiting Room Chairs / Wood Waiting Room Chairs
8824	senora bunk bed	Kids Beds	Baby & Kids / Toddler & Kids Bedroom Furniture / Kids Beds
40475	butterfly executive desk	Desks	Furniture / Office Furniture / Desks / Executive Desks
26649	cypert blue desktop mount for holds up to 33 lbs	TV Mounts|Computer Mounts	Furniture / Living Room Furniture / TV Stands & Media Storage Furniture / TV Mounts
3252	pineapple blue framed painting print	Wall Art	Décor & Pillows / Art / All Wall Art / Blue Wall Art
28889	water resistant patio chair cover with 2 year warranty	Furniture Covers	Storage & Organization / Garage & Outdoor Storage & Organization / Outdoor Covers / Patio Furniture Covers
9709	certified international gather oval baking dish		Kitchen & Tabletop / Cookware & Bakeware / Baking Sheets & Pans / Baking Dishes
7698	basket with handle stone hanging planter	Planters	Outdoor / Garden / Planters / Stone Planters
19125	industrial pipe wall mounted pot rack	Pot Racks	Kitchen & Tabletop / Kitchen Organization / Pot Racks
28792	martha console table	Sofa & Console Tables	Furniture / Living Room Furniture / Console Tables / Chrome Console Tables
41610	broadway lever with greenwich trim keyed entry lock		Home Improvement / Doors & Door Hardware / Door Hardware & Accessories / Door Levers
2404	wayfair basics® springboro 74 '' h x 36 '' w x 15 '' d storage cabinet	Garage Storage Cabinets	Storage & Organization / Garage & Outdoor Storage & Organization / Garage Storage Cabinets
31451	wall glass and bronze metal sconce	Candle Holders	Décor & Pillows / Candles & Holders / Candle Holders / Sconce Candle Holders
24345	suzie anchors and ship wheels single shower curtain	Shower Curtains	Bed & Bath / Shower Curtains & Accessories / Shower Curtains & Shower Liners / Red Shower Curtains & Shower Liners
32231	creeves 5-light candle style classic / traditional chandelier	Chandeliers	Lighting / Ceiling Lights / Chandeliers / Candle-Style Chandeliers
9211	nolan convertible standard 2 piece nursery furniture set	Nursery Furniture Sets	Baby & Kids / Nursery Furniture / Nursery Furniture Sets
32535	pineapple serving 128 oz . beverage dispenser	Beverage Servers	Kitchen & Tabletop / Tableware & Drinkware / Serveware / Beverage Servers & Pitchers / Beverage Dispensers
8151	schuldt 29.5 '' patio bar stool	Patio Bar Stools	Outdoor / Outdoor & Patio Furniture / Patio Bar Furniture / Patio Bar Stools
39142	canadian all season comforter	Comforters & Duvet Fills	Bed & Bath / Bedding Essentials / Down Comforters & Duvet Inserts / Twin Down Comforters & Duvet Inserts
14955	space saver tailored 21 '' bed skirt	Bed Skirts	Bed & Bath / Bedding Essentials / Bed Skirts / Gray & Silver Bed Skirts
15385	evelots 2 in 1 door draft stopper , magnets for steel door-clips for regular door	Door Stops	Home Improvement / Doors & Door Hardware / Door Hardware & Accessories / Door Stops
26472	sanderlin 23 '' kitchen pantry		Kitchen & Tabletop / Kitchen Organization / Food Pantries
31496	howard armoire	Armoires & Wardrobes	Furniture / Bedroom Furniture / Armoires & Wardrobes / White Armoires & Wardrobes
31109	52 '' loughman 5 - blade standard ceiling fan	Ceiling Fans	Lighting / Ceiling Fans / All Ceiling Fans
22469	industrious desktop wood letter tray with 3 trays and drawer	Desktop Organizers & Desk Pads	Storage & Organization / Storage & Organization Sale
29688	ophelia outdoor 3 piece rattan seating group with cushions	Outdoor Conversation Sets	Outdoor / Outdoor & Patio Furniture / Patio Furniture Sets / Patio Conversation Sets / 2 Person Patio Conversation Sets
22159	forté 4-hole kitchen sink faucet with 7-3/4 '' spout , matching finish sidespray	Kitchen Faucets	Home Improvement / Kitchen Remodel & Kitchen Fixtures / Kitchen Sinks & Faucet Components / Kitchen Faucets / Chrome Kitchen Faucets
318	23.6 '' x 23.6 '' multi level loop carpet tile	Carpet Tile	Home Improvement / Flooring, Walls & Ceiling / Flooring / Carpet Tiles
20044	alton round multi-tiered plant stand	Plant & Telephone Tables	Furniture / Living Room Furniture / Coffee Tables & End Tables / Plant Stands & Tables
36589	go home sign	Holiday Accents & Decor	Décor & Pillows / Seasonal Décor / Fall Décor / Fall Decorative Accents / Banners & Signs Fall Decorative Accents
34490	duro pressure balanced diverter dual shower head trim only		Home Improvement / Bathroom Remodel & Bathroom Fixtures / Showers & Bathtubs / Showers & Bathtubs Plumbing / Shower Panels
17586	stainless steel dish rack	Kitchen Sink Storage	Kitchen & Tabletop / Kitchen Organization / Countertop & Sink Organization / Kitchen Sink Storage
19099	east urban home sunflower potholder	Potholders	Kitchen & Tabletop / Tableware & Drinkware / Table & Kitchen Linens / Kitchen Linens / Potholders & Oven Mitts
16400	slim led under cabinet puck light	Under Cabinet Lighting	Lighting / Wall Lights / Under Cabinet Lighting / Puck Under Cabinet Lighting
3207	simple elegance losas mosaic 12 '' x 12 '' x 1.2mm luxury vinyl tile	Vinyl Flooring	Home Improvement / Flooring, Walls & Ceiling / Flooring / Vinyl Flooring / Multi-Colored Vinyl Flooring
30901	periwinkle basic plastic disposable forks	Disposable Party Supplies	Outdoor / Outdoor Cooking & Tableware / Outdoor Serving & Tableware / Disposable Tableware
17818	3 piece accent tray set	Decorative Trays	Décor & Pillows / Home Accessories / Decorative Trays / Wood Decorative Trays
33117	over the door jewelry armoire with mirror	Jewelry Armoires	Furniture / Bedroom Furniture / Jewelry Armoires / Over the Door Jewelry Armoires
42591	athens 39 '' w x 23 '' d vinyl arbor	Arbors	Outdoor / Garden / Arbors / Vinyl Arbors
13580	city art paris eiffel tower iv graphic art	Wall Art	Décor & Pillows / Art / All Wall Art / Brown Wall Art
3307	alpine cuisine stove top pressure cooker	Slow Cookers	Kitchen & Tabletop / Small Kitchen Appliances / Pressure & Slow Cookers / Pressure Cookers / Stove Top Pressure Cookers
34719	shoreline cotton geometric single shower curtain	Shower Curtains	Bed & Bath / Shower Curtains & Accessories / Shower Curtains & Shower Liners / Gray & Silver Shower Curtains & Shower Liners
14671	23.75 '' outdoor lantern	Outdoor Lanterns & Lamps	Lighting / Outdoor Lighting / Outdoor Lanterns & Lamps
14373	glasmann bees at work 2-sided polyester 18 x 12 in . garden flag		Outdoor / Front Door Décor & Curb Appeal / Flags
1377	northumberland shag dark gray area rug	Area Rugs	Sale / Closeout / Area Rugs / 3' x 5' Area Rugs
34728	frameless modern & contemporary vanity mirror	Wall & Accent Mirrors	Décor & Pillows / Mirrors / All Mirrors / Bathroom & Vanity Mirrors
32448	dipped taper dinner candle	Candles	Décor & Pillows / Candles & Holders / Candles / Taper Candles
29334	aspinwall upholstered storage platform bed	Beds	Furniture / Bedroom Furniture / Beds & Headboards / Beds / King Size Beds
32249	hester 7 drawer dresser		Furniture / Bedroom Furniture / Dressers & Chests / Silver Dressers & Chests
39490	wood adjustable height study carrel	Classroom Desks	School Furniture and Supplies / School Furniture / School Desks / Classroom Desks / Multi Student Classroom Desks
40408	5.5 '' h glass oval glass lamp shade ( fitted ) in silver mercury	Lighting Shades	Lighting / Light Bulbs & Hardware / Light Shades / Silver & Chrome Light Shades
9515	bumble bees double wall travel tumbler	Water Bottles, Travel Mugs & Tumblers	Kitchen & Tabletop / Tableware & Drinkware / Drinkware / Travel Mugs & Tumblers
26545	mint pantry fragoza mango wood pineapple cutting board	Cutting Boards	Kitchen & Tabletop / Kitchen Utensils & Tools / Cutting Boards / Wood Cutting Boards
35679	tanya pet dome top cockatiel bird cage with removable tray	Bird Cages	Pet / Bird / All Bird Cages / Cockatiel Bird Cages
12135	20.5 '' round pouf	Ottomans	Furniture / Living Room Furniture / Ottomans & Poufs / Round Ottomans & Poufs
17001	piece rectangle accent tray set	Decorative Trays	Décor & Pillows / Home Accessories / Decorative Trays / Wood Decorative Trays
26407	lanai 12 ft. w x 12 ft. d vinyl pergola	Pergolas	Outdoor / Outdoor Shades / Pergolas / Vinyl Pergolas
38738	weber spirit® e-330 3-burner propane gas grill with side burner	Gas Grills	Outdoor / Outdoor Cooking & Tableware / Grills & Outdoor Cooking / Gas Grills / Propane Gas Grills
2211	christmas tree decorative accents	Holiday Accents & Decor	Holiday Décor / Christmas / Christmas Decorations / Christmas Wall Decor / Banners & Signs Christmas Wall Decor
21689	crescent 3 drawer combo dresser	Kids Dressers & Chests|Dressers & Chests	Baby & Kids / Toddler & Kids Bedroom Furniture / Baby & Kids Dressers / Black Baby & Kids Dressers
21820	madison avenue 33.07 '' h x 58.74 '' w desk hutch	Desk Parts	Desk Parts
25148	high pile white area rug	Area Rugs	Sale / Closeout / Area Rugs / 2' x 3' Area Rugs
14305	ciroa marble kitchen gadget set	Kitchen Gadgets|Can Openers	Kitchen & Tabletop / Kitchen Utensils & Tools / Kitchen Gadgets / Can Openers
24652	margaree 3-light vanity light	Vanity Lighting	Lighting / Wall Lights / Bathroom Vanity Lighting / Traditional Bathroom Vanity Lighting
6069	moonlit owl polyester flag	Flags	Outdoor / Front Door Décor & Curb Appeal / Flags / Traditional Flags
32519	28u deep g1 gangable rack	Rackmounts & Rackmount Accessories	School Furniture and Supplies / School Boards & Technology / AV, Mounts & Tech Accessories / Electronic Mounts & Stands / Rackmounts & Rackmount Accessories / Open Rack Rackmounts & Rackmount Accessories
41020	bartley 5 ibs salt lamp	Novelty Lighting	Lighting / Novelty Lights / Salt Lamps
6410	laminated storage cabinet with lock	Filing Cabinets	Furniture / Office Furniture / Filing Cabinets
27729	bee balm and bees out throw pillow	Accent Pillows	Décor & Pillows / Decorative Pillows & Blankets / Throw Pillows / Green Throw Pillows
26602	genta lx shower faucet lever handle	Shower Faucets & Systems	Home Improvement / Bathroom Remodel & Bathroom Fixtures / Showers & Bathtubs / Showers & Bathtubs Plumbing / Shower Faucets & Systems
25105	geo 1/2 '' / 3 3/4 '' center to center arch pull	Cabinet and Drawer Pulls	Home Improvement / Hardware / Cabinet Hardware / Cabinet & Drawer Pulls / Chrome Cabinet & Drawer Pulls
39497	olive kids dinosaur land toy box	Toy Boxes and Organizers	Baby & Kids / Baby & Kids Storage / Toy Boxes & Benches / Cloth Toy Boxes & Benches
11761	mid century modern indoor/outdoor throw pillow	Accent Pillows	Décor & Pillows / Decorative Pillows & Blankets / Throw Pillows / Orange Throw Pillows
27920	bebington curved steel outdoor firewood log rack	Log Storage	Storage & Organization / Garage & Outdoor Storage & Organization / Natural Material Storage / Log Storage
22380	etoy over the door jewelry armoire with mirror	Jewelry Armoires	Furniture / Bedroom Furniture / Jewelry Armoires
41256	madison floral room darkening rod pocket single curtain panel	Curtains & Drapes	Décor & Pillows / Window Treatments / Curtains & Drapes
33430	standard single door barn door hardware kit	Barn Door Hardware	Sale / Closeout / Door Hardware & Accessories / Barn Door Hardware
19149	trestle 4 - light kitchen island linear pendant	Pendant Lights	Lighting / Ceiling Lights / Pendant Lighting / Kitchen Island Pendant Lighting
25417	weekly bird calendar wall mounted whiteboard	Bulletin Boards, Whiteboards, Chalkboards	Commercial Business Furniture / Boards & Tech Accessories / All Boards / Whiteboard Boards
32910	safdie & co. inc. pineapples 4-piece potholder and oven mitt set	Potholders	Kitchen & Tabletop / Tableware & Drinkware / Table & Kitchen Linens / Kitchen Linens / Potholders & Oven Mitts / Cotton Potholders & Oven Mitts
35241	110 light solar string lights	String Lights|Holiday Lighting	Holiday Décor / Holiday Lighting
32644	coffee jar	Canisters & Jars	Kitchen & Tabletop / Kitchen Organization / Food Storage & Canisters / Kitchen Canisters & Jars / Glass Kitchen Canisters & Jars
41140	lamp bulb4	Light Bulbs	Lighting / Light Bulbs & Hardware / Light Bulbs / All Light Bulbs / CFL Light Bulbs
13900	oasis 9 '' melamine salad plate	Plates & Saucers	Kitchen & Tabletop / Tableware & Drinkware / Dinnerware / Plates / Black Plates
35631	indoor/outdoor cushion cover	Furniture Cushions	Outdoor / Outdoor Décor / Outdoor Pillows & Cushions / Patio Furniture Cushions
37146	15 '' live flowering plant in pot	Live Plants and Trees	Décor & Pillows / Flowers & Plants / Live Plants
23504	mehul 47 '' wide 2 drawer server	Sideboards & Buffets	Furniture / Kitchen & Dining Furniture / Sideboards & Buffets / Wine Bottle Storage Equipped Sideboards & Buffets
11230	ruby swivel reclining glider	Gliders|Recliners	Baby & Kids / Nursery Furniture / Nursery Gliders, Rockers & Recliners / Metal Nursery Gliders, Rockers & Recliners
21855	mid-century toy storage bench	Toy Boxes and Organizers	Baby & Kids / Baby & Kids Storage / Toy Boxes & Benches / Wood Toy Boxes & Benches
40056	simonds peacock hand towel	Bath Towels	Bed & Bath / Bath Rugs & Towels / Bath Towels / White Bath Towels
27312	elite by maxi-matic platinum 8.5-quart stainless steel slow cooker	Slow Cookers	Kitchen & Tabletop / Small Kitchen Appliances / Pressure & Slow Cookers / Slow Cookers / Slow Slow Cookers
13091	large classic melamine 400 fl oz . serving bowl	Serving Bowls	Kitchen & Tabletop / Tableware & Drinkware / Serveware / Serving Bowls & Baskets / Serving Bowls / NA Serving Bowls
14274	duchesne wood pot planter	Planters	Outdoor / Garden / Planters / Metal Planters
35676	veronica amarillo dog bed cover	Dog Beds & Mats	Pet / Dog / Dog Beds / All Dog Beds / Large Dog Beds
10850	hakon twin 70 '' convertible sofa	Futons	Furniture / Living Room Furniture / Futons & Daybeds / Futons
13698	cotton multi-color area rug	Area Rugs	Rugs / Area Rugs / 8' x 10' Area Rugs
21379	scallop nightstand	Kids Nightstands	Baby & Kids / Toddler & Kids Bedroom Furniture / Kids Nightstands / Green Kids Nightstands
13168	1.57 cu . ft. front load washer and 3.57 cu . ft electric dryer	Washer and Dryer Sets	Appliances / Washers & Dryers / Washer & Dryer Sets / Silver Washer & Dryer Sets
10059	aqua fold 36 '' w x 58 '' h folding semi-frameless tub door	Shower & Tub Doors	Home Improvement / Bathroom Remodel & Bathroom Fixtures / Showers & Bathtubs / Shower & Bathtub Doors / Folding Shower & Bathtub Doors
37873	terrace 6-way latch passage door knob	Door Knobs	Home Improvement / Doors & Door Hardware / Door Hardware & Accessories / Door Knobs / Tulip Door Knobs
3969	ambiance insert wave 4 '' x 4 '' resin tile in venetian bronze	Accent Tiles	Home Improvement / Flooring, Walls & Ceiling / Walls & Ceilings / Accent Tiles / Resin Accent Tiles
1420	maghull wire storage 4 shelf shelving unit kit	Shelving & Racks	Storage & Organization / Garage & Outdoor Storage & Organization / Storage Racks & Shelving Units
7841	counterart glass sunflower fields cutting board	Cutting Boards	Kitchen & Tabletop / Kitchen Utensils & Tools / Cutting Boards / Glass Cutting Boards
6009	grier 8-light sputnik modern linear chandelier	Chandeliers	Lighting / Ceiling Lights / Chandeliers / Sputnik Chandeliers
39679	soila 12.5 '' novelty light	Novelty Lighting	Novelty Lighting
38988	sloping coccyx cushion	Therapeutic Cushions	Shop Product Type / Chair Pads & Cushions / Therapeutic Cushions
32779	turin 3 piece bathroom hardware set	Bathroom Hardware Sets	Home Improvement / Bathroom Remodel & Bathroom Fixtures / Bathroom Hardware / Bathroom Hardware Sets / Chrome Bathroom Hardware Sets
5871	sabbattus lazy susan	Serving Dishes & Platters	Kitchen & Tabletop / Tableware & Drinkware / Serveware / Serving Trays & Boards / Lazy Susans
31457	lurganville 1-light wall sconce		Lighting / Wall Lights / Wall Sconces
24441	2 piece for climbing plants steel arched trellis set	Trellises	Outdoor / Garden / Trellises
9042	cortez bike in the city throw pillow	Accent Pillows	Décor & Pillows / Decorative Pillows & Blankets / Throw Pillows / Yellow and Gold Throw Pillows
38413	lunch tote , strawberries	Stationery & Coffee Table Books	Browse By Brand / kate spade new york
42317	betty crocker stainless steel more than 5 quarts warming tray	Buffet Accessories	Buffet Accessories
3901	ayesha curry 14 oz glass water bottle	Water Bottles, Travel Mugs & Tumblers	Kitchen & Tabletop / Tableware & Drinkware / Drinkware / Water Bottles
7877	dark wine wall décor	Wall Décor	Décor & Pillows / Wall Décor / Wall Accents / Brown Wall Accents
38651	abdulsalam tv stand for tvs up to 88 ''	TV Stands & Entertainment Centers	Furniture / Living Room Furniture / TV Stands & Media Storage Furniture / TV Stands & Entertainment Centers / Modern & Contemporary TV Stands & Entertainment Centers
29410	schmiedel taks chair	Office Chairs	Furniture / Office Furniture / Office Chairs / Conference Office Chairs
26639	trend forward 12 piece melamine dinnerware set , service for 4	Dinnerware Sets & Place Settings	Kitchen & Tabletop / Tableware & Drinkware / Dinnerware / Dinnerware Sets / Melamine Dinnerware Sets
24230	cabinet center to center finger pull	Cabinet and Drawer Pulls	Home Improvement / Hardware / Cabinet Hardware / Cabinet & Drawer Pulls / Gold Cabinet & Drawer Pulls
19040	the original sleep defense system hypoallergenic waterproof mattress cover	Mattress Covers and Protectors	Bed & Bath / Bedding Essentials / Mattress Covers & Protectors
30663	patio furniture round outdoor sectional sofa set rattan daybed sunbed with retractable canopy , separate seating and removable cushion ( blue )	Patio Sofas	Outdoor / Outdoor & Patio Furniture / Outdoor Seating & Patio Chairs / Patio Seating / Patio Sofas & Sectionals
33427	heavy duty sturdy sliding standard single barn door hardware kit	Barn Door Hardware	Home Improvement / Doors & Door Hardware / Door Hardware & Accessories / Barn Door Hardware
41522	fromm wood table	Sofa & Console Tables	Furniture / Living Room Furniture / Console Tables / White Console Tables
34563	trundle unit for daybed	Bed Accessories	Browse By Brand / Symple Stuff
19253	adecyn bar & counter stool	Bar Stools	Furniture / Kitchen & Dining Furniture / Bar Furniture / Bar Stools & Counter Stools / All Bar Stools & Counter Stools
14433	desktop mount for 37 '' - 70 '' screens	Computer Mounts|TV Mounts	Furniture / Living Room Furniture / TV Stands & Media Storage Furniture / TV Mounts
15472	tasha 3 drawer accent chest	Accent Chests / Cabinets	Furniture / Living Room Furniture / Cabinets & Chests / Grey Cabinets & Chests
41021	vaporproof light	Commercial Outdoor Lighting	Contractor / Commercial Contractor / Commercial Lighting / Commercial Exterior Lighting / Area Commercial Exterior Lighting
27114	california gold mesh random in multi-color	Pavers & Cobblestones	Home Improvement / Outdoor Remodel / Outdoor Flooring & Tile / Pavers & Cobblestone / Slate Pavers & Cobblestone
6881	9.5 ft. w x 13 ft. d aluminum pergola with canopy	Pergolas	Outdoor / Outdoor Shades / Pergolas / Metal Pergolas
30745	sunflower jute throw pillow	Accent Pillows	Décor & Pillows / Decorative Pillows & Blankets / Throw Pillows / Ivory & Cream Throw Pillows
3311	pine dining table	Dining Tables	Furniture / Kitchen & Dining Furniture / Dining Tables & Seating / Kitchen & Dining Tables / 2 Seat Kitchen & Dining Tables
35053	4 - panel glass room divider	Interior Doors	Home Improvement / Doors & Door Hardware / Interior Doors
3910	ayesha curry aluminum non stick saute pan	Saute Pans	Kitchen & Tabletop / Cookware & Bakeware / Pots, Pans & Skillets / Saute Pans
29235	low profile standard bed	Beds	Furniture / Bedroom Furniture / Beds & Headboards / Beds / Queen Size Beds
6989	square cabinet 3 3/4 '' center to center bar pull	Cabinet and Drawer Pulls	Home Improvement / Hardware / Cabinet Hardware / Cabinet & Drawer Pulls / Bronze Cabinet & Drawer Pulls
10707	aluminum lantern	Candle Holders	Décor & Pillows / Candles & Holders / Candle Holders / Lantern Candle Holders
21775	chandley café deauville scarlet tablecloth	Dining Linens	Kitchen & Tabletop / Tableware & Drinkware / Table & Kitchen Linens / All Table Linens
6894	hanson 44 '' - 48 '' w x 76 '' h door opening sliding semi-frameless shower door	Shower & Tub Doors	Home Improvement / Bathroom Remodel & Bathroom Fixtures / Showers & Bathtubs / Shower & Bathtub Doors
42870	block monogrammed hiball glass	Glassware & Barware	Kitchen & Tabletop / Tableware & Drinkware / Drinkware / All Drinkware
23998	heinen pineapple toss single shower curtain	Shower Curtains	Bed & Bath / Shower Curtains & Accessories / Shower Curtains & Shower Liners / Gray & Silver Shower Curtains & Shower Liners
10726	pemberville rocking chair	Patio Rockers & Gliders	Outdoor / Outdoor & Patio Furniture / Outdoor Seating & Patio Chairs / Patio Seating / Patio Rocking Chairs & Gliders / Metal Patio Rocking Chairs & Gliders
32781	tweed dinosaur musical crib mobile	Mobiles	Baby & Kids / Baby & Kids Décor & Lighting / Baby Mobiles
42101	light the way safety gate	Safety Gates	Baby & Kids / Nursery Furniture / Baby Gates
41885	caseville oriental flatweave sage green area rug	Area Rugs	Rugs / Area Rugs
19810	ranbir furniture sets	Reception Sets	Commercial Business Furniture / Commercial Office Furniture / Office Seating / Reception Sets
30476	3/4 '' shower system thermostatic volume control shower valve	Valves	Home Improvement / Bathroom Remodel & Bathroom Fixtures / Showers & Bathtubs / Showers & Bathtubs Plumbing / Valves / Tub Valves
11536	bohemian dreamcatcher and skull floral comforter set	Bedding Sets	Bed & Bath / Bedding / All Bedding / Double & Full Bedding
16370	stikki clips white 20 per pack	Clips/Clamps	Clips/Clamps
40100	perkins wall mounted electric fireplace	Electric & Alternative Fuel Fireplaces	Home Improvement / Heating, Cooling & Air Quality / Heating / Fireplaces & Stoves / All Indoor Fireplaces
34543	23 '' w leather seat waiting room chair with wood frame		Commercial Business Furniture / Commercial Office Furniture / Office Seating / Waiting Room Chairs
4846	momea indoor/outdoor bench cushion	Furniture Cushions	Outdoor / Outdoor Décor / Outdoor Pillows & Cushions / Patio Furniture Cushions / Bench Patio Furniture Cushions
28890	outdoor furniture patio round table cover waterproof uv resistant round dining table set cover striped	Furniture Covers	Storage & Organization / Garage & Outdoor Storage & Organization / Outdoor Covers / Patio Furniture Covers / Dining Set Patio Furniture Covers
33397	2 '' conch shell left facing knob	Cabinet and Drawer Knobs	Home Improvement / Hardware / Cabinet Hardware / Cabinet & Drawer Knobs / Nickel Cabinet & Drawer Knobs
26702	vitreous china rectangular undermount bathroom sink with overflow and drain assembly	Bathroom Sinks	Home Improvement / Bathroom Remodel & Bathroom Fixtures / Bathroom Sinks & Faucet Components / Bathroom Sinks / Undermount Bathroom Sinks
22065	pella armoire	Armoires & Wardrobes	Furniture / Bedroom Furniture / Armoires & Wardrobes / Grey Armoires & Wardrobes
1664	premium fabric bound edge turf	Turf Flooring	Outdoor / Outdoor Fencing & Flooring / Turf
15603	angeland terry cloth hypoallergenic waterproof mattress cover	Mattress Covers and Protectors	Bed & Bath / Bedding Essentials / Mattress Covers & Protectors / Twin X-Long Mattress Covers & Protectors
18534	3-in-1 explosive gas & carbon monoxide alarm	Smoke & CO Detectors	Home Improvement / Kitchen Remodel & Kitchen Fixtures / Smoke Detectors / Wall & Ceiling Mounted Smoke Detectors
42494	36 '' 400 cfm convertible wall mount range hood in stainless steel	Range Hoods	Appliances / Kitchen Appliances / Range Hoods / All Range Hoods
39489	water lily indoor fountain	Fountains	Fountains
29125	13.5 qt . urban lunch bag cooler	Coolers	Outdoor / Outdoor Cooking & Tableware / Outdoor Serving & Tableware / Coolers, Baskets & Tubs / Coolers
22003	harjit furniture set	Reception Sofas & Loveseats	Reception Area / Reception Seating / Office Sofas & Loveseats
16652	good treasures 25 cu . ft. top load washer electic in white/gray	Washing Machines	Appliances / Washers & Dryers / Washing Machines / All Washing Machines / Top Load Washing Machines
5887	loggins stacking patio dining chair	Patio Dining Chairs|Dining Chairs	Outdoor / Outdoor & Patio Furniture / Outdoor Seating & Patio Chairs / Patio Seating / Patio Dining Chairs / Plastic Patio Dining Chairs
10285	14/16/20/22 feet indoor and outdoor inflatable blow up mega movie projector screen with carry bag for front and rear projection	Projector Screens	Furniture / Living Room Furniture / TV Stands & Media Storage Furniture / Projection Screens / Inflatable Projection Screens
12707	picoscreen series white fg 55 '' diagonal portable projection screen	Projector Screens	Furniture / Living Room Furniture / TV Stands & Media Storage Furniture / Projection Screens / Tabletop Projection Screens
11784	holli 2 door accent cabinet	Accent Chests / Cabinets	Furniture / Living Room Furniture / Cabinets & Chests / Beige Cabinets & Chests
34235	coyne coffee table	Coffee & Cocktail Tables	Furniture / Living Room Furniture / Coffee Tables & End Tables / Coffee Tables / Square Coffee Tables
41049	30 '' 6 - blade standard ceiling fan with light kit included	Ceiling Fans	Lighting / Ceiling Fans / All Ceiling Fans / Nickel Blades Ceiling Fans
21188	magic carpet swing set	Swing Sets & Playgrounds	Outdoor / Outdoor Recreation / Backyard Play / Swing Sets
23322	composed wall-mount bath spout	Tub Faucets	Home Improvement / Bathroom Remodel & Bathroom Fixtures / Showers & Bathtubs / Showers & Bathtubs Plumbing / Bathtub Faucets / Tub Spout Bathtub Faucets
42377	gail ergonomic task chair	Teen Desk Chairs|Office Chairs	Furniture / Office Furniture / Office Chairs
36510	happy camper 2-sided polyester 40 x 28 in . house flag	Flags	Outdoor / Front Door Décor & Curb Appeal / Flags / Traditional Flags
3371	heerenveen melamine 9.25 '' salad plate	Plates & Saucers	Kitchen & Tabletop / Tableware & Drinkware / Dinnerware / Plates / Cream Plates
42416	bee pop-up play tunnel with carrying bag	Playhouses & Play Tents	Early Education / Early Education Play Area / Active Play Equipment / Play Tunnels / Kids Tunnels Play Tunnels
8478	saadet 17.5 '' square heavy duty base stand market patio standing outdoor living market resin free standing base umbrella base	Patio Umbrella Stands & Bases	Outdoor / Outdoor Shades / Outdoor Umbrellas / Patio Umbrella Stands & Bases
18523	huntkey smc407 surge protector extension cord outlet w/ 4 ac plugs & 3 usb ports	Switches, Dimmers & Outlets	Home Improvement / Hardware / Home Hardware / Switches, Dimmers & Outlets / Light Switches For Switches, Dimmers & Outlets
32826	sealy 12 '' medium memory foam mattress	Foam and Latex Mattresses	Bed & Bath / Mattresses & Foundations / Queen Mattresses
38560	healy 4-light vanity light	Vanity Lighting	Lighting / Wall Lights / Bathroom Vanity Lighting
36359	bergin 30 '' single bathroom vanity	Vanities	Home Improvement / Bathroom Remodel & Bathroom Fixtures / Bathroom Vanities / All Bathroom Vanities / Traditional Bathroom Vanities
30658	prairie view industries portable ramp	Ramps	School Furniture and Supplies / Facilities & Maintenance / Ramps / 2 - 4 ft. Ramps
37583	mcnaughton 47.25 console table	Sofa & Console Tables	Furniture / Living Room Furniture / Console Tables / Grey Console Tables
31658	4 pair shoe storage bench	Benches|Shoe Storage	Storage & Organization / Shoe Storage / All Shoe Storage
25452	nordic ware non-stick stackable loaf pan	Bread & Loaf Pans	Kitchen & Tabletop / Cookware & Bakeware / Baking Sheets & Pans / Bread & Loaf Pans / Aluminum Bread & Loaf Pans
19587	lavelle blanc console table	Sofa & Console Tables	Furniture / Living Room Furniture / Console Tables / Beige Console Tables
5635	18.25 '' w csa oval undermount sink set	Bathroom Sinks	Home Improvement / Bathroom Remodel & Bathroom Fixtures / Bathroom Sinks & Faucet Components / Bathroom Sinks / Undermount Bathroom Sinks
30348	amarillo polish pottery decorative plate	Decorative Plates & Bowls	Décor & Pillows / Home Accessories / Decorative Plates & Bowls / Ceramic Decorative Plates & Bowls
41232	widespread bathroom faucet	Bathroom Sink Faucets	Home Improvement / Bathroom Remodel & Bathroom Fixtures / Bathroom Sinks & Faucet Components / Bathroom Sink Faucets / Widespread Bathroom Sink Faucets
1202	baity furniture set	Reception Sofas & Loveseats	Reception Area / Reception Seating / Reception Sofas & Loveseats
6458	steel 43 '' wide top grain leather chair and a half	Accent Chairs	Furniture / Living Room Furniture / Chairs & Seating / Accent Chairs / Chair And A Half Accent Chairs
22098	antek 130 '' x 98 '' l-shape reception desk with light panels , composition 2	Reception Desks	Reception Area / Reception Desks & Tables / Reception Desks & Suites
21791	pedestal table	Restaurant Tables|Conference Tables|Breakroom Tables|Dining Tables	School Furniture and Supplies / School Spaces / Cafeteria & Breakroom Furniture / Breakroom Tables / Rectangular Breakroom Tables
20351	standard bookcase	Bookcases	Furniture / Living Room Furniture / Bookcases / 2 Shelf Bookcases
19548	kimberlin concrete resin free standing umbrella base	Patio Umbrella Stands & Bases	Outdoor / Outdoor Shades / Outdoor Umbrellas / Patio Umbrella Stands & Bases
42785	expandable bamboo spice rack	Spice Jars & Racks	Kitchen & Tabletop / Kitchen Organization / Spice Jars & Spice Racks
8402	spinelli patio chair	Patio Lounge Chairs	Outdoor / Outdoor & Patio Furniture / Outdoor Seating & Patio Chairs / Patio Seating / Outdoor Club Chairs / Wicker & Rattan Outdoor Club Chairs
13779	hanging clips hardware	Shade Accessories	Outdoor / Outdoor Shades / Outdoor Shade Accessories
30220	theresa applique cotton geometric throw pillow	Accent Pillows	Décor & Pillows / Decorative Pillows & Blankets / Throw Pillows
21727	all classic lunch bag	Picnic Baskets & Coolers	Outdoor / Outdoor Cooking & Tableware / Outdoor Serving & Tableware / Coolers, Baskets & Tubs / Picnic Baskets & Backpacks
22210	archer® vitreous china pedestal bathroom sink	Bathroom Sinks	Home Improvement / Bathroom Remodel & Bathroom Fixtures / Bathroom Sinks & Faucet Components / Bathroom Sinks / Pedestal Bathroom Sinks
25679	briceno 23.63 '' w x 31.5 '' h wall mounted framed medicine cabinet with adjustable shelves	Medicine Cabinets	Home Improvement / Bathroom Remodel & Bathroom Fixtures / Bathroom Mirrors / Medicine Cabinets / Surface Mount Medicine Cabinets
26640	flower decor melamine 12 piece dinnerware set , service for 4	Dinnerware Sets & Place Settings	Kitchen & Tabletop / Tableware & Drinkware / Dinnerware / Dinnerware Sets / Melamine Dinnerware Sets
14385	merry little christmas bamboo mealtime 5 piece gift set	Holiday Accents & Decor	Holiday Décor / Christmas / Christmas Decorations / Christmas Figurines & Nutcrackers / All Christmas Figurines
42204	pool storage mesh bin	Boxes, Bins, Baskets, & Buckets	Storage & Organization / Storage Containers & Drawers / All Storage Containers
27468	high output led 48 '' strip light	Under Cabinet Lighting	Lighting / Wall Lights / Under Cabinet Lighting / Strip Under Cabinet Lighting
25007	monarch hill haven kids 47.48 '' w writing desk with 2 drawers	Kids Desks	Sale / Closeout / Toddler & Kids Bedroom Furniture / Kids Desks
32906	abbate pineapples beach towel	Bath Towels	Bed & Bath / Bath Rugs & Towels / Bath Towels
41117	amarillo rose wood and cast iron park bench	Patio Benches	Outdoor / Outdoor & Patio Furniture / Outdoor Seating & Patio Chairs / Outdoor Benches / Park Outdoor Benches
12679	picoscreen series white portable tabletop projector screen	Projector Screens	Furniture / Living Room Furniture / TV Stands & Media Storage Furniture / Projection Screens / Tabletop Projection Screens
21152	resty standard outdoor friendly bean bag lounger	Bean Bags|Teen Lounge Furniture	Furniture / Game Tables & Game Room Furniture / Bean Bag Chairs / Black Bean Bag Chairs
32222	charleston bronze 3 -bulb 16.5 '' h outdoor chandelier	Outdoor Hanging Lights	Lighting / Outdoor Lighting / Outdoor Ceiling Lights / Outdoor Hanging Lights / Bronze Outdoor Hanging Lights
26688	sunny stag wall art on canvas	Licensed Products|Wall Art	Décor & Pillows / Art / All Wall Art / Orange Wall Art
17042	daugherty 2 door accent cabinet	Accent Chests / Cabinets	Furniture / Living Room Furniture / Cabinets & Chests / Grey Cabinets & Chests
28215	nora® 12 '' medium memory foam mattress	Foam and Latex Mattresses	Furniture / Furniture Sale
18708	400w light bulb	Light Bulbs	Lighting / Light Bulbs & Hardware / Light Bulbs / All Light Bulbs / High Intensity Discharge Light Bulbs
7849	california king upholstered platform bed	Beds	Furniture / Bedroom Furniture / Beds & Headboards / Beds / California King Beds
21298	abhainn garment and accessories rack	Clothing & Garment Racks	Storage & Organization / Closet Storage & Organization / Clothes Racks & Garment Racks
23275	kohler tailor large single basin stainless steel sink with large flora insert	Kitchen Sinks	Home Improvement / Kitchen Remodel & Kitchen Fixtures / Kitchen Sinks & Faucet Components / Kitchen Sinks / Farmhouse & Apron Kitchen Sinks
39164	wayfair basics tufted gripper barstool cushion set	Furniture Cushions	Kitchen & Tabletop / Tableware & Drinkware / Table & Kitchen Linens / Kitchen Linens / Chair & Seat Cushions / Barstool Chair & Seat Cushions
18520	huntkey wall mount outlet with dual 2.1 amp usb ports and outlets , gray ( 4 pack )	Switches, Dimmers & Outlets	Home Improvement / Hardware / Home Hardware / Switches, Dimmers & Outlets / Light Switches For Switches, Dimmers & Outlets
14521	calina teak patio dining chair	Patio Dining Chairs	Outdoor / Outdoor & Patio Furniture / Outdoor Seating & Patio Chairs / Patio Seating / Patio Dining Chairs / Wicker & Rattan Patio Dining Chairs
37419	11 owls mink blanket	Blankets And Throws	Décor & Pillows / Decorative Pillows & Blankets / Blankets & Throws / Polyester Blankets & Throws
19303	oversized 3 '' length rectangle knob multipack	Cabinet and Drawer Knobs	Home Improvement / Hardware / Cabinet Hardware / Cabinet & Drawer Knobs / Black Cabinet & Drawer Knobs
6744	amarillo - print on wood	Wall Art	Décor & Pillows / Art / All Wall Art / Orange Wall Art
16172	ge appliances smart 7.8 cu . ft. gas dryer with powersteam	Dryers	Appliances / Washers & Dryers / Dryers / All Dryers / Gas Dryers
1313	robiki 5 - piece bathroom hardware set	Bathroom Hardware Sets	Home Improvement / Bathroom Remodel & Bathroom Fixtures / Bathroom Hardware / Bathroom Hardware Sets / Black Bathroom Hardware Sets
42327	accessory type		Home Improvement / Kitchen Remodel & Kitchen Fixtures / Water Filtration
32672	dual outlet lp natural gas conversion kit	Grill Parts	Outdoor / Outdoor Cooking & Tableware / Grill Tools & Outdoor Cooking Accessories / Grill Add-ons / Gas Grill Grill Add-ons
30396	120 inch 16:9 projector screen movie projection screen for home cinema	Projector Screens	Furniture / Living Room Furniture / TV Stands & Media Storage Furniture / Projection Screens / Wall & Ceiling Mounted Projection Screens
10417	tilney wall mounted towel ring	Towel Rings	Home Improvement / Bathroom Remodel & Bathroom Fixtures / Towel Storage / Towel Rings
5214	celine tribal bohemian hair accessories bird feathers beads on string sketch digital print single shower curtain	Shower Curtains	Bed & Bath / Shower Curtains & Accessories / Shower Curtains & Shower Liners / Brown Shower Curtains & Shower Liners
21673	dart board cabinet in chocolate	Dartboards And Cabinets	Furniture / Game Tables & Game Room Furniture / Dartboards & Cabinets
10374	orono chest	Dressers & Chests	Furniture / Bedroom Furniture / Dressers & Chests
25980	windworn hickory 3/8 '' thick x 5 '' wide x varying length engineered hardwood flooring	Hardwood Flooring	Home Improvement / Flooring, Walls & Ceiling / Flooring / Hardwood Flooring / Hickory Hardwood Flooring
3444	800 series 30 '' electric cooktop with 4 burners with preciseselect	Cooktops	Appliances / Kitchen Appliances / Cooktops / All Cooktops / Electric Cooktops
32565	pimpimsky 10 '' medium memory foam mattress	Foam and Latex Mattresses	Bed & Bath / Mattresses & Foundations / Queen Mattresses
28829	airscape® kilo 1.87 qt . coffee jar	Canisters & Jars	Kitchen & Tabletop / Kitchen Organization / Food Storage & Canisters / Kitchen Canisters & Jars
3312	44 '' solid wood console table	Sofa & Console Tables	Furniture / Living Room Furniture / Console Tables / Beige Console Tables
17790	heim concept bamboo butcher block chopping board	Cutting Boards	Kitchen & Tabletop / Kitchen Utensils & Tools / Cutting Boards / Bamboo Cutting Boards
3414	atalya reclining folding beach chair	Lawn and Beach Chairs	Outdoor / Outdoor & Patio Furniture / Outdoor Seating & Patio Chairs / Beach & Lawn Chairs / Beach Chair Beach & Lawn Chairs
8313	wood audio rack	Audio Towers	Furniture / Living Room Furniture / TV Stands & Media Storage Furniture / Media Storage & Accessories / Audio Racks & Stands
